[2026-05-06T02:05:28.576+0000] {processor.py:161} INFO - Started process (PID=175) to work on /opt/airflow/dags/elt_pipeline.py
[2026-05-06T02:05:28.577+0000] {processor.py:830} INFO - Processing file /opt/airflow/dags/elt_pipeline.py for tasks to queue
[2026-05-06T02:05:28.579+0000] {logging_mixin.py:188} INFO - [2026-05-06T02:05:28.579+0000] {dagbag.py:545} INFO - Filling up the DagBag from /opt/airflow/dags/elt_pipeline.py
[2026-05-06T02:05:28.612+0000] {processor.py:840} INFO - DAG(s) 'elt_pipeline' retrieved from /opt/airflow/dags/elt_pipeline.py
[2026-05-06T02:05:28.914+0000] {logging_mixin.py:188} INFO - [2026-05-06T02:05:28.914+0000] {override.py:1829} INFO - Created Permission View: can read on DAG:elt_pipeline
[2026-05-06T02:05:28.923+0000] {logging_mixin.py:188} INFO - [2026-05-06T02:05:28.923+0000] {override.py:1829} INFO - Created Permission View: can edit on DAG:elt_pipeline
[2026-05-06T02:05:28.930+0000] {logging_mixin.py:188} INFO - [2026-05-06T02:05:28.929+0000] {override.py:1829} INFO - Created Permission View: can delete on DAG:elt_pipeline
[2026-05-06T02:05:28.930+0000] {logging_mixin.py:188} INFO - [2026-05-06T02:05:28.930+0000] {dag.py:3096} INFO - Sync 1 DAGs
[2026-05-06T02:05:28.938+0000] {logging_mixin.py:188} INFO - [2026-05-06T02:05:28.937+0000] {dag.py:3118} INFO - Creating ORM DAG for elt_pipeline
[2026-05-06T02:05:28.946+0000] {logging_mixin.py:188} INFO - [2026-05-06T02:05:28.945+0000] {dag.py:3954} INFO - Setting next_dagrun for elt_pipeline to 2026-05-05 00:00:00+00:00, run_after=2026-05-06 00:00:00+00:00
[2026-05-06T02:05:28.966+0000] {processor.py:183} INFO - Processing /opt/airflow/dags/elt_pipeline.py took 0.395 seconds
[2026-05-06T02:05:59.244+0000] {processor.py:161} INFO - Started process (PID=187) to work on /opt/airflow/dags/elt_pipeline.py
[2026-05-06T02:05:59.246+0000] {processor.py:830} INFO - Processing file /opt/airflow/dags/elt_pipeline.py for tasks to queue
[2026-05-06T02:05:59.248+0000] {logging_mixin.py:188} INFO - [2026-05-06T02:05:59.248+0000] {dagbag.py:545} INFO - Filling up the DagBag from /opt/airflow/dags/elt_pipeline.py
[2026-05-06T02:05:59.275+0000] {processor.py:840} INFO - DAG(s) 'elt_pipeline' retrieved from /opt/airflow/dags/elt_pipeline.py
[2026-05-06T02:05:59.310+0000] {logging_mixin.py:188} INFO - [2026-05-06T02:05:59.309+0000] {dag.py:3096} INFO - Sync 1 DAGs
[2026-05-06T02:05:59.330+0000] {logging_mixin.py:188} INFO - [2026-05-06T02:05:59.330+0000] {dag.py:3954} INFO - Setting next_dagrun for elt_pipeline to 2026-05-05 00:00:00+00:00, run_after=2026-05-06 00:00:00+00:00
[2026-05-06T02:05:59.361+0000] {processor.py:183} INFO - Processing /opt/airflow/dags/elt_pipeline.py took 0.124 seconds
[2026-05-06T02:06:29.532+0000] {processor.py:161} INFO - Started process (PID=199) to work on /opt/airflow/dags/elt_pipeline.py
[2026-05-06T02:06:29.533+0000] {processor.py:830} INFO - Processing file /opt/airflow/dags/elt_pipeline.py for tasks to queue
[2026-05-06T02:06:29.535+0000] {logging_mixin.py:188} INFO - [2026-05-06T02:06:29.534+0000] {dagbag.py:545} INFO - Filling up the DagBag from /opt/airflow/dags/elt_pipeline.py
[2026-05-06T02:06:29.557+0000] {processor.py:840} INFO - DAG(s) 'elt_pipeline' retrieved from /opt/airflow/dags/elt_pipeline.py
[2026-05-06T02:06:29.590+0000] {logging_mixin.py:188} INFO - [2026-05-06T02:06:29.589+0000] {dag.py:3096} INFO - Sync 1 DAGs
[2026-05-06T02:06:29.608+0000] {logging_mixin.py:188} INFO - [2026-05-06T02:06:29.608+0000] {dag.py:3954} INFO - Setting next_dagrun for elt_pipeline to 2026-05-05 00:00:00+00:00, run_after=2026-05-06 00:00:00+00:00
[2026-05-06T02:06:29.641+0000] {processor.py:183} INFO - Processing /opt/airflow/dags/elt_pipeline.py took 0.114 seconds
[2026-05-06T02:06:59.916+0000] {processor.py:161} INFO - Started process (PID=211) to work on /opt/airflow/dags/elt_pipeline.py
[2026-05-06T02:06:59.917+0000] {processor.py:830} INFO - Processing file /opt/airflow/dags/elt_pipeline.py for tasks to queue
[2026-05-06T02:06:59.920+0000] {logging_mixin.py:188} INFO - [2026-05-06T02:06:59.920+0000] {dagbag.py:545} INFO - Filling up the DagBag from /opt/airflow/dags/elt_pipeline.py
[2026-05-06T02:06:59.949+0000] {processor.py:840} INFO - DAG(s) 'elt_pipeline' retrieved from /opt/airflow/dags/elt_pipeline.py
[2026-05-06T02:06:59.979+0000] {logging_mixin.py:188} INFO - [2026-05-06T02:06:59.979+0000] {dag.py:3096} INFO - Sync 1 DAGs
[2026-05-06T02:07:00.107+0000] {logging_mixin.py:188} INFO - [2026-05-06T02:07:00.106+0000] {dag.py:3954} INFO - Setting next_dagrun for elt_pipeline to 2026-05-05 00:00:00+00:00, run_after=2026-05-06 00:00:00+00:00
[2026-05-06T02:07:00.131+0000] {processor.py:183} INFO - Processing /opt/airflow/dags/elt_pipeline.py took 0.220 seconds
[2026-05-06T02:07:30.201+0000] {processor.py:161} INFO - Started process (PID=223) to work on /opt/airflow/dags/elt_pipeline.py
[2026-05-06T02:07:30.203+0000] {processor.py:830} INFO - Processing file /opt/airflow/dags/elt_pipeline.py for tasks to queue
[2026-05-06T02:07:30.206+0000] {logging_mixin.py:188} INFO - [2026-05-06T02:07:30.205+0000] {dagbag.py:545} INFO - Filling up the DagBag from /opt/airflow/dags/elt_pipeline.py
[2026-05-06T02:07:30.235+0000] {processor.py:840} INFO - DAG(s) 'elt_pipeline' retrieved from /opt/airflow/dags/elt_pipeline.py
[2026-05-06T02:07:30.371+0000] {logging_mixin.py:188} INFO - [2026-05-06T02:07:30.371+0000] {dag.py:3096} INFO - Sync 1 DAGs
[2026-05-06T02:07:30.387+0000] {logging_mixin.py:188} INFO - [2026-05-06T02:07:30.387+0000] {dag.py:3954} INFO - Setting next_dagrun for elt_pipeline to 2026-05-05 00:00:00+00:00, run_after=2026-05-06 00:00:00+00:00
[2026-05-06T02:07:30.419+0000] {processor.py:183} INFO - Processing /opt/airflow/dags/elt_pipeline.py took 0.225 seconds
[2026-05-06T02:08:00.712+0000] {processor.py:161} INFO - Started process (PID=235) to work on /opt/airflow/dags/elt_pipeline.py
[2026-05-06T02:08:00.714+0000] {processor.py:830} INFO - Processing file /opt/airflow/dags/elt_pipeline.py for tasks to queue
[2026-05-06T02:08:00.716+0000] {logging_mixin.py:188} INFO - [2026-05-06T02:08:00.716+0000] {dagbag.py:545} INFO - Filling up the DagBag from /opt/airflow/dags/elt_pipeline.py
[2026-05-06T02:08:00.848+0000] {processor.py:840} INFO - DAG(s) 'elt_pipeline' retrieved from /opt/airflow/dags/elt_pipeline.py
[2026-05-06T02:08:00.882+0000] {logging_mixin.py:188} INFO - [2026-05-06T02:08:00.882+0000] {dag.py:3096} INFO - Sync 1 DAGs
[2026-05-06T02:08:00.904+0000] {logging_mixin.py:188} INFO - [2026-05-06T02:08:00.904+0000] {dag.py:3954} INFO - Setting next_dagrun for elt_pipeline to 2026-05-05 00:00:00+00:00, run_after=2026-05-06 00:00:00+00:00
[2026-05-06T02:08:00.933+0000] {processor.py:183} INFO - Processing /opt/airflow/dags/elt_pipeline.py took 0.227 seconds
[2026-05-06T02:08:31.336+0000] {processor.py:161} INFO - Started process (PID=247) to work on /opt/airflow/dags/elt_pipeline.py
[2026-05-06T02:08:31.338+0000] {processor.py:830} INFO - Processing file /opt/airflow/dags/elt_pipeline.py for tasks to queue
[2026-05-06T02:08:31.341+0000] {logging_mixin.py:188} INFO - [2026-05-06T02:08:31.341+0000] {dagbag.py:545} INFO - Filling up the DagBag from /opt/airflow/dags/elt_pipeline.py
[2026-05-06T02:08:31.368+0000] {processor.py:840} INFO - DAG(s) 'elt_pipeline' retrieved from /opt/airflow/dags/elt_pipeline.py
[2026-05-06T02:08:31.406+0000] {logging_mixin.py:188} INFO - [2026-05-06T02:08:31.406+0000] {dag.py:3096} INFO - Sync 1 DAGs
[2026-05-06T02:08:31.430+0000] {logging_mixin.py:188} INFO - [2026-05-06T02:08:31.429+0000] {dag.py:3954} INFO - Setting next_dagrun for elt_pipeline to 2026-05-05 00:00:00+00:00, run_after=2026-05-06 00:00:00+00:00
[2026-05-06T02:08:31.462+0000] {processor.py:183} INFO - Processing /opt/airflow/dags/elt_pipeline.py took 0.130 seconds
[2026-05-06T02:09:01.633+0000] {processor.py:161} INFO - Started process (PID=259) to work on /opt/airflow/dags/elt_pipeline.py
[2026-05-06T02:09:01.634+0000] {processor.py:830} INFO - Processing file /opt/airflow/dags/elt_pipeline.py for tasks to queue
[2026-05-06T02:09:01.636+0000] {logging_mixin.py:188} INFO - [2026-05-06T02:09:01.635+0000] {dagbag.py:545} INFO - Filling up the DagBag from /opt/airflow/dags/elt_pipeline.py
[2026-05-06T02:09:01.659+0000] {processor.py:840} INFO - DAG(s) 'elt_pipeline' retrieved from /opt/airflow/dags/elt_pipeline.py
[2026-05-06T02:09:01.687+0000] {logging_mixin.py:188} INFO - [2026-05-06T02:09:01.687+0000] {dag.py:3096} INFO - Sync 1 DAGs
[2026-05-06T02:09:01.707+0000] {logging_mixin.py:188} INFO - [2026-05-06T02:09:01.706+0000] {dag.py:3954} INFO - Setting next_dagrun for elt_pipeline to 2026-05-05 00:00:00+00:00, run_after=2026-05-06 00:00:00+00:00
[2026-05-06T02:09:01.725+0000] {processor.py:183} INFO - Processing /opt/airflow/dags/elt_pipeline.py took 0.099 seconds
[2026-05-06T02:09:31.996+0000] {processor.py:161} INFO - Started process (PID=271) to work on /opt/airflow/dags/elt_pipeline.py
[2026-05-06T02:09:31.997+0000] {processor.py:830} INFO - Processing file /opt/airflow/dags/elt_pipeline.py for tasks to queue
[2026-05-06T02:09:31.999+0000] {logging_mixin.py:188} INFO - [2026-05-06T02:09:31.998+0000] {dagbag.py:545} INFO - Filling up the DagBag from /opt/airflow/dags/elt_pipeline.py
[2026-05-06T02:09:32.016+0000] {processor.py:840} INFO - DAG(s) 'elt_pipeline' retrieved from /opt/airflow/dags/elt_pipeline.py
[2026-05-06T02:09:32.048+0000] {logging_mixin.py:188} INFO - [2026-05-06T02:09:32.048+0000] {dag.py:3096} INFO - Sync 1 DAGs
[2026-05-06T02:09:32.068+0000] {logging_mixin.py:188} INFO - [2026-05-06T02:09:32.068+0000] {dag.py:3954} INFO - Setting next_dagrun for elt_pipeline to 2026-05-05 00:00:00+00:00, run_after=2026-05-06 00:00:00+00:00
[2026-05-06T02:09:32.093+0000] {processor.py:183} INFO - Processing /opt/airflow/dags/elt_pipeline.py took 0.101 seconds
[2026-05-06T02:10:02.267+0000] {processor.py:161} INFO - Started process (PID=283) to work on /opt/airflow/dags/elt_pipeline.py
[2026-05-06T02:10:02.268+0000] {processor.py:830} INFO - Processing file /opt/airflow/dags/elt_pipeline.py for tasks to queue
[2026-05-06T02:10:02.269+0000] {logging_mixin.py:188} INFO - [2026-05-06T02:10:02.269+0000] {dagbag.py:545} INFO - Filling up the DagBag from /opt/airflow/dags/elt_pipeline.py
[2026-05-06T02:10:02.287+0000] {processor.py:840} INFO - DAG(s) 'elt_pipeline' retrieved from /opt/airflow/dags/elt_pipeline.py
[2026-05-06T02:10:02.312+0000] {logging_mixin.py:188} INFO - [2026-05-06T02:10:02.311+0000] {dag.py:3096} INFO - Sync 1 DAGs
[2026-05-06T02:10:02.329+0000] {logging_mixin.py:188} INFO - [2026-05-06T02:10:02.329+0000] {dag.py:3954} INFO - Setting next_dagrun for elt_pipeline to 2026-05-05 00:00:00+00:00, run_after=2026-05-06 00:00:00+00:00
[2026-05-06T02:10:02.352+0000] {processor.py:183} INFO - Processing /opt/airflow/dags/elt_pipeline.py took 0.090 seconds
[2026-05-06T02:10:32.608+0000] {processor.py:161} INFO - Started process (PID=295) to work on /opt/airflow/dags/elt_pipeline.py
[2026-05-06T02:10:32.609+0000] {processor.py:830} INFO - Processing file /opt/airflow/dags/elt_pipeline.py for tasks to queue
[2026-05-06T02:10:32.611+0000] {logging_mixin.py:188} INFO - [2026-05-06T02:10:32.611+0000] {dagbag.py:545} INFO - Filling up the DagBag from /opt/airflow/dags/elt_pipeline.py
[2026-05-06T02:10:32.629+0000] {processor.py:840} INFO - DAG(s) 'elt_pipeline' retrieved from /opt/airflow/dags/elt_pipeline.py
[2026-05-06T02:10:32.662+0000] {logging_mixin.py:188} INFO - [2026-05-06T02:10:32.662+0000] {dag.py:3096} INFO - Sync 1 DAGs
[2026-05-06T02:10:32.682+0000] {logging_mixin.py:188} INFO - [2026-05-06T02:10:32.682+0000] {dag.py:3954} INFO - Setting next_dagrun for elt_pipeline to 2026-05-05 00:00:00+00:00, run_after=2026-05-06 00:00:00+00:00
[2026-05-06T02:10:32.705+0000] {processor.py:183} INFO - Processing /opt/airflow/dags/elt_pipeline.py took 0.101 seconds
[2026-05-06T02:11:02.866+0000] {processor.py:161} INFO - Started process (PID=307) to work on /opt/airflow/dags/elt_pipeline.py
[2026-05-06T02:11:02.867+0000] {processor.py:830} INFO - Processing file /opt/airflow/dags/elt_pipeline.py for tasks to queue
[2026-05-06T02:11:02.868+0000] {logging_mixin.py:188} INFO - [2026-05-06T02:11:02.868+0000] {dagbag.py:545} INFO - Filling up the DagBag from /opt/airflow/dags/elt_pipeline.py
[2026-05-06T02:11:02.889+0000] {processor.py:840} INFO - DAG(s) 'elt_pipeline' retrieved from /opt/airflow/dags/elt_pipeline.py
[2026-05-06T02:11:02.921+0000] {logging_mixin.py:188} INFO - [2026-05-06T02:11:02.920+0000] {dag.py:3096} INFO - Sync 1 DAGs
[2026-05-06T02:11:02.943+0000] {logging_mixin.py:188} INFO - [2026-05-06T02:11:02.943+0000] {dag.py:3954} INFO - Setting next_dagrun for elt_pipeline to 2026-05-05 00:00:00+00:00, run_after=2026-05-06 00:00:00+00:00
[2026-05-06T02:11:02.967+0000] {processor.py:183} INFO - Processing /opt/airflow/dags/elt_pipeline.py took 0.106 seconds
[2026-05-06T02:11:33.203+0000] {processor.py:161} INFO - Started process (PID=319) to work on /opt/airflow/dags/elt_pipeline.py
[2026-05-06T02:11:33.204+0000] {processor.py:830} INFO - Processing file /opt/airflow/dags/elt_pipeline.py for tasks to queue
[2026-05-06T02:11:33.206+0000] {logging_mixin.py:188} INFO - [2026-05-06T02:11:33.206+0000] {dagbag.py:545} INFO - Filling up the DagBag from /opt/airflow/dags/elt_pipeline.py
[2026-05-06T02:11:33.225+0000] {processor.py:840} INFO - DAG(s) 'elt_pipeline' retrieved from /opt/airflow/dags/elt_pipeline.py
[2026-05-06T02:11:33.258+0000] {logging_mixin.py:188} INFO - [2026-05-06T02:11:33.257+0000] {dag.py:3096} INFO - Sync 1 DAGs
[2026-05-06T02:11:33.279+0000] {logging_mixin.py:188} INFO - [2026-05-06T02:11:33.279+0000] {dag.py:3954} INFO - Setting next_dagrun for elt_pipeline to 2026-05-05 00:00:00+00:00, run_after=2026-05-06 00:00:00+00:00
[2026-05-06T02:11:33.308+0000] {processor.py:183} INFO - Processing /opt/airflow/dags/elt_pipeline.py took 0.109 seconds
[2026-05-06T02:12:03.489+0000] {processor.py:161} INFO - Started process (PID=331) to work on /opt/airflow/dags/elt_pipeline.py
[2026-05-06T02:12:03.490+0000] {processor.py:830} INFO - Processing file /opt/airflow/dags/elt_pipeline.py for tasks to queue
[2026-05-06T02:12:03.491+0000] {logging_mixin.py:188} INFO - [2026-05-06T02:12:03.491+0000] {dagbag.py:545} INFO - Filling up the DagBag from /opt/airflow/dags/elt_pipeline.py
[2026-05-06T02:12:03.518+0000] {processor.py:840} INFO - DAG(s) 'elt_pipeline' retrieved from /opt/airflow/dags/elt_pipeline.py
[2026-05-06T02:12:03.554+0000] {logging_mixin.py:188} INFO - [2026-05-06T02:12:03.553+0000] {dag.py:3096} INFO - Sync 1 DAGs
[2026-05-06T02:12:03.578+0000] {logging_mixin.py:188} INFO - [2026-05-06T02:12:03.577+0000] {dag.py:3954} INFO - Setting next_dagrun for elt_pipeline to 2026-05-05 00:00:00+00:00, run_after=2026-05-06 00:00:00+00:00
[2026-05-06T02:12:03.606+0000] {processor.py:183} INFO - Processing /opt/airflow/dags/elt_pipeline.py took 0.122 seconds
[2026-05-06T02:12:33.873+0000] {processor.py:161} INFO - Started process (PID=343) to work on /opt/airflow/dags/elt_pipeline.py
[2026-05-06T02:12:33.873+0000] {processor.py:830} INFO - Processing file /opt/airflow/dags/elt_pipeline.py for tasks to queue
[2026-05-06T02:12:33.875+0000] {logging_mixin.py:188} INFO - [2026-05-06T02:12:33.875+0000] {dagbag.py:545} INFO - Filling up the DagBag from /opt/airflow/dags/elt_pipeline.py
[2026-05-06T02:12:33.895+0000] {processor.py:840} INFO - DAG(s) 'elt_pipeline' retrieved from /opt/airflow/dags/elt_pipeline.py
[2026-05-06T02:12:33.929+0000] {logging_mixin.py:188} INFO - [2026-05-06T02:12:33.929+0000] {dag.py:3096} INFO - Sync 1 DAGs
[2026-05-06T02:12:33.948+0000] {logging_mixin.py:188} INFO - [2026-05-06T02:12:33.948+0000] {dag.py:3954} INFO - Setting next_dagrun for elt_pipeline to 2026-05-05 00:00:00+00:00, run_after=2026-05-06 00:00:00+00:00
[2026-05-06T02:12:33.968+0000] {processor.py:183} INFO - Processing /opt/airflow/dags/elt_pipeline.py took 0.099 seconds
[2026-05-06T02:13:04.140+0000] {processor.py:161} INFO - Started process (PID=355) to work on /opt/airflow/dags/elt_pipeline.py
[2026-05-06T02:13:04.141+0000] {processor.py:830} INFO - Processing file /opt/airflow/dags/elt_pipeline.py for tasks to queue
[2026-05-06T02:13:04.143+0000] {logging_mixin.py:188} INFO - [2026-05-06T02:13:04.143+0000] {dagbag.py:545} INFO - Filling up the DagBag from /opt/airflow/dags/elt_pipeline.py
[2026-05-06T02:13:04.162+0000] {processor.py:840} INFO - DAG(s) 'elt_pipeline' retrieved from /opt/airflow/dags/elt_pipeline.py
[2026-05-06T02:13:04.195+0000] {logging_mixin.py:188} INFO - [2026-05-06T02:13:04.195+0000] {dag.py:3096} INFO - Sync 1 DAGs
[2026-05-06T02:13:04.216+0000] {logging_mixin.py:188} INFO - [2026-05-06T02:13:04.216+0000] {dag.py:3954} INFO - Setting next_dagrun for elt_pipeline to 2026-05-05 00:00:00+00:00, run_after=2026-05-06 00:00:00+00:00
[2026-05-06T02:13:04.236+0000] {processor.py:183} INFO - Processing /opt/airflow/dags/elt_pipeline.py took 0.102 seconds
[2026-05-06T02:13:34.465+0000] {processor.py:161} INFO - Started process (PID=367) to work on /opt/airflow/dags/elt_pipeline.py
[2026-05-06T02:13:34.466+0000] {processor.py:830} INFO - Processing file /opt/airflow/dags/elt_pipeline.py for tasks to queue
[2026-05-06T02:13:34.468+0000] {logging_mixin.py:188} INFO - [2026-05-06T02:13:34.467+0000] {dagbag.py:545} INFO - Filling up the DagBag from /opt/airflow/dags/elt_pipeline.py
[2026-05-06T02:13:34.489+0000] {processor.py:840} INFO - DAG(s) 'elt_pipeline' retrieved from /opt/airflow/dags/elt_pipeline.py
[2026-05-06T02:13:34.517+0000] {logging_mixin.py:188} INFO - [2026-05-06T02:13:34.517+0000] {dag.py:3096} INFO - Sync 1 DAGs
[2026-05-06T02:13:34.536+0000] {logging_mixin.py:188} INFO - [2026-05-06T02:13:34.536+0000] {dag.py:3954} INFO - Setting next_dagrun for elt_pipeline to 2026-05-05 00:00:00+00:00, run_after=2026-05-06 00:00:00+00:00
[2026-05-06T02:13:34.557+0000] {processor.py:183} INFO - Processing /opt/airflow/dags/elt_pipeline.py took 0.099 seconds
[2026-05-06T02:14:04.709+0000] {processor.py:161} INFO - Started process (PID=379) to work on /opt/airflow/dags/elt_pipeline.py
[2026-05-06T02:14:04.710+0000] {processor.py:830} INFO - Processing file /opt/airflow/dags/elt_pipeline.py for tasks to queue
[2026-05-06T02:14:04.711+0000] {logging_mixin.py:188} INFO - [2026-05-06T02:14:04.711+0000] {dagbag.py:545} INFO - Filling up the DagBag from /opt/airflow/dags/elt_pipeline.py
[2026-05-06T02:14:04.729+0000] {processor.py:840} INFO - DAG(s) 'elt_pipeline' retrieved from /opt/airflow/dags/elt_pipeline.py
[2026-05-06T02:14:04.760+0000] {logging_mixin.py:188} INFO - [2026-05-06T02:14:04.760+0000] {dag.py:3096} INFO - Sync 1 DAGs
[2026-05-06T02:14:04.777+0000] {logging_mixin.py:188} INFO - [2026-05-06T02:14:04.777+0000] {dag.py:3954} INFO - Setting next_dagrun for elt_pipeline to 2026-05-05 00:00:00+00:00, run_after=2026-05-06 00:00:00+00:00
[2026-05-06T02:14:04.800+0000] {processor.py:183} INFO - Processing /opt/airflow/dags/elt_pipeline.py took 0.095 seconds
[2026-05-06T02:14:35.048+0000] {processor.py:161} INFO - Started process (PID=391) to work on /opt/airflow/dags/elt_pipeline.py
[2026-05-06T02:14:35.049+0000] {processor.py:830} INFO - Processing file /opt/airflow/dags/elt_pipeline.py for tasks to queue
[2026-05-06T02:14:35.051+0000] {logging_mixin.py:188} INFO - [2026-05-06T02:14:35.050+0000] {dagbag.py:545} INFO - Filling up the DagBag from /opt/airflow/dags/elt_pipeline.py
[2026-05-06T02:14:35.072+0000] {processor.py:840} INFO - DAG(s) 'elt_pipeline' retrieved from /opt/airflow/dags/elt_pipeline.py
[2026-05-06T02:14:35.101+0000] {logging_mixin.py:188} INFO - [2026-05-06T02:14:35.101+0000] {dag.py:3096} INFO - Sync 1 DAGs
[2026-05-06T02:14:35.121+0000] {logging_mixin.py:188} INFO - [2026-05-06T02:14:35.121+0000] {dag.py:3954} INFO - Setting next_dagrun for elt_pipeline to 2026-05-05 00:00:00+00:00, run_after=2026-05-06 00:00:00+00:00
[2026-05-06T02:14:35.147+0000] {processor.py:183} INFO - Processing /opt/airflow/dags/elt_pipeline.py took 0.104 seconds
[2026-05-06T02:15:05.326+0000] {processor.py:161} INFO - Started process (PID=396) to work on /opt/airflow/dags/elt_pipeline.py
[2026-05-06T02:15:05.326+0000] {processor.py:830} INFO - Processing file /opt/airflow/dags/elt_pipeline.py for tasks to queue
[2026-05-06T02:15:05.328+0000] {logging_mixin.py:188} INFO - [2026-05-06T02:15:05.328+0000] {dagbag.py:545} INFO - Filling up the DagBag from /opt/airflow/dags/elt_pipeline.py
[2026-05-06T02:15:05.349+0000] {processor.py:840} INFO - DAG(s) 'elt_pipeline' retrieved from /opt/airflow/dags/elt_pipeline.py
[2026-05-06T02:15:05.378+0000] {logging_mixin.py:188} INFO - [2026-05-06T02:15:05.378+0000] {dag.py:3096} INFO - Sync 1 DAGs
[2026-05-06T02:15:05.396+0000] {logging_mixin.py:188} INFO - [2026-05-06T02:15:05.395+0000] {dag.py:3954} INFO - Setting next_dagrun for elt_pipeline to 2026-05-05 00:00:00+00:00, run_after=2026-05-06 00:00:00+00:00
[2026-05-06T02:15:05.421+0000] {processor.py:183} INFO - Processing /opt/airflow/dags/elt_pipeline.py took 0.101 seconds
[2026-05-06T02:15:35.740+0000] {processor.py:161} INFO - Started process (PID=408) to work on /opt/airflow/dags/elt_pipeline.py
[2026-05-06T02:15:35.741+0000] {processor.py:830} INFO - Processing file /opt/airflow/dags/elt_pipeline.py for tasks to queue
[2026-05-06T02:15:35.743+0000] {logging_mixin.py:188} INFO - [2026-05-06T02:15:35.742+0000] {dagbag.py:545} INFO - Filling up the DagBag from /opt/airflow/dags/elt_pipeline.py
[2026-05-06T02:15:35.763+0000] {processor.py:840} INFO - DAG(s) 'elt_pipeline' retrieved from /opt/airflow/dags/elt_pipeline.py
[2026-05-06T02:15:35.789+0000] {logging_mixin.py:188} INFO - [2026-05-06T02:15:35.789+0000] {dag.py:3096} INFO - Sync 1 DAGs
[2026-05-06T02:15:35.813+0000] {logging_mixin.py:188} INFO - [2026-05-06T02:15:35.813+0000] {dag.py:3954} INFO - Setting next_dagrun for elt_pipeline to 2026-05-05 00:00:00+00:00, run_after=2026-05-06 00:00:00+00:00
[2026-05-06T02:15:35.846+0000] {processor.py:183} INFO - Processing /opt/airflow/dags/elt_pipeline.py took 0.110 seconds
[2026-05-06T02:16:05.956+0000] {processor.py:161} INFO - Started process (PID=420) to work on /opt/airflow/dags/elt_pipeline.py
[2026-05-06T02:16:05.956+0000] {processor.py:830} INFO - Processing file /opt/airflow/dags/elt_pipeline.py for tasks to queue
[2026-05-06T02:16:05.959+0000] {logging_mixin.py:188} INFO - [2026-05-06T02:16:05.958+0000] {dagbag.py:545} INFO - Filling up the DagBag from /opt/airflow/dags/elt_pipeline.py
[2026-05-06T02:16:05.978+0000] {processor.py:840} INFO - DAG(s) 'elt_pipeline' retrieved from /opt/airflow/dags/elt_pipeline.py
[2026-05-06T02:16:06.010+0000] {logging_mixin.py:188} INFO - [2026-05-06T02:16:06.010+0000] {dag.py:3096} INFO - Sync 1 DAGs
[2026-05-06T02:16:06.033+0000] {logging_mixin.py:188} INFO - [2026-05-06T02:16:06.033+0000] {dag.py:3954} INFO - Setting next_dagrun for elt_pipeline to 2026-05-05 00:00:00+00:00, run_after=2026-05-06 00:00:00+00:00
[2026-05-06T02:16:06.062+0000] {processor.py:183} INFO - Processing /opt/airflow/dags/elt_pipeline.py took 0.111 seconds
[2026-05-06T02:16:36.317+0000] {processor.py:161} INFO - Started process (PID=432) to work on /opt/airflow/dags/elt_pipeline.py
[2026-05-06T02:16:36.317+0000] {processor.py:830} INFO - Processing file /opt/airflow/dags/elt_pipeline.py for tasks to queue
[2026-05-06T02:16:36.319+0000] {logging_mixin.py:188} INFO - [2026-05-06T02:16:36.318+0000] {dagbag.py:545} INFO - Filling up the DagBag from /opt/airflow/dags/elt_pipeline.py
[2026-05-06T02:16:36.341+0000] {processor.py:840} INFO - DAG(s) 'elt_pipeline' retrieved from /opt/airflow/dags/elt_pipeline.py
[2026-05-06T02:16:36.378+0000] {logging_mixin.py:188} INFO - [2026-05-06T02:16:36.378+0000] {dag.py:3096} INFO - Sync 1 DAGs
[2026-05-06T02:16:36.398+0000] {logging_mixin.py:188} INFO - [2026-05-06T02:16:36.398+0000] {dag.py:3954} INFO - Setting next_dagrun for elt_pipeline to 2026-05-05 00:00:00+00:00, run_after=2026-05-06 00:00:00+00:00
[2026-05-06T02:16:36.418+0000] {processor.py:183} INFO - Processing /opt/airflow/dags/elt_pipeline.py took 0.106 seconds
[2026-05-06T02:17:06.586+0000] {processor.py:161} INFO - Started process (PID=444) to work on /opt/airflow/dags/elt_pipeline.py
[2026-05-06T02:17:06.587+0000] {processor.py:830} INFO - Processing file /opt/airflow/dags/elt_pipeline.py for tasks to queue
[2026-05-06T02:17:06.588+0000] {logging_mixin.py:188} INFO - [2026-05-06T02:17:06.588+0000] {dagbag.py:545} INFO - Filling up the DagBag from /opt/airflow/dags/elt_pipeline.py
[2026-05-06T02:17:06.606+0000] {processor.py:840} INFO - DAG(s) 'elt_pipeline' retrieved from /opt/airflow/dags/elt_pipeline.py
[2026-05-06T02:17:06.637+0000] {logging_mixin.py:188} INFO - [2026-05-06T02:17:06.637+0000] {dag.py:3096} INFO - Sync 1 DAGs
[2026-05-06T02:17:06.659+0000] {logging_mixin.py:188} INFO - [2026-05-06T02:17:06.659+0000] {dag.py:3954} INFO - Setting next_dagrun for elt_pipeline to 2026-05-05 00:00:00+00:00, run_after=2026-05-06 00:00:00+00:00
[2026-05-06T02:17:06.690+0000] {processor.py:183} INFO - Processing /opt/airflow/dags/elt_pipeline.py took 0.108 seconds
[2026-05-06T02:17:36.934+0000] {processor.py:161} INFO - Started process (PID=456) to work on /opt/airflow/dags/elt_pipeline.py
[2026-05-06T02:17:36.935+0000] {processor.py:830} INFO - Processing file /opt/airflow/dags/elt_pipeline.py for tasks to queue
[2026-05-06T02:17:36.936+0000] {logging_mixin.py:188} INFO - [2026-05-06T02:17:36.936+0000] {dagbag.py:545} INFO - Filling up the DagBag from /opt/airflow/dags/elt_pipeline.py
[2026-05-06T02:17:36.953+0000] {processor.py:840} INFO - DAG(s) 'elt_pipeline' retrieved from /opt/airflow/dags/elt_pipeline.py
[2026-05-06T02:17:36.981+0000] {logging_mixin.py:188} INFO - [2026-05-06T02:17:36.980+0000] {dag.py:3096} INFO - Sync 1 DAGs
[2026-05-06T02:17:37.001+0000] {logging_mixin.py:188} INFO - [2026-05-06T02:17:37.000+0000] {dag.py:3954} INFO - Setting next_dagrun for elt_pipeline to 2026-05-05 00:00:00+00:00, run_after=2026-05-06 00:00:00+00:00
[2026-05-06T02:17:37.031+0000] {processor.py:183} INFO - Processing /opt/airflow/dags/elt_pipeline.py took 0.101 seconds
[2026-05-06T02:18:07.182+0000] {processor.py:161} INFO - Started process (PID=468) to work on /opt/airflow/dags/elt_pipeline.py
[2026-05-06T02:18:07.183+0000] {processor.py:830} INFO - Processing file /opt/airflow/dags/elt_pipeline.py for tasks to queue
[2026-05-06T02:18:07.185+0000] {logging_mixin.py:188} INFO - [2026-05-06T02:18:07.185+0000] {dagbag.py:545} INFO - Filling up the DagBag from /opt/airflow/dags/elt_pipeline.py
[2026-05-06T02:18:07.205+0000] {processor.py:840} INFO - DAG(s) 'elt_pipeline' retrieved from /opt/airflow/dags/elt_pipeline.py
[2026-05-06T02:18:07.235+0000] {logging_mixin.py:188} INFO - [2026-05-06T02:18:07.235+0000] {dag.py:3096} INFO - Sync 1 DAGs
[2026-05-06T02:18:07.256+0000] {logging_mixin.py:188} INFO - [2026-05-06T02:18:07.256+0000] {dag.py:3954} INFO - Setting next_dagrun for elt_pipeline to 2026-05-05 00:00:00+00:00, run_after=2026-05-06 00:00:00+00:00
[2026-05-06T02:18:07.288+0000] {processor.py:183} INFO - Processing /opt/airflow/dags/elt_pipeline.py took 0.111 seconds
[2026-05-06T02:18:37.466+0000] {processor.py:161} INFO - Started process (PID=480) to work on /opt/airflow/dags/elt_pipeline.py
[2026-05-06T02:18:37.467+0000] {processor.py:830} INFO - Processing file /opt/airflow/dags/elt_pipeline.py for tasks to queue
[2026-05-06T02:18:37.469+0000] {logging_mixin.py:188} INFO - [2026-05-06T02:18:37.468+0000] {dagbag.py:545} INFO - Filling up the DagBag from /opt/airflow/dags/elt_pipeline.py
[2026-05-06T02:18:37.487+0000] {processor.py:840} INFO - DAG(s) 'elt_pipeline' retrieved from /opt/airflow/dags/elt_pipeline.py
[2026-05-06T02:18:37.512+0000] {logging_mixin.py:188} INFO - [2026-05-06T02:18:37.512+0000] {dag.py:3096} INFO - Sync 1 DAGs
[2026-05-06T02:18:37.532+0000] {logging_mixin.py:188} INFO - [2026-05-06T02:18:37.531+0000] {dag.py:3954} INFO - Setting next_dagrun for elt_pipeline to 2026-05-05 00:00:00+00:00, run_after=2026-05-06 00:00:00+00:00
[2026-05-06T02:18:37.554+0000] {processor.py:183} INFO - Processing /opt/airflow/dags/elt_pipeline.py took 0.092 seconds
[2026-05-06T02:19:07.711+0000] {processor.py:161} INFO - Started process (PID=492) to work on /opt/airflow/dags/elt_pipeline.py
[2026-05-06T02:19:07.712+0000] {processor.py:830} INFO - Processing file /opt/airflow/dags/elt_pipeline.py for tasks to queue
[2026-05-06T02:19:07.713+0000] {logging_mixin.py:188} INFO - [2026-05-06T02:19:07.713+0000] {dagbag.py:545} INFO - Filling up the DagBag from /opt/airflow/dags/elt_pipeline.py
[2026-05-06T02:19:07.733+0000] {processor.py:840} INFO - DAG(s) 'elt_pipeline' retrieved from /opt/airflow/dags/elt_pipeline.py
[2026-05-06T02:19:07.762+0000] {logging_mixin.py:188} INFO - [2026-05-06T02:19:07.761+0000] {dag.py:3096} INFO - Sync 1 DAGs
[2026-05-06T02:19:07.781+0000] {logging_mixin.py:188} INFO - [2026-05-06T02:19:07.781+0000] {dag.py:3954} INFO - Setting next_dagrun for elt_pipeline to 2026-05-05 00:00:00+00:00, run_after=2026-05-06 00:00:00+00:00
[2026-05-06T02:19:07.810+0000] {processor.py:183} INFO - Processing /opt/airflow/dags/elt_pipeline.py took 0.103 seconds
[2026-05-06T02:19:38.009+0000] {processor.py:161} INFO - Started process (PID=504) to work on /opt/airflow/dags/elt_pipeline.py
[2026-05-06T02:19:38.010+0000] {processor.py:830} INFO - Processing file /opt/airflow/dags/elt_pipeline.py for tasks to queue
[2026-05-06T02:19:38.013+0000] {logging_mixin.py:188} INFO - [2026-05-06T02:19:38.012+0000] {dagbag.py:545} INFO - Filling up the DagBag from /opt/airflow/dags/elt_pipeline.py
[2026-05-06T02:19:38.045+0000] {processor.py:840} INFO - DAG(s) 'elt_pipeline' retrieved from /opt/airflow/dags/elt_pipeline.py
[2026-05-06T02:19:38.096+0000] {logging_mixin.py:188} INFO - [2026-05-06T02:19:38.095+0000] {dag.py:3096} INFO - Sync 1 DAGs
[2026-05-06T02:19:38.131+0000] {logging_mixin.py:188} INFO - [2026-05-06T02:19:38.129+0000] {dag.py:3954} INFO - Setting next_dagrun for elt_pipeline to 2026-05-05 00:00:00+00:00, run_after=2026-05-06 00:00:00+00:00
[2026-05-06T02:19:38.163+0000] {processor.py:183} INFO - Processing /opt/airflow/dags/elt_pipeline.py took 0.166 seconds
[2026-05-06T02:20:08.227+0000] {processor.py:161} INFO - Started process (PID=516) to work on /opt/airflow/dags/elt_pipeline.py
[2026-05-06T02:20:08.227+0000] {processor.py:830} INFO - Processing file /opt/airflow/dags/elt_pipeline.py for tasks to queue
[2026-05-06T02:20:08.229+0000] {logging_mixin.py:188} INFO - [2026-05-06T02:20:08.229+0000] {dagbag.py:545} INFO - Filling up the DagBag from /opt/airflow/dags/elt_pipeline.py
[2026-05-06T02:20:08.249+0000] {processor.py:840} INFO - DAG(s) 'elt_pipeline' retrieved from /opt/airflow/dags/elt_pipeline.py
[2026-05-06T02:20:08.277+0000] {logging_mixin.py:188} INFO - [2026-05-06T02:20:08.277+0000] {dag.py:3096} INFO - Sync 1 DAGs
[2026-05-06T02:20:08.296+0000] {logging_mixin.py:188} INFO - [2026-05-06T02:20:08.296+0000] {dag.py:3954} INFO - Setting next_dagrun for elt_pipeline to 2026-05-05 00:00:00+00:00, run_after=2026-05-06 00:00:00+00:00
[2026-05-06T02:20:08.321+0000] {processor.py:183} INFO - Processing /opt/airflow/dags/elt_pipeline.py took 0.099 seconds
[2026-05-06T02:20:38.467+0000] {processor.py:161} INFO - Started process (PID=528) to work on /opt/airflow/dags/elt_pipeline.py
[2026-05-06T02:20:38.468+0000] {processor.py:830} INFO - Processing file /opt/airflow/dags/elt_pipeline.py for tasks to queue
[2026-05-06T02:20:38.470+0000] {logging_mixin.py:188} INFO - [2026-05-06T02:20:38.470+0000] {dagbag.py:545} INFO - Filling up the DagBag from /opt/airflow/dags/elt_pipeline.py
[2026-05-06T02:20:38.514+0000] {processor.py:840} INFO - DAG(s) 'elt_pipeline' retrieved from /opt/airflow/dags/elt_pipeline.py
[2026-05-06T02:20:38.555+0000] {logging_mixin.py:188} INFO - [2026-05-06T02:20:38.555+0000] {dag.py:3096} INFO - Sync 1 DAGs
[2026-05-06T02:20:38.588+0000] {logging_mixin.py:188} INFO - [2026-05-06T02:20:38.587+0000] {dag.py:3954} INFO - Setting next_dagrun for elt_pipeline to 2026-05-05 00:00:00+00:00, run_after=2026-05-06 00:00:00+00:00
[2026-05-06T02:20:38.626+0000] {processor.py:183} INFO - Processing /opt/airflow/dags/elt_pipeline.py took 0.167 seconds
[2026-05-06T02:21:08.738+0000] {processor.py:161} INFO - Started process (PID=540) to work on /opt/airflow/dags/elt_pipeline.py
[2026-05-06T02:21:08.738+0000] {processor.py:830} INFO - Processing file /opt/airflow/dags/elt_pipeline.py for tasks to queue
[2026-05-06T02:21:08.740+0000] {logging_mixin.py:188} INFO - [2026-05-06T02:21:08.740+0000] {dagbag.py:545} INFO - Filling up the DagBag from /opt/airflow/dags/elt_pipeline.py
[2026-05-06T02:21:08.759+0000] {processor.py:840} INFO - DAG(s) 'elt_pipeline' retrieved from /opt/airflow/dags/elt_pipeline.py
[2026-05-06T02:21:08.787+0000] {logging_mixin.py:188} INFO - [2026-05-06T02:21:08.786+0000] {dag.py:3096} INFO - Sync 1 DAGs
[2026-05-06T02:21:08.805+0000] {logging_mixin.py:188} INFO - [2026-05-06T02:21:08.805+0000] {dag.py:3954} INFO - Setting next_dagrun for elt_pipeline to 2026-05-05 00:00:00+00:00, run_after=2026-05-06 00:00:00+00:00
[2026-05-06T02:21:08.830+0000] {processor.py:183} INFO - Processing /opt/airflow/dags/elt_pipeline.py took 0.099 seconds
[2026-05-06T02:21:39.050+0000] {processor.py:161} INFO - Started process (PID=552) to work on /opt/airflow/dags/elt_pipeline.py
[2026-05-06T02:21:39.051+0000] {processor.py:830} INFO - Processing file /opt/airflow/dags/elt_pipeline.py for tasks to queue
[2026-05-06T02:21:39.053+0000] {logging_mixin.py:188} INFO - [2026-05-06T02:21:39.052+0000] {dagbag.py:545} INFO - Filling up the DagBag from /opt/airflow/dags/elt_pipeline.py
[2026-05-06T02:21:39.077+0000] {processor.py:840} INFO - DAG(s) 'elt_pipeline' retrieved from /opt/airflow/dags/elt_pipeline.py
[2026-05-06T02:21:39.119+0000] {logging_mixin.py:188} INFO - [2026-05-06T02:21:39.118+0000] {dag.py:3096} INFO - Sync 1 DAGs
[2026-05-06T02:21:39.144+0000] {logging_mixin.py:188} INFO - [2026-05-06T02:21:39.144+0000] {dag.py:3954} INFO - Setting next_dagrun for elt_pipeline to 2026-05-05 00:00:00+00:00, run_after=2026-05-06 00:00:00+00:00
[2026-05-06T02:21:39.175+0000] {processor.py:183} INFO - Processing /opt/airflow/dags/elt_pipeline.py took 0.130 seconds
[2026-05-06T02:22:09.269+0000] {processor.py:161} INFO - Started process (PID=564) to work on /opt/airflow/dags/elt_pipeline.py
[2026-05-06T02:22:09.269+0000] {processor.py:830} INFO - Processing file /opt/airflow/dags/elt_pipeline.py for tasks to queue
[2026-05-06T02:22:09.271+0000] {logging_mixin.py:188} INFO - [2026-05-06T02:22:09.271+0000] {dagbag.py:545} INFO - Filling up the DagBag from /opt/airflow/dags/elt_pipeline.py
[2026-05-06T02:22:09.305+0000] {processor.py:840} INFO - DAG(s) 'elt_pipeline' retrieved from /opt/airflow/dags/elt_pipeline.py
[2026-05-06T02:22:09.352+0000] {logging_mixin.py:188} INFO - [2026-05-06T02:22:09.352+0000] {dag.py:3096} INFO - Sync 1 DAGs
[2026-05-06T02:22:09.372+0000] {logging_mixin.py:188} INFO - [2026-05-06T02:22:09.372+0000] {dag.py:3954} INFO - Setting next_dagrun for elt_pipeline to 2026-05-05 00:00:00+00:00, run_after=2026-05-06 00:00:00+00:00
[2026-05-06T02:22:09.404+0000] {processor.py:183} INFO - Processing /opt/airflow/dags/elt_pipeline.py took 0.144 seconds
[2026-05-06T02:22:39.556+0000] {processor.py:161} INFO - Started process (PID=576) to work on /opt/airflow/dags/elt_pipeline.py
[2026-05-06T02:22:39.558+0000] {processor.py:830} INFO - Processing file /opt/airflow/dags/elt_pipeline.py for tasks to queue
[2026-05-06T02:22:39.559+0000] {logging_mixin.py:188} INFO - [2026-05-06T02:22:39.559+0000] {dagbag.py:545} INFO - Filling up the DagBag from /opt/airflow/dags/elt_pipeline.py
[2026-05-06T02:22:39.581+0000] {processor.py:840} INFO - DAG(s) 'elt_pipeline' retrieved from /opt/airflow/dags/elt_pipeline.py
[2026-05-06T02:22:39.610+0000] {logging_mixin.py:188} INFO - [2026-05-06T02:22:39.610+0000] {dag.py:3096} INFO - Sync 1 DAGs
[2026-05-06T02:22:39.632+0000] {logging_mixin.py:188} INFO - [2026-05-06T02:22:39.631+0000] {dag.py:3954} INFO - Setting next_dagrun for elt_pipeline to 2026-05-05 00:00:00+00:00, run_after=2026-05-06 00:00:00+00:00
[2026-05-06T02:22:39.669+0000] {processor.py:183} INFO - Processing /opt/airflow/dags/elt_pipeline.py took 0.120 seconds
[2026-05-06T02:23:09.814+0000] {processor.py:161} INFO - Started process (PID=588) to work on /opt/airflow/dags/elt_pipeline.py
[2026-05-06T02:23:09.814+0000] {processor.py:830} INFO - Processing file /opt/airflow/dags/elt_pipeline.py for tasks to queue
[2026-05-06T02:23:09.816+0000] {logging_mixin.py:188} INFO - [2026-05-06T02:23:09.816+0000] {dagbag.py:545} INFO - Filling up the DagBag from /opt/airflow/dags/elt_pipeline.py
[2026-05-06T02:23:09.838+0000] {processor.py:840} INFO - DAG(s) 'elt_pipeline' retrieved from /opt/airflow/dags/elt_pipeline.py
[2026-05-06T02:23:09.865+0000] {logging_mixin.py:188} INFO - [2026-05-06T02:23:09.864+0000] {dag.py:3096} INFO - Sync 1 DAGs
[2026-05-06T02:23:09.883+0000] {logging_mixin.py:188} INFO - [2026-05-06T02:23:09.883+0000] {dag.py:3954} INFO - Setting next_dagrun for elt_pipeline to 2026-05-05 00:00:00+00:00, run_after=2026-05-06 00:00:00+00:00
[2026-05-06T02:23:09.910+0000] {processor.py:183} INFO - Processing /opt/airflow/dags/elt_pipeline.py took 0.101 seconds
[2026-05-06T02:23:40.112+0000] {processor.py:161} INFO - Started process (PID=600) to work on /opt/airflow/dags/elt_pipeline.py
[2026-05-06T02:23:40.113+0000] {processor.py:830} INFO - Processing file /opt/airflow/dags/elt_pipeline.py for tasks to queue
[2026-05-06T02:23:40.115+0000] {logging_mixin.py:188} INFO - [2026-05-06T02:23:40.115+0000] {dagbag.py:545} INFO - Filling up the DagBag from /opt/airflow/dags/elt_pipeline.py
[2026-05-06T02:23:40.140+0000] {processor.py:840} INFO - DAG(s) 'elt_pipeline' retrieved from /opt/airflow/dags/elt_pipeline.py
[2026-05-06T02:23:40.180+0000] {logging_mixin.py:188} INFO - [2026-05-06T02:23:40.180+0000] {dag.py:3096} INFO - Sync 1 DAGs
[2026-05-06T02:23:40.203+0000] {logging_mixin.py:188} INFO - [2026-05-06T02:23:40.203+0000] {dag.py:3954} INFO - Setting next_dagrun for elt_pipeline to 2026-05-05 00:00:00+00:00, run_after=2026-05-06 00:00:00+00:00
[2026-05-06T02:23:40.230+0000] {processor.py:183} INFO - Processing /opt/airflow/dags/elt_pipeline.py took 0.126 seconds
[2026-05-06T02:24:10.396+0000] {processor.py:161} INFO - Started process (PID=605) to work on /opt/airflow/dags/elt_pipeline.py
[2026-05-06T02:24:10.397+0000] {processor.py:830} INFO - Processing file /opt/airflow/dags/elt_pipeline.py for tasks to queue
[2026-05-06T02:24:10.399+0000] {logging_mixin.py:188} INFO - [2026-05-06T02:24:10.399+0000] {dagbag.py:545} INFO - Filling up the DagBag from /opt/airflow/dags/elt_pipeline.py
[2026-05-06T02:24:10.427+0000] {processor.py:840} INFO - DAG(s) 'elt_pipeline' retrieved from /opt/airflow/dags/elt_pipeline.py
[2026-05-06T02:24:10.471+0000] {logging_mixin.py:188} INFO - [2026-05-06T02:24:10.471+0000] {dag.py:3096} INFO - Sync 1 DAGs
[2026-05-06T02:24:10.499+0000] {logging_mixin.py:188} INFO - [2026-05-06T02:24:10.499+0000] {dag.py:3954} INFO - Setting next_dagrun for elt_pipeline to 2026-05-05 00:00:00+00:00, run_after=2026-05-06 00:00:00+00:00
[2026-05-06T02:24:10.534+0000] {processor.py:183} INFO - Processing /opt/airflow/dags/elt_pipeline.py took 0.149 seconds
[2026-05-06T02:24:40.662+0000] {processor.py:161} INFO - Started process (PID=617) to work on /opt/airflow/dags/elt_pipeline.py
[2026-05-06T02:24:40.663+0000] {processor.py:830} INFO - Processing file /opt/airflow/dags/elt_pipeline.py for tasks to queue
[2026-05-06T02:24:40.664+0000] {logging_mixin.py:188} INFO - [2026-05-06T02:24:40.664+0000] {dagbag.py:545} INFO - Filling up the DagBag from /opt/airflow/dags/elt_pipeline.py
[2026-05-06T02:24:40.683+0000] {processor.py:840} INFO - DAG(s) 'elt_pipeline' retrieved from /opt/airflow/dags/elt_pipeline.py
[2026-05-06T02:24:40.713+0000] {logging_mixin.py:188} INFO - [2026-05-06T02:24:40.712+0000] {dag.py:3096} INFO - Sync 1 DAGs
[2026-05-06T02:24:40.734+0000] {logging_mixin.py:188} INFO - [2026-05-06T02:24:40.734+0000] {dag.py:3954} INFO - Setting next_dagrun for elt_pipeline to 2026-05-05 00:00:00+00:00, run_after=2026-05-06 00:00:00+00:00
[2026-05-06T02:24:40.766+0000] {processor.py:183} INFO - Processing /opt/airflow/dags/elt_pipeline.py took 0.109 seconds
[2026-05-06T02:25:10.965+0000] {processor.py:161} INFO - Started process (PID=630) to work on /opt/airflow/dags/elt_pipeline.py
[2026-05-06T02:25:10.966+0000] {processor.py:830} INFO - Processing file /opt/airflow/dags/elt_pipeline.py for tasks to queue
[2026-05-06T02:25:10.967+0000] {logging_mixin.py:188} INFO - [2026-05-06T02:25:10.967+0000] {dagbag.py:545} INFO - Filling up the DagBag from /opt/airflow/dags/elt_pipeline.py
[2026-05-06T02:25:10.986+0000] {processor.py:840} INFO - DAG(s) 'elt_pipeline' retrieved from /opt/airflow/dags/elt_pipeline.py
[2026-05-06T02:25:11.013+0000] {logging_mixin.py:188} INFO - [2026-05-06T02:25:11.013+0000] {dag.py:3096} INFO - Sync 1 DAGs
[2026-05-06T02:25:11.033+0000] {logging_mixin.py:188} INFO - [2026-05-06T02:25:11.033+0000] {dag.py:3954} INFO - Setting next_dagrun for elt_pipeline to 2026-05-05 00:00:00+00:00, run_after=2026-05-06 00:00:00+00:00
[2026-05-06T02:25:11.062+0000] {processor.py:183} INFO - Processing /opt/airflow/dags/elt_pipeline.py took 0.101 seconds
[2026-05-06T02:25:41.251+0000] {processor.py:161} INFO - Started process (PID=642) to work on /opt/airflow/dags/elt_pipeline.py
[2026-05-06T02:25:41.253+0000] {processor.py:830} INFO - Processing file /opt/airflow/dags/elt_pipeline.py for tasks to queue
[2026-05-06T02:25:41.256+0000] {logging_mixin.py:188} INFO - [2026-05-06T02:25:41.255+0000] {dagbag.py:545} INFO - Filling up the DagBag from /opt/airflow/dags/elt_pipeline.py
[2026-05-06T02:25:41.284+0000] {processor.py:840} INFO - DAG(s) 'elt_pipeline' retrieved from /opt/airflow/dags/elt_pipeline.py
[2026-05-06T02:25:41.319+0000] {logging_mixin.py:188} INFO - [2026-05-06T02:25:41.319+0000] {dag.py:3096} INFO - Sync 1 DAGs
[2026-05-06T02:25:41.351+0000] {logging_mixin.py:188} INFO - [2026-05-06T02:25:41.350+0000] {dag.py:3954} INFO - Setting next_dagrun for elt_pipeline to 2026-05-05 00:00:00+00:00, run_after=2026-05-06 00:00:00+00:00
[2026-05-06T02:25:41.405+0000] {processor.py:183} INFO - Processing /opt/airflow/dags/elt_pipeline.py took 0.163 seconds
[2026-05-06T02:26:11.501+0000] {processor.py:161} INFO - Started process (PID=654) to work on /opt/airflow/dags/elt_pipeline.py
[2026-05-06T02:26:11.502+0000] {processor.py:830} INFO - Processing file /opt/airflow/dags/elt_pipeline.py for tasks to queue
[2026-05-06T02:26:11.503+0000] {logging_mixin.py:188} INFO - [2026-05-06T02:26:11.503+0000] {dagbag.py:545} INFO - Filling up the DagBag from /opt/airflow/dags/elt_pipeline.py
[2026-05-06T02:26:11.520+0000] {processor.py:840} INFO - DAG(s) 'elt_pipeline' retrieved from /opt/airflow/dags/elt_pipeline.py
[2026-05-06T02:26:11.546+0000] {logging_mixin.py:188} INFO - [2026-05-06T02:26:11.546+0000] {dag.py:3096} INFO - Sync 1 DAGs
[2026-05-06T02:26:11.565+0000] {logging_mixin.py:188} INFO - [2026-05-06T02:26:11.565+0000] {dag.py:3954} INFO - Setting next_dagrun for elt_pipeline to 2026-05-05 00:00:00+00:00, run_after=2026-05-06 00:00:00+00:00
[2026-05-06T02:26:11.594+0000] {processor.py:183} INFO - Processing /opt/airflow/dags/elt_pipeline.py took 0.097 seconds
[2026-05-06T02:26:41.832+0000] {processor.py:161} INFO - Started process (PID=666) to work on /opt/airflow/dags/elt_pipeline.py
[2026-05-06T02:26:41.832+0000] {processor.py:830} INFO - Processing file /opt/airflow/dags/elt_pipeline.py for tasks to queue
[2026-05-06T02:26:41.834+0000] {logging_mixin.py:188} INFO - [2026-05-06T02:26:41.834+0000] {dagbag.py:545} INFO - Filling up the DagBag from /opt/airflow/dags/elt_pipeline.py
[2026-05-06T02:26:41.855+0000] {processor.py:840} INFO - DAG(s) 'elt_pipeline' retrieved from /opt/airflow/dags/elt_pipeline.py
[2026-05-06T02:26:41.884+0000] {logging_mixin.py:188} INFO - [2026-05-06T02:26:41.884+0000] {dag.py:3096} INFO - Sync 1 DAGs
[2026-05-06T02:26:41.903+0000] {logging_mixin.py:188} INFO - [2026-05-06T02:26:41.902+0000] {dag.py:3954} INFO - Setting next_dagrun for elt_pipeline to 2026-05-05 00:00:00+00:00, run_after=2026-05-06 00:00:00+00:00
[2026-05-06T02:26:41.923+0000] {processor.py:183} INFO - Processing /opt/airflow/dags/elt_pipeline.py took 0.096 seconds
[2026-05-06T02:27:12.085+0000] {processor.py:161} INFO - Started process (PID=678) to work on /opt/airflow/dags/elt_pipeline.py
[2026-05-06T02:27:12.086+0000] {processor.py:830} INFO - Processing file /opt/airflow/dags/elt_pipeline.py for tasks to queue
[2026-05-06T02:27:12.090+0000] {logging_mixin.py:188} INFO - [2026-05-06T02:27:12.089+0000] {dagbag.py:545} INFO - Filling up the DagBag from /opt/airflow/dags/elt_pipeline.py
[2026-05-06T02:27:12.118+0000] {processor.py:840} INFO - DAG(s) 'elt_pipeline' retrieved from /opt/airflow/dags/elt_pipeline.py
[2026-05-06T02:27:12.157+0000] {logging_mixin.py:188} INFO - [2026-05-06T02:27:12.156+0000] {dag.py:3096} INFO - Sync 1 DAGs
[2026-05-06T02:27:12.195+0000] {logging_mixin.py:188} INFO - [2026-05-06T02:27:12.194+0000] {dag.py:3954} INFO - Setting next_dagrun for elt_pipeline to 2026-05-05 00:00:00+00:00, run_after=2026-05-06 00:00:00+00:00
[2026-05-06T02:27:12.233+0000] {processor.py:183} INFO - Processing /opt/airflow/dags/elt_pipeline.py took 0.157 seconds
[2026-05-06T02:27:42.332+0000] {processor.py:161} INFO - Started process (PID=690) to work on /opt/airflow/dags/elt_pipeline.py
[2026-05-06T02:27:42.333+0000] {processor.py:830} INFO - Processing file /opt/airflow/dags/elt_pipeline.py for tasks to queue
[2026-05-06T02:27:42.335+0000] {logging_mixin.py:188} INFO - [2026-05-06T02:27:42.334+0000] {dagbag.py:545} INFO - Filling up the DagBag from /opt/airflow/dags/elt_pipeline.py
[2026-05-06T02:27:42.361+0000] {processor.py:840} INFO - DAG(s) 'elt_pipeline' retrieved from /opt/airflow/dags/elt_pipeline.py
[2026-05-06T02:27:42.394+0000] {logging_mixin.py:188} INFO - [2026-05-06T02:27:42.394+0000] {dag.py:3096} INFO - Sync 1 DAGs
[2026-05-06T02:27:42.415+0000] {logging_mixin.py:188} INFO - [2026-05-06T02:27:42.415+0000] {dag.py:3954} INFO - Setting next_dagrun for elt_pipeline to 2026-05-05 00:00:00+00:00, run_after=2026-05-06 00:00:00+00:00
[2026-05-06T02:27:42.441+0000] {processor.py:183} INFO - Processing /opt/airflow/dags/elt_pipeline.py took 0.113 seconds
[2026-05-06T02:28:12.667+0000] {processor.py:161} INFO - Started process (PID=702) to work on /opt/airflow/dags/elt_pipeline.py
[2026-05-06T02:28:12.668+0000] {processor.py:830} INFO - Processing file /opt/airflow/dags/elt_pipeline.py for tasks to queue
[2026-05-06T02:28:12.670+0000] {logging_mixin.py:188} INFO - [2026-05-06T02:28:12.670+0000] {dagbag.py:545} INFO - Filling up the DagBag from /opt/airflow/dags/elt_pipeline.py
[2026-05-06T02:28:12.692+0000] {processor.py:840} INFO - DAG(s) 'elt_pipeline' retrieved from /opt/airflow/dags/elt_pipeline.py
[2026-05-06T02:28:12.719+0000] {logging_mixin.py:188} INFO - [2026-05-06T02:28:12.718+0000] {dag.py:3096} INFO - Sync 1 DAGs
[2026-05-06T02:28:12.736+0000] {logging_mixin.py:188} INFO - [2026-05-06T02:28:12.736+0000] {dag.py:3954} INFO - Setting next_dagrun for elt_pipeline to 2026-05-05 00:00:00+00:00, run_after=2026-05-06 00:00:00+00:00
[2026-05-06T02:28:12.771+0000] {processor.py:183} INFO - Processing /opt/airflow/dags/elt_pipeline.py took 0.111 seconds
[2026-05-06T02:28:42.881+0000] {processor.py:161} INFO - Started process (PID=714) to work on /opt/airflow/dags/elt_pipeline.py
[2026-05-06T02:28:42.881+0000] {processor.py:830} INFO - Processing file /opt/airflow/dags/elt_pipeline.py for tasks to queue
[2026-05-06T02:28:42.883+0000] {logging_mixin.py:188} INFO - [2026-05-06T02:28:42.883+0000] {dagbag.py:545} INFO - Filling up the DagBag from /opt/airflow/dags/elt_pipeline.py
[2026-05-06T02:28:42.904+0000] {processor.py:840} INFO - DAG(s) 'elt_pipeline' retrieved from /opt/airflow/dags/elt_pipeline.py
[2026-05-06T02:28:42.932+0000] {logging_mixin.py:188} INFO - [2026-05-06T02:28:42.932+0000] {dag.py:3096} INFO - Sync 1 DAGs
[2026-05-06T02:28:42.954+0000] {logging_mixin.py:188} INFO - [2026-05-06T02:28:42.954+0000] {dag.py:3954} INFO - Setting next_dagrun for elt_pipeline to 2026-05-05 00:00:00+00:00, run_after=2026-05-06 00:00:00+00:00
[2026-05-06T02:28:42.982+0000] {processor.py:183} INFO - Processing /opt/airflow/dags/elt_pipeline.py took 0.108 seconds
[2026-05-06T02:29:13.256+0000] {processor.py:161} INFO - Started process (PID=726) to work on /opt/airflow/dags/elt_pipeline.py
[2026-05-06T02:29:13.256+0000] {processor.py:830} INFO - Processing file /opt/airflow/dags/elt_pipeline.py for tasks to queue
[2026-05-06T02:29:13.258+0000] {logging_mixin.py:188} INFO - [2026-05-06T02:29:13.258+0000] {dagbag.py:545} INFO - Filling up the DagBag from /opt/airflow/dags/elt_pipeline.py
[2026-05-06T02:29:13.276+0000] {processor.py:840} INFO - DAG(s) 'elt_pipeline' retrieved from /opt/airflow/dags/elt_pipeline.py
[2026-05-06T02:29:13.300+0000] {logging_mixin.py:188} INFO - [2026-05-06T02:29:13.300+0000] {dag.py:3096} INFO - Sync 1 DAGs
[2026-05-06T02:29:13.315+0000] {logging_mixin.py:188} INFO - [2026-05-06T02:29:13.315+0000] {dag.py:3954} INFO - Setting next_dagrun for elt_pipeline to 2026-05-05 00:00:00+00:00, run_after=2026-05-06 00:00:00+00:00
[2026-05-06T02:29:13.343+0000] {processor.py:183} INFO - Processing /opt/airflow/dags/elt_pipeline.py took 0.092 seconds
[2026-05-06T02:29:43.495+0000] {processor.py:161} INFO - Started process (PID=738) to work on /opt/airflow/dags/elt_pipeline.py
[2026-05-06T02:29:43.496+0000] {processor.py:830} INFO - Processing file /opt/airflow/dags/elt_pipeline.py for tasks to queue
[2026-05-06T02:29:43.498+0000] {logging_mixin.py:188} INFO - [2026-05-06T02:29:43.497+0000] {dagbag.py:545} INFO - Filling up the DagBag from /opt/airflow/dags/elt_pipeline.py
[2026-05-06T02:29:43.523+0000] {processor.py:840} INFO - DAG(s) 'elt_pipeline' retrieved from /opt/airflow/dags/elt_pipeline.py
[2026-05-06T02:29:43.550+0000] {logging_mixin.py:188} INFO - [2026-05-06T02:29:43.550+0000] {dag.py:3096} INFO - Sync 1 DAGs
[2026-05-06T02:29:43.567+0000] {logging_mixin.py:188} INFO - [2026-05-06T02:29:43.567+0000] {dag.py:3954} INFO - Setting next_dagrun for elt_pipeline to 2026-05-05 00:00:00+00:00, run_after=2026-05-06 00:00:00+00:00
[2026-05-06T02:29:43.591+0000] {processor.py:183} INFO - Processing /opt/airflow/dags/elt_pipeline.py took 0.104 seconds
[2026-05-06T02:30:13.794+0000] {processor.py:161} INFO - Started process (PID=750) to work on /opt/airflow/dags/elt_pipeline.py
[2026-05-06T02:30:13.796+0000] {processor.py:830} INFO - Processing file /opt/airflow/dags/elt_pipeline.py for tasks to queue
[2026-05-06T02:30:13.799+0000] {logging_mixin.py:188} INFO - [2026-05-06T02:30:13.799+0000] {dagbag.py:545} INFO - Filling up the DagBag from /opt/airflow/dags/elt_pipeline.py
[2026-05-06T02:30:13.829+0000] {processor.py:840} INFO - DAG(s) 'elt_pipeline' retrieved from /opt/airflow/dags/elt_pipeline.py
[2026-05-06T02:30:13.864+0000] {logging_mixin.py:188} INFO - [2026-05-06T02:30:13.863+0000] {dag.py:3096} INFO - Sync 1 DAGs
[2026-05-06T02:30:13.895+0000] {logging_mixin.py:188} INFO - [2026-05-06T02:30:13.894+0000] {dag.py:3954} INFO - Setting next_dagrun for elt_pipeline to 2026-05-05 00:00:00+00:00, run_after=2026-05-06 00:00:00+00:00
[2026-05-06T02:30:13.934+0000] {processor.py:183} INFO - Processing /opt/airflow/dags/elt_pipeline.py took 0.151 seconds
[2026-05-06T02:30:44.073+0000] {processor.py:161} INFO - Started process (PID=762) to work on /opt/airflow/dags/elt_pipeline.py
[2026-05-06T02:30:44.074+0000] {processor.py:830} INFO - Processing file /opt/airflow/dags/elt_pipeline.py for tasks to queue
[2026-05-06T02:30:44.077+0000] {logging_mixin.py:188} INFO - [2026-05-06T02:30:44.076+0000] {dagbag.py:545} INFO - Filling up the DagBag from /opt/airflow/dags/elt_pipeline.py
[2026-05-06T02:30:44.111+0000] {processor.py:840} INFO - DAG(s) 'elt_pipeline' retrieved from /opt/airflow/dags/elt_pipeline.py
[2026-05-06T02:30:44.143+0000] {logging_mixin.py:188} INFO - [2026-05-06T02:30:44.143+0000] {dag.py:3096} INFO - Sync 1 DAGs
[2026-05-06T02:30:44.166+0000] {logging_mixin.py:188} INFO - [2026-05-06T02:30:44.166+0000] {dag.py:3954} INFO - Setting next_dagrun for elt_pipeline to 2026-05-05 00:00:00+00:00, run_after=2026-05-06 00:00:00+00:00
[2026-05-06T02:30:44.187+0000] {processor.py:183} INFO - Processing /opt/airflow/dags/elt_pipeline.py took 0.119 seconds
[2026-05-06T02:31:14.376+0000] {processor.py:161} INFO - Started process (PID=774) to work on /opt/airflow/dags/elt_pipeline.py
[2026-05-06T02:31:14.376+0000] {processor.py:830} INFO - Processing file /opt/airflow/dags/elt_pipeline.py for tasks to queue
[2026-05-06T02:31:14.378+0000] {logging_mixin.py:188} INFO - [2026-05-06T02:31:14.378+0000] {dagbag.py:545} INFO - Filling up the DagBag from /opt/airflow/dags/elt_pipeline.py
[2026-05-06T02:31:14.398+0000] {processor.py:840} INFO - DAG(s) 'elt_pipeline' retrieved from /opt/airflow/dags/elt_pipeline.py
[2026-05-06T02:31:14.424+0000] {logging_mixin.py:188} INFO - [2026-05-06T02:31:14.424+0000] {dag.py:3096} INFO - Sync 1 DAGs
[2026-05-06T02:31:14.440+0000] {logging_mixin.py:188} INFO - [2026-05-06T02:31:14.440+0000] {dag.py:3954} INFO - Setting next_dagrun for elt_pipeline to 2026-05-05 00:00:00+00:00, run_after=2026-05-06 00:00:00+00:00
[2026-05-06T02:31:14.461+0000] {processor.py:183} INFO - Processing /opt/airflow/dags/elt_pipeline.py took 0.092 seconds
[2026-05-06T02:31:44.618+0000] {processor.py:161} INFO - Started process (PID=786) to work on /opt/airflow/dags/elt_pipeline.py
[2026-05-06T02:31:44.619+0000] {processor.py:830} INFO - Processing file /opt/airflow/dags/elt_pipeline.py for tasks to queue
[2026-05-06T02:31:44.621+0000] {logging_mixin.py:188} INFO - [2026-05-06T02:31:44.620+0000] {dagbag.py:545} INFO - Filling up the DagBag from /opt/airflow/dags/elt_pipeline.py
[2026-05-06T02:31:44.638+0000] {processor.py:840} INFO - DAG(s) 'elt_pipeline' retrieved from /opt/airflow/dags/elt_pipeline.py
[2026-05-06T02:31:44.663+0000] {logging_mixin.py:188} INFO - [2026-05-06T02:31:44.663+0000] {dag.py:3096} INFO - Sync 1 DAGs
[2026-05-06T02:31:44.679+0000] {logging_mixin.py:188} INFO - [2026-05-06T02:31:44.679+0000] {dag.py:3954} INFO - Setting next_dagrun for elt_pipeline to 2026-05-05 00:00:00+00:00, run_after=2026-05-06 00:00:00+00:00
[2026-05-06T02:31:44.710+0000] {processor.py:183} INFO - Processing /opt/airflow/dags/elt_pipeline.py took 0.097 seconds
[2026-05-06T02:32:14.891+0000] {processor.py:161} INFO - Started process (PID=798) to work on /opt/airflow/dags/elt_pipeline.py
[2026-05-06T02:32:14.892+0000] {processor.py:830} INFO - Processing file /opt/airflow/dags/elt_pipeline.py for tasks to queue
[2026-05-06T02:32:14.893+0000] {logging_mixin.py:188} INFO - [2026-05-06T02:32:14.893+0000] {dagbag.py:545} INFO - Filling up the DagBag from /opt/airflow/dags/elt_pipeline.py
[2026-05-06T02:32:14.917+0000] {processor.py:840} INFO - DAG(s) 'elt_pipeline' retrieved from /opt/airflow/dags/elt_pipeline.py
[2026-05-06T02:32:14.981+0000] {logging_mixin.py:188} INFO - [2026-05-06T02:32:14.981+0000] {dag.py:3096} INFO - Sync 1 DAGs
[2026-05-06T02:32:15.029+0000] {logging_mixin.py:188} INFO - [2026-05-06T02:32:15.029+0000] {dag.py:3954} INFO - Setting next_dagrun for elt_pipeline to 2026-05-05 00:00:00+00:00, run_after=2026-05-06 00:00:00+00:00
[2026-05-06T02:32:15.062+0000] {processor.py:183} INFO - Processing /opt/airflow/dags/elt_pipeline.py took 0.179 seconds
[2026-05-06T02:32:45.195+0000] {processor.py:161} INFO - Started process (PID=803) to work on /opt/airflow/dags/elt_pipeline.py
[2026-05-06T02:32:45.196+0000] {processor.py:830} INFO - Processing file /opt/airflow/dags/elt_pipeline.py for tasks to queue
[2026-05-06T02:32:45.198+0000] {logging_mixin.py:188} INFO - [2026-05-06T02:32:45.197+0000] {dagbag.py:545} INFO - Filling up the DagBag from /opt/airflow/dags/elt_pipeline.py
[2026-05-06T02:32:45.218+0000] {processor.py:840} INFO - DAG(s) 'elt_pipeline' retrieved from /opt/airflow/dags/elt_pipeline.py
[2026-05-06T02:32:45.245+0000] {logging_mixin.py:188} INFO - [2026-05-06T02:32:45.245+0000] {dag.py:3096} INFO - Sync 1 DAGs
[2026-05-06T02:32:45.266+0000] {logging_mixin.py:188} INFO - [2026-05-06T02:32:45.265+0000] {dag.py:3954} INFO - Setting next_dagrun for elt_pipeline to 2026-05-05 00:00:00+00:00, run_after=2026-05-06 00:00:00+00:00
[2026-05-06T02:32:45.296+0000] {processor.py:183} INFO - Processing /opt/airflow/dags/elt_pipeline.py took 0.106 seconds
[2026-05-06T02:33:15.536+0000] {processor.py:161} INFO - Started process (PID=815) to work on /opt/airflow/dags/elt_pipeline.py
[2026-05-06T02:33:15.538+0000] {processor.py:830} INFO - Processing file /opt/airflow/dags/elt_pipeline.py for tasks to queue
[2026-05-06T02:33:15.540+0000] {logging_mixin.py:188} INFO - [2026-05-06T02:33:15.540+0000] {dagbag.py:545} INFO - Filling up the DagBag from /opt/airflow/dags/elt_pipeline.py
[2026-05-06T02:33:15.561+0000] {processor.py:840} INFO - DAG(s) 'elt_pipeline' retrieved from /opt/airflow/dags/elt_pipeline.py
[2026-05-06T02:33:15.587+0000] {logging_mixin.py:188} INFO - [2026-05-06T02:33:15.587+0000] {dag.py:3096} INFO - Sync 1 DAGs
[2026-05-06T02:33:15.607+0000] {logging_mixin.py:188} INFO - [2026-05-06T02:33:15.607+0000] {dag.py:3954} INFO - Setting next_dagrun for elt_pipeline to 2026-05-05 00:00:00+00:00, run_after=2026-05-06 00:00:00+00:00
[2026-05-06T02:33:15.636+0000] {processor.py:183} INFO - Processing /opt/airflow/dags/elt_pipeline.py took 0.103 seconds
[2026-05-06T02:33:45.825+0000] {processor.py:161} INFO - Started process (PID=827) to work on /opt/airflow/dags/elt_pipeline.py
[2026-05-06T02:33:45.828+0000] {processor.py:830} INFO - Processing file /opt/airflow/dags/elt_pipeline.py for tasks to queue
[2026-05-06T02:33:45.832+0000] {logging_mixin.py:188} INFO - [2026-05-06T02:33:45.832+0000] {dagbag.py:545} INFO - Filling up the DagBag from /opt/airflow/dags/elt_pipeline.py
[2026-05-06T02:33:45.866+0000] {processor.py:840} INFO - DAG(s) 'elt_pipeline' retrieved from /opt/airflow/dags/elt_pipeline.py
[2026-05-06T02:33:45.914+0000] {logging_mixin.py:188} INFO - [2026-05-06T02:33:45.913+0000] {dag.py:3096} INFO - Sync 1 DAGs
[2026-05-06T02:33:45.945+0000] {logging_mixin.py:188} INFO - [2026-05-06T02:33:45.944+0000] {dag.py:3954} INFO - Setting next_dagrun for elt_pipeline to 2026-05-05 00:00:00+00:00, run_after=2026-05-06 00:00:00+00:00
[2026-05-06T02:33:45.994+0000] {processor.py:183} INFO - Processing /opt/airflow/dags/elt_pipeline.py took 0.179 seconds
[2026-05-06T02:34:16.082+0000] {processor.py:161} INFO - Started process (PID=839) to work on /opt/airflow/dags/elt_pipeline.py
[2026-05-06T02:34:16.083+0000] {processor.py:830} INFO - Processing file /opt/airflow/dags/elt_pipeline.py for tasks to queue
[2026-05-06T02:34:16.085+0000] {logging_mixin.py:188} INFO - [2026-05-06T02:34:16.085+0000] {dagbag.py:545} INFO - Filling up the DagBag from /opt/airflow/dags/elt_pipeline.py
[2026-05-06T02:34:16.114+0000] {processor.py:840} INFO - DAG(s) 'elt_pipeline' retrieved from /opt/airflow/dags/elt_pipeline.py
[2026-05-06T02:34:16.166+0000] {logging_mixin.py:188} INFO - [2026-05-06T02:34:16.165+0000] {dag.py:3096} INFO - Sync 1 DAGs
[2026-05-06T02:34:16.198+0000] {logging_mixin.py:188} INFO - [2026-05-06T02:34:16.198+0000] {dag.py:3954} INFO - Setting next_dagrun for elt_pipeline to 2026-05-05 00:00:00+00:00, run_after=2026-05-06 00:00:00+00:00
[2026-05-06T02:34:16.235+0000] {processor.py:183} INFO - Processing /opt/airflow/dags/elt_pipeline.py took 0.159 seconds
[2026-05-06T02:34:46.448+0000] {processor.py:161} INFO - Started process (PID=851) to work on /opt/airflow/dags/elt_pipeline.py
[2026-05-06T02:34:46.448+0000] {processor.py:830} INFO - Processing file /opt/airflow/dags/elt_pipeline.py for tasks to queue
[2026-05-06T02:34:46.450+0000] {logging_mixin.py:188} INFO - [2026-05-06T02:34:46.450+0000] {dagbag.py:545} INFO - Filling up the DagBag from /opt/airflow/dags/elt_pipeline.py
[2026-05-06T02:34:46.467+0000] {processor.py:840} INFO - DAG(s) 'elt_pipeline' retrieved from /opt/airflow/dags/elt_pipeline.py
[2026-05-06T02:34:46.491+0000] {logging_mixin.py:188} INFO - [2026-05-06T02:34:46.491+0000] {dag.py:3096} INFO - Sync 1 DAGs
[2026-05-06T02:34:46.509+0000] {logging_mixin.py:188} INFO - [2026-05-06T02:34:46.509+0000] {dag.py:3954} INFO - Setting next_dagrun for elt_pipeline to 2026-05-05 00:00:00+00:00, run_after=2026-05-06 00:00:00+00:00
[2026-05-06T02:34:46.535+0000] {processor.py:183} INFO - Processing /opt/airflow/dags/elt_pipeline.py took 0.092 seconds
[2026-05-06T02:35:16.662+0000] {processor.py:161} INFO - Started process (PID=863) to work on /opt/airflow/dags/elt_pipeline.py
[2026-05-06T02:35:16.663+0000] {processor.py:830} INFO - Processing file /opt/airflow/dags/elt_pipeline.py for tasks to queue
[2026-05-06T02:35:16.664+0000] {logging_mixin.py:188} INFO - [2026-05-06T02:35:16.664+0000] {dagbag.py:545} INFO - Filling up the DagBag from /opt/airflow/dags/elt_pipeline.py
[2026-05-06T02:35:16.683+0000] {processor.py:840} INFO - DAG(s) 'elt_pipeline' retrieved from /opt/airflow/dags/elt_pipeline.py
[2026-05-06T02:35:16.710+0000] {logging_mixin.py:188} INFO - [2026-05-06T02:35:16.710+0000] {dag.py:3096} INFO - Sync 1 DAGs
[2026-05-06T02:35:16.728+0000] {logging_mixin.py:188} INFO - [2026-05-06T02:35:16.727+0000] {dag.py:3954} INFO - Setting next_dagrun for elt_pipeline to 2026-05-05 00:00:00+00:00, run_after=2026-05-06 00:00:00+00:00
[2026-05-06T02:35:16.752+0000] {processor.py:183} INFO - Processing /opt/airflow/dags/elt_pipeline.py took 0.095 seconds
[2026-05-06T02:35:47.005+0000] {processor.py:161} INFO - Started process (PID=876) to work on /opt/airflow/dags/elt_pipeline.py
[2026-05-06T02:35:47.006+0000] {processor.py:830} INFO - Processing file /opt/airflow/dags/elt_pipeline.py for tasks to queue
[2026-05-06T02:35:47.007+0000] {logging_mixin.py:188} INFO - [2026-05-06T02:35:47.007+0000] {dagbag.py:545} INFO - Filling up the DagBag from /opt/airflow/dags/elt_pipeline.py
[2026-05-06T02:35:47.024+0000] {processor.py:840} INFO - DAG(s) 'elt_pipeline' retrieved from /opt/airflow/dags/elt_pipeline.py
[2026-05-06T02:35:47.051+0000] {logging_mixin.py:188} INFO - [2026-05-06T02:35:47.051+0000] {dag.py:3096} INFO - Sync 1 DAGs
[2026-05-06T02:35:47.074+0000] {logging_mixin.py:188} INFO - [2026-05-06T02:35:47.074+0000] {dag.py:3954} INFO - Setting next_dagrun for elt_pipeline to 2026-05-05 00:00:00+00:00, run_after=2026-05-06 00:00:00+00:00
[2026-05-06T02:35:47.102+0000] {processor.py:183} INFO - Processing /opt/airflow/dags/elt_pipeline.py took 0.102 seconds
[2026-05-06T02:36:17.238+0000] {processor.py:161} INFO - Started process (PID=888) to work on /opt/airflow/dags/elt_pipeline.py
[2026-05-06T02:36:17.239+0000] {processor.py:830} INFO - Processing file /opt/airflow/dags/elt_pipeline.py for tasks to queue
[2026-05-06T02:36:17.241+0000] {logging_mixin.py:188} INFO - [2026-05-06T02:36:17.240+0000] {dagbag.py:545} INFO - Filling up the DagBag from /opt/airflow/dags/elt_pipeline.py
[2026-05-06T02:36:17.262+0000] {processor.py:840} INFO - DAG(s) 'elt_pipeline' retrieved from /opt/airflow/dags/elt_pipeline.py
[2026-05-06T02:36:17.288+0000] {logging_mixin.py:188} INFO - [2026-05-06T02:36:17.288+0000] {dag.py:3096} INFO - Sync 1 DAGs
[2026-05-06T02:36:17.306+0000] {logging_mixin.py:188} INFO - [2026-05-06T02:36:17.305+0000] {dag.py:3954} INFO - Setting next_dagrun for elt_pipeline to 2026-05-05 00:00:00+00:00, run_after=2026-05-06 00:00:00+00:00
[2026-05-06T02:36:17.329+0000] {processor.py:183} INFO - Processing /opt/airflow/dags/elt_pipeline.py took 0.095 seconds
[2026-05-06T02:36:47.560+0000] {processor.py:161} INFO - Started process (PID=900) to work on /opt/airflow/dags/elt_pipeline.py
[2026-05-06T02:36:47.560+0000] {processor.py:830} INFO - Processing file /opt/airflow/dags/elt_pipeline.py for tasks to queue
[2026-05-06T02:36:47.562+0000] {logging_mixin.py:188} INFO - [2026-05-06T02:36:47.562+0000] {dagbag.py:545} INFO - Filling up the DagBag from /opt/airflow/dags/elt_pipeline.py
[2026-05-06T02:36:47.579+0000] {processor.py:840} INFO - DAG(s) 'elt_pipeline' retrieved from /opt/airflow/dags/elt_pipeline.py
[2026-05-06T02:36:47.606+0000] {logging_mixin.py:188} INFO - [2026-05-06T02:36:47.606+0000] {dag.py:3096} INFO - Sync 1 DAGs
[2026-05-06T02:36:47.624+0000] {logging_mixin.py:188} INFO - [2026-05-06T02:36:47.624+0000] {dag.py:3954} INFO - Setting next_dagrun for elt_pipeline to 2026-05-05 00:00:00+00:00, run_after=2026-05-06 00:00:00+00:00
[2026-05-06T02:36:47.651+0000] {processor.py:183} INFO - Processing /opt/airflow/dags/elt_pipeline.py took 0.097 seconds
[2026-05-06T02:37:17.810+0000] {processor.py:161} INFO - Started process (PID=912) to work on /opt/airflow/dags/elt_pipeline.py
[2026-05-06T02:37:17.811+0000] {processor.py:830} INFO - Processing file /opt/airflow/dags/elt_pipeline.py for tasks to queue
[2026-05-06T02:37:17.815+0000] {logging_mixin.py:188} INFO - [2026-05-06T02:37:17.814+0000] {dagbag.py:545} INFO - Filling up the DagBag from /opt/airflow/dags/elt_pipeline.py
[2026-05-06T02:37:17.843+0000] {processor.py:840} INFO - DAG(s) 'elt_pipeline' retrieved from /opt/airflow/dags/elt_pipeline.py
[2026-05-06T02:37:17.883+0000] {logging_mixin.py:188} INFO - [2026-05-06T02:37:17.883+0000] {dag.py:3096} INFO - Sync 1 DAGs
[2026-05-06T02:37:17.914+0000] {logging_mixin.py:188} INFO - [2026-05-06T02:37:17.914+0000] {dag.py:3954} INFO - Setting next_dagrun for elt_pipeline to 2026-05-05 00:00:00+00:00, run_after=2026-05-06 00:00:00+00:00
[2026-05-06T02:37:17.947+0000] {processor.py:183} INFO - Processing /opt/airflow/dags/elt_pipeline.py took 0.143 seconds
[2026-05-06T02:37:48.071+0000] {processor.py:161} INFO - Started process (PID=924) to work on /opt/airflow/dags/elt_pipeline.py
[2026-05-06T02:37:48.071+0000] {processor.py:830} INFO - Processing file /opt/airflow/dags/elt_pipeline.py for tasks to queue
[2026-05-06T02:37:48.073+0000] {logging_mixin.py:188} INFO - [2026-05-06T02:37:48.072+0000] {dagbag.py:545} INFO - Filling up the DagBag from /opt/airflow/dags/elt_pipeline.py
[2026-05-06T02:37:48.089+0000] {processor.py:840} INFO - DAG(s) 'elt_pipeline' retrieved from /opt/airflow/dags/elt_pipeline.py
[2026-05-06T02:37:48.116+0000] {logging_mixin.py:188} INFO - [2026-05-06T02:37:48.116+0000] {dag.py:3096} INFO - Sync 1 DAGs
[2026-05-06T02:37:48.139+0000] {logging_mixin.py:188} INFO - [2026-05-06T02:37:48.138+0000] {dag.py:3954} INFO - Setting next_dagrun for elt_pipeline to 2026-05-05 00:00:00+00:00, run_after=2026-05-06 00:00:00+00:00
[2026-05-06T02:37:48.166+0000] {processor.py:183} INFO - Processing /opt/airflow/dags/elt_pipeline.py took 0.100 seconds
[2026-05-06T02:38:18.391+0000] {processor.py:161} INFO - Started process (PID=936) to work on /opt/airflow/dags/elt_pipeline.py
[2026-05-06T02:38:18.392+0000] {processor.py:830} INFO - Processing file /opt/airflow/dags/elt_pipeline.py for tasks to queue
[2026-05-06T02:38:18.393+0000] {logging_mixin.py:188} INFO - [2026-05-06T02:38:18.393+0000] {dagbag.py:545} INFO - Filling up the DagBag from /opt/airflow/dags/elt_pipeline.py
[2026-05-06T02:38:18.414+0000] {processor.py:840} INFO - DAG(s) 'elt_pipeline' retrieved from /opt/airflow/dags/elt_pipeline.py
[2026-05-06T02:38:18.439+0000] {logging_mixin.py:188} INFO - [2026-05-06T02:38:18.438+0000] {dag.py:3096} INFO - Sync 1 DAGs
[2026-05-06T02:38:18.455+0000] {logging_mixin.py:188} INFO - [2026-05-06T02:38:18.455+0000] {dag.py:3954} INFO - Setting next_dagrun for elt_pipeline to 2026-05-05 00:00:00+00:00, run_after=2026-05-06 00:00:00+00:00
[2026-05-06T02:38:18.475+0000] {processor.py:183} INFO - Processing /opt/airflow/dags/elt_pipeline.py took 0.091 seconds
[2026-05-06T02:38:48.628+0000] {processor.py:161} INFO - Started process (PID=948) to work on /opt/airflow/dags/elt_pipeline.py
[2026-05-06T02:38:48.629+0000] {processor.py:830} INFO - Processing file /opt/airflow/dags/elt_pipeline.py for tasks to queue
[2026-05-06T02:38:48.631+0000] {logging_mixin.py:188} INFO - [2026-05-06T02:38:48.630+0000] {dagbag.py:545} INFO - Filling up the DagBag from /opt/airflow/dags/elt_pipeline.py
[2026-05-06T02:38:48.654+0000] {processor.py:840} INFO - DAG(s) 'elt_pipeline' retrieved from /opt/airflow/dags/elt_pipeline.py
[2026-05-06T02:38:48.698+0000] {logging_mixin.py:188} INFO - [2026-05-06T02:38:48.698+0000] {dag.py:3096} INFO - Sync 1 DAGs
[2026-05-06T02:38:48.731+0000] {logging_mixin.py:188} INFO - [2026-05-06T02:38:48.731+0000] {dag.py:3954} INFO - Setting next_dagrun for elt_pipeline to 2026-05-05 00:00:00+00:00, run_after=2026-05-06 00:00:00+00:00
[2026-05-06T02:38:48.766+0000] {processor.py:183} INFO - Processing /opt/airflow/dags/elt_pipeline.py took 0.143 seconds
[2026-05-06T02:39:18.891+0000] {processor.py:161} INFO - Started process (PID=960) to work on /opt/airflow/dags/elt_pipeline.py
[2026-05-06T02:39:18.892+0000] {processor.py:830} INFO - Processing file /opt/airflow/dags/elt_pipeline.py for tasks to queue
[2026-05-06T02:39:18.894+0000] {logging_mixin.py:188} INFO - [2026-05-06T02:39:18.894+0000] {dagbag.py:545} INFO - Filling up the DagBag from /opt/airflow/dags/elt_pipeline.py
[2026-05-06T02:39:18.914+0000] {processor.py:840} INFO - DAG(s) 'elt_pipeline' retrieved from /opt/airflow/dags/elt_pipeline.py
[2026-05-06T02:39:18.938+0000] {logging_mixin.py:188} INFO - [2026-05-06T02:39:18.938+0000] {dag.py:3096} INFO - Sync 1 DAGs
[2026-05-06T02:39:18.957+0000] {logging_mixin.py:188} INFO - [2026-05-06T02:39:18.957+0000] {dag.py:3954} INFO - Setting next_dagrun for elt_pipeline to 2026-05-05 00:00:00+00:00, run_after=2026-05-06 00:00:00+00:00
[2026-05-06T02:39:18.983+0000] {processor.py:183} INFO - Processing /opt/airflow/dags/elt_pipeline.py took 0.097 seconds
[2026-05-06T02:39:49.186+0000] {processor.py:161} INFO - Started process (PID=972) to work on /opt/airflow/dags/elt_pipeline.py
[2026-05-06T02:39:49.188+0000] {processor.py:830} INFO - Processing file /opt/airflow/dags/elt_pipeline.py for tasks to queue
[2026-05-06T02:39:49.190+0000] {logging_mixin.py:188} INFO - [2026-05-06T02:39:49.189+0000] {dagbag.py:545} INFO - Filling up the DagBag from /opt/airflow/dags/elt_pipeline.py
[2026-05-06T02:39:49.209+0000] {processor.py:840} INFO - DAG(s) 'elt_pipeline' retrieved from /opt/airflow/dags/elt_pipeline.py
[2026-05-06T02:39:49.237+0000] {logging_mixin.py:188} INFO - [2026-05-06T02:39:49.237+0000] {dag.py:3096} INFO - Sync 1 DAGs
[2026-05-06T02:39:49.257+0000] {logging_mixin.py:188} INFO - [2026-05-06T02:39:49.256+0000] {dag.py:3954} INFO - Setting next_dagrun for elt_pipeline to 2026-05-05 00:00:00+00:00, run_after=2026-05-06 00:00:00+00:00
[2026-05-06T02:39:49.280+0000] {processor.py:183} INFO - Processing /opt/airflow/dags/elt_pipeline.py took 0.100 seconds
[2026-05-06T02:40:19.408+0000] {processor.py:161} INFO - Started process (PID=984) to work on /opt/airflow/dags/elt_pipeline.py
[2026-05-06T02:40:19.409+0000] {processor.py:830} INFO - Processing file /opt/airflow/dags/elt_pipeline.py for tasks to queue
[2026-05-06T02:40:19.411+0000] {logging_mixin.py:188} INFO - [2026-05-06T02:40:19.411+0000] {dagbag.py:545} INFO - Filling up the DagBag from /opt/airflow/dags/elt_pipeline.py
[2026-05-06T02:40:19.431+0000] {processor.py:840} INFO - DAG(s) 'elt_pipeline' retrieved from /opt/airflow/dags/elt_pipeline.py
[2026-05-06T02:40:19.456+0000] {logging_mixin.py:188} INFO - [2026-05-06T02:40:19.456+0000] {dag.py:3096} INFO - Sync 1 DAGs
[2026-05-06T02:40:19.474+0000] {logging_mixin.py:188} INFO - [2026-05-06T02:40:19.473+0000] {dag.py:3954} INFO - Setting next_dagrun for elt_pipeline to 2026-05-05 00:00:00+00:00, run_after=2026-05-06 00:00:00+00:00
[2026-05-06T02:40:19.498+0000] {processor.py:183} INFO - Processing /opt/airflow/dags/elt_pipeline.py took 0.095 seconds
[2026-05-06T02:40:49.734+0000] {processor.py:161} INFO - Started process (PID=996) to work on /opt/airflow/dags/elt_pipeline.py
[2026-05-06T02:40:49.735+0000] {processor.py:830} INFO - Processing file /opt/airflow/dags/elt_pipeline.py for tasks to queue
[2026-05-06T02:40:49.736+0000] {logging_mixin.py:188} INFO - [2026-05-06T02:40:49.736+0000] {dagbag.py:545} INFO - Filling up the DagBag from /opt/airflow/dags/elt_pipeline.py
[2026-05-06T02:40:49.753+0000] {processor.py:840} INFO - DAG(s) 'elt_pipeline' retrieved from /opt/airflow/dags/elt_pipeline.py
[2026-05-06T02:40:49.778+0000] {logging_mixin.py:188} INFO - [2026-05-06T02:40:49.777+0000] {dag.py:3096} INFO - Sync 1 DAGs
[2026-05-06T02:40:49.797+0000] {logging_mixin.py:188} INFO - [2026-05-06T02:40:49.797+0000] {dag.py:3954} INFO - Setting next_dagrun for elt_pipeline to 2026-05-05 00:00:00+00:00, run_after=2026-05-06 00:00:00+00:00
[2026-05-06T02:40:49.819+0000] {processor.py:183} INFO - Processing /opt/airflow/dags/elt_pipeline.py took 0.091 seconds
[2026-05-06T02:41:19.997+0000] {processor.py:161} INFO - Started process (PID=1008) to work on /opt/airflow/dags/elt_pipeline.py
[2026-05-06T02:41:19.998+0000] {processor.py:830} INFO - Processing file /opt/airflow/dags/elt_pipeline.py for tasks to queue
[2026-05-06T02:41:20.000+0000] {logging_mixin.py:188} INFO - [2026-05-06T02:41:19.999+0000] {dagbag.py:545} INFO - Filling up the DagBag from /opt/airflow/dags/elt_pipeline.py
[2026-05-06T02:41:20.022+0000] {processor.py:840} INFO - DAG(s) 'elt_pipeline' retrieved from /opt/airflow/dags/elt_pipeline.py
[2026-05-06T02:41:20.051+0000] {logging_mixin.py:188} INFO - [2026-05-06T02:41:20.050+0000] {dag.py:3096} INFO - Sync 1 DAGs
[2026-05-06T02:41:20.070+0000] {logging_mixin.py:188} INFO - [2026-05-06T02:41:20.070+0000] {dag.py:3954} INFO - Setting next_dagrun for elt_pipeline to 2026-05-05 00:00:00+00:00, run_after=2026-05-06 00:00:00+00:00
[2026-05-06T02:41:20.089+0000] {processor.py:183} INFO - Processing /opt/airflow/dags/elt_pipeline.py took 0.096 seconds
[2026-05-06T02:41:50.300+0000] {processor.py:161} INFO - Started process (PID=1020) to work on /opt/airflow/dags/elt_pipeline.py
[2026-05-06T02:41:50.300+0000] {processor.py:830} INFO - Processing file /opt/airflow/dags/elt_pipeline.py for tasks to queue
[2026-05-06T02:41:50.303+0000] {logging_mixin.py:188} INFO - [2026-05-06T02:41:50.302+0000] {dagbag.py:545} INFO - Filling up the DagBag from /opt/airflow/dags/elt_pipeline.py
[2026-05-06T02:41:50.326+0000] {processor.py:840} INFO - DAG(s) 'elt_pipeline' retrieved from /opt/airflow/dags/elt_pipeline.py
[2026-05-06T02:41:50.356+0000] {logging_mixin.py:188} INFO - [2026-05-06T02:41:50.356+0000] {dag.py:3096} INFO - Sync 1 DAGs
[2026-05-06T02:41:50.376+0000] {logging_mixin.py:188} INFO - [2026-05-06T02:41:50.376+0000] {dag.py:3954} INFO - Setting next_dagrun for elt_pipeline to 2026-05-05 00:00:00+00:00, run_after=2026-05-06 00:00:00+00:00
[2026-05-06T02:41:50.395+0000] {processor.py:183} INFO - Processing /opt/airflow/dags/elt_pipeline.py took 0.103 seconds
[2026-05-06T02:42:20.511+0000] {processor.py:161} INFO - Started process (PID=1025) to work on /opt/airflow/dags/elt_pipeline.py
[2026-05-06T02:42:20.512+0000] {processor.py:830} INFO - Processing file /opt/airflow/dags/elt_pipeline.py for tasks to queue
[2026-05-06T02:42:20.515+0000] {logging_mixin.py:188} INFO - [2026-05-06T02:42:20.514+0000] {dagbag.py:545} INFO - Filling up the DagBag from /opt/airflow/dags/elt_pipeline.py
[2026-05-06T02:42:20.545+0000] {processor.py:840} INFO - DAG(s) 'elt_pipeline' retrieved from /opt/airflow/dags/elt_pipeline.py
[2026-05-06T02:42:20.591+0000] {logging_mixin.py:188} INFO - [2026-05-06T02:42:20.591+0000] {dag.py:3096} INFO - Sync 1 DAGs
[2026-05-06T02:42:20.619+0000] {logging_mixin.py:188} INFO - [2026-05-06T02:42:20.619+0000] {dag.py:3954} INFO - Setting next_dagrun for elt_pipeline to 2026-05-05 00:00:00+00:00, run_after=2026-05-06 00:00:00+00:00
[2026-05-06T02:42:20.652+0000] {processor.py:183} INFO - Processing /opt/airflow/dags/elt_pipeline.py took 0.148 seconds
[2026-05-06T02:42:50.853+0000] {processor.py:161} INFO - Started process (PID=1037) to work on /opt/airflow/dags/elt_pipeline.py
[2026-05-06T02:42:50.854+0000] {processor.py:830} INFO - Processing file /opt/airflow/dags/elt_pipeline.py for tasks to queue
[2026-05-06T02:42:50.856+0000] {logging_mixin.py:188} INFO - [2026-05-06T02:42:50.856+0000] {dagbag.py:545} INFO - Filling up the DagBag from /opt/airflow/dags/elt_pipeline.py
[2026-05-06T02:42:50.875+0000] {processor.py:840} INFO - DAG(s) 'elt_pipeline' retrieved from /opt/airflow/dags/elt_pipeline.py
[2026-05-06T02:42:50.899+0000] {logging_mixin.py:188} INFO - [2026-05-06T02:42:50.899+0000] {dag.py:3096} INFO - Sync 1 DAGs
[2026-05-06T02:42:50.920+0000] {logging_mixin.py:188} INFO - [2026-05-06T02:42:50.919+0000] {dag.py:3954} INFO - Setting next_dagrun for elt_pipeline to 2026-05-05 00:00:00+00:00, run_after=2026-05-06 00:00:00+00:00
[2026-05-06T02:42:50.947+0000] {processor.py:183} INFO - Processing /opt/airflow/dags/elt_pipeline.py took 0.100 seconds
[2026-05-06T02:43:21.076+0000] {processor.py:161} INFO - Started process (PID=1049) to work on /opt/airflow/dags/elt_pipeline.py
[2026-05-06T02:43:21.076+0000] {processor.py:830} INFO - Processing file /opt/airflow/dags/elt_pipeline.py for tasks to queue
[2026-05-06T02:43:21.078+0000] {logging_mixin.py:188} INFO - [2026-05-06T02:43:21.078+0000] {dagbag.py:545} INFO - Filling up the DagBag from /opt/airflow/dags/elt_pipeline.py
[2026-05-06T02:43:21.096+0000] {processor.py:840} INFO - DAG(s) 'elt_pipeline' retrieved from /opt/airflow/dags/elt_pipeline.py
[2026-05-06T02:43:21.122+0000] {logging_mixin.py:188} INFO - [2026-05-06T02:43:21.122+0000] {dag.py:3096} INFO - Sync 1 DAGs
[2026-05-06T02:43:21.142+0000] {logging_mixin.py:188} INFO - [2026-05-06T02:43:21.142+0000] {dag.py:3954} INFO - Setting next_dagrun for elt_pipeline to 2026-05-05 00:00:00+00:00, run_after=2026-05-06 00:00:00+00:00
[2026-05-06T02:43:21.173+0000] {processor.py:183} INFO - Processing /opt/airflow/dags/elt_pipeline.py took 0.103 seconds
[2026-05-06T02:43:51.376+0000] {processor.py:161} INFO - Started process (PID=1061) to work on /opt/airflow/dags/elt_pipeline.py
[2026-05-06T02:43:51.377+0000] {processor.py:830} INFO - Processing file /opt/airflow/dags/elt_pipeline.py for tasks to queue
[2026-05-06T02:43:51.378+0000] {logging_mixin.py:188} INFO - [2026-05-06T02:43:51.378+0000] {dagbag.py:545} INFO - Filling up the DagBag from /opt/airflow/dags/elt_pipeline.py
[2026-05-06T02:43:51.397+0000] {processor.py:840} INFO - DAG(s) 'elt_pipeline' retrieved from /opt/airflow/dags/elt_pipeline.py
[2026-05-06T02:43:51.423+0000] {logging_mixin.py:188} INFO - [2026-05-06T02:43:51.423+0000] {dag.py:3096} INFO - Sync 1 DAGs
[2026-05-06T02:43:51.443+0000] {logging_mixin.py:188} INFO - [2026-05-06T02:43:51.443+0000] {dag.py:3954} INFO - Setting next_dagrun for elt_pipeline to 2026-05-05 00:00:00+00:00, run_after=2026-05-06 00:00:00+00:00
[2026-05-06T02:43:51.468+0000] {processor.py:183} INFO - Processing /opt/airflow/dags/elt_pipeline.py took 0.097 seconds
[2026-05-06T02:44:21.584+0000] {processor.py:161} INFO - Started process (PID=1073) to work on /opt/airflow/dags/elt_pipeline.py
[2026-05-06T02:44:21.585+0000] {processor.py:830} INFO - Processing file /opt/airflow/dags/elt_pipeline.py for tasks to queue
[2026-05-06T02:44:21.587+0000] {logging_mixin.py:188} INFO - [2026-05-06T02:44:21.586+0000] {dagbag.py:545} INFO - Filling up the DagBag from /opt/airflow/dags/elt_pipeline.py
[2026-05-06T02:44:21.605+0000] {processor.py:840} INFO - DAG(s) 'elt_pipeline' retrieved from /opt/airflow/dags/elt_pipeline.py
[2026-05-06T02:44:21.630+0000] {logging_mixin.py:188} INFO - [2026-05-06T02:44:21.630+0000] {dag.py:3096} INFO - Sync 1 DAGs
[2026-05-06T02:44:21.647+0000] {logging_mixin.py:188} INFO - [2026-05-06T02:44:21.647+0000] {dag.py:3954} INFO - Setting next_dagrun for elt_pipeline to 2026-05-05 00:00:00+00:00, run_after=2026-05-06 00:00:00+00:00
[2026-05-06T02:44:21.673+0000] {processor.py:183} INFO - Processing /opt/airflow/dags/elt_pipeline.py took 0.095 seconds
[2026-05-06T02:44:51.889+0000] {processor.py:161} INFO - Started process (PID=1085) to work on /opt/airflow/dags/elt_pipeline.py
[2026-05-06T02:44:51.890+0000] {processor.py:830} INFO - Processing file /opt/airflow/dags/elt_pipeline.py for tasks to queue
[2026-05-06T02:44:51.892+0000] {logging_mixin.py:188} INFO - [2026-05-06T02:44:51.891+0000] {dagbag.py:545} INFO - Filling up the DagBag from /opt/airflow/dags/elt_pipeline.py
[2026-05-06T02:44:51.910+0000] {processor.py:840} INFO - DAG(s) 'elt_pipeline' retrieved from /opt/airflow/dags/elt_pipeline.py
[2026-05-06T02:44:51.936+0000] {logging_mixin.py:188} INFO - [2026-05-06T02:44:51.935+0000] {dag.py:3096} INFO - Sync 1 DAGs
[2026-05-06T02:44:51.958+0000] {logging_mixin.py:188} INFO - [2026-05-06T02:44:51.958+0000] {dag.py:3954} INFO - Setting next_dagrun for elt_pipeline to 2026-05-05 00:00:00+00:00, run_after=2026-05-06 00:00:00+00:00
[2026-05-06T02:44:51.990+0000] {processor.py:183} INFO - Processing /opt/airflow/dags/elt_pipeline.py took 0.105 seconds
[2026-05-06T02:45:22.154+0000] {processor.py:161} INFO - Started process (PID=1097) to work on /opt/airflow/dags/elt_pipeline.py
[2026-05-06T02:45:22.155+0000] {processor.py:830} INFO - Processing file /opt/airflow/dags/elt_pipeline.py for tasks to queue
[2026-05-06T02:45:22.157+0000] {logging_mixin.py:188} INFO - [2026-05-06T02:45:22.157+0000] {dagbag.py:545} INFO - Filling up the DagBag from /opt/airflow/dags/elt_pipeline.py
[2026-05-06T02:45:22.175+0000] {processor.py:840} INFO - DAG(s) 'elt_pipeline' retrieved from /opt/airflow/dags/elt_pipeline.py
[2026-05-06T02:45:22.205+0000] {logging_mixin.py:188} INFO - [2026-05-06T02:45:22.204+0000] {dag.py:3096} INFO - Sync 1 DAGs
[2026-05-06T02:45:22.226+0000] {logging_mixin.py:188} INFO - [2026-05-06T02:45:22.225+0000] {dag.py:3954} INFO - Setting next_dagrun for elt_pipeline to 2026-05-05 00:00:00+00:00, run_after=2026-05-06 00:00:00+00:00
[2026-05-06T02:45:22.254+0000] {processor.py:183} INFO - Processing /opt/airflow/dags/elt_pipeline.py took 0.107 seconds
[2026-05-06T02:45:52.526+0000] {processor.py:161} INFO - Started process (PID=1109) to work on /opt/airflow/dags/elt_pipeline.py
[2026-05-06T02:45:52.526+0000] {processor.py:830} INFO - Processing file /opt/airflow/dags/elt_pipeline.py for tasks to queue
[2026-05-06T02:45:52.528+0000] {logging_mixin.py:188} INFO - [2026-05-06T02:45:52.527+0000] {dagbag.py:545} INFO - Filling up the DagBag from /opt/airflow/dags/elt_pipeline.py
[2026-05-06T02:45:52.547+0000] {processor.py:840} INFO - DAG(s) 'elt_pipeline' retrieved from /opt/airflow/dags/elt_pipeline.py
[2026-05-06T02:45:52.573+0000] {logging_mixin.py:188} INFO - [2026-05-06T02:45:52.572+0000] {dag.py:3096} INFO - Sync 1 DAGs
[2026-05-06T02:45:52.591+0000] {logging_mixin.py:188} INFO - [2026-05-06T02:45:52.591+0000] {dag.py:3954} INFO - Setting next_dagrun for elt_pipeline to 2026-05-05 00:00:00+00:00, run_after=2026-05-06 00:00:00+00:00
[2026-05-06T02:45:52.620+0000] {processor.py:183} INFO - Processing /opt/airflow/dags/elt_pipeline.py took 0.099 seconds
[2026-05-06T02:46:22.779+0000] {processor.py:161} INFO - Started process (PID=1121) to work on /opt/airflow/dags/elt_pipeline.py
[2026-05-06T02:46:22.780+0000] {processor.py:830} INFO - Processing file /opt/airflow/dags/elt_pipeline.py for tasks to queue
[2026-05-06T02:46:22.781+0000] {logging_mixin.py:188} INFO - [2026-05-06T02:46:22.781+0000] {dagbag.py:545} INFO - Filling up the DagBag from /opt/airflow/dags/elt_pipeline.py
[2026-05-06T02:46:22.801+0000] {processor.py:840} INFO - DAG(s) 'elt_pipeline' retrieved from /opt/airflow/dags/elt_pipeline.py
[2026-05-06T02:46:22.830+0000] {logging_mixin.py:188} INFO - [2026-05-06T02:46:22.829+0000] {dag.py:3096} INFO - Sync 1 DAGs
[2026-05-06T02:46:22.848+0000] {logging_mixin.py:188} INFO - [2026-05-06T02:46:22.848+0000] {dag.py:3954} INFO - Setting next_dagrun for elt_pipeline to 2026-05-05 00:00:00+00:00, run_after=2026-05-06 00:00:00+00:00
[2026-05-06T02:46:22.875+0000] {processor.py:183} INFO - Processing /opt/airflow/dags/elt_pipeline.py took 0.102 seconds
[2026-05-06T02:46:53.062+0000] {processor.py:161} INFO - Started process (PID=1133) to work on /opt/airflow/dags/elt_pipeline.py
[2026-05-06T02:46:53.063+0000] {processor.py:830} INFO - Processing file /opt/airflow/dags/elt_pipeline.py for tasks to queue
[2026-05-06T02:46:53.065+0000] {logging_mixin.py:188} INFO - [2026-05-06T02:46:53.064+0000] {dagbag.py:545} INFO - Filling up the DagBag from /opt/airflow/dags/elt_pipeline.py
[2026-05-06T02:46:53.082+0000] {processor.py:840} INFO - DAG(s) 'elt_pipeline' retrieved from /opt/airflow/dags/elt_pipeline.py
[2026-05-06T02:46:53.107+0000] {logging_mixin.py:188} INFO - [2026-05-06T02:46:53.107+0000] {dag.py:3096} INFO - Sync 1 DAGs
[2026-05-06T02:46:53.125+0000] {logging_mixin.py:188} INFO - [2026-05-06T02:46:53.124+0000] {dag.py:3954} INFO - Setting next_dagrun for elt_pipeline to 2026-05-05 00:00:00+00:00, run_after=2026-05-06 00:00:00+00:00
[2026-05-06T02:46:53.152+0000] {processor.py:183} INFO - Processing /opt/airflow/dags/elt_pipeline.py took 0.094 seconds
[2026-05-06T02:47:23.295+0000] {processor.py:161} INFO - Started process (PID=1145) to work on /opt/airflow/dags/elt_pipeline.py
[2026-05-06T02:47:23.296+0000] {processor.py:830} INFO - Processing file /opt/airflow/dags/elt_pipeline.py for tasks to queue
[2026-05-06T02:47:23.298+0000] {logging_mixin.py:188} INFO - [2026-05-06T02:47:23.297+0000] {dagbag.py:545} INFO - Filling up the DagBag from /opt/airflow/dags/elt_pipeline.py
[2026-05-06T02:47:23.326+0000] {processor.py:840} INFO - DAG(s) 'elt_pipeline' retrieved from /opt/airflow/dags/elt_pipeline.py
[2026-05-06T02:47:23.377+0000] {logging_mixin.py:188} INFO - [2026-05-06T02:47:23.376+0000] {dag.py:3096} INFO - Sync 1 DAGs
[2026-05-06T02:47:23.397+0000] {logging_mixin.py:188} INFO - [2026-05-06T02:47:23.397+0000] {dag.py:3954} INFO - Setting next_dagrun for elt_pipeline to 2026-05-05 00:00:00+00:00, run_after=2026-05-06 00:00:00+00:00
[2026-05-06T02:47:23.429+0000] {processor.py:183} INFO - Processing /opt/airflow/dags/elt_pipeline.py took 0.140 seconds
[2026-05-06T02:47:53.574+0000] {processor.py:161} INFO - Started process (PID=1157) to work on /opt/airflow/dags/elt_pipeline.py
[2026-05-06T02:47:53.575+0000] {processor.py:830} INFO - Processing file /opt/airflow/dags/elt_pipeline.py for tasks to queue
[2026-05-06T02:47:53.577+0000] {logging_mixin.py:188} INFO - [2026-05-06T02:47:53.577+0000] {dagbag.py:545} INFO - Filling up the DagBag from /opt/airflow/dags/elt_pipeline.py
[2026-05-06T02:47:53.600+0000] {processor.py:840} INFO - DAG(s) 'elt_pipeline' retrieved from /opt/airflow/dags/elt_pipeline.py
[2026-05-06T02:47:53.629+0000] {logging_mixin.py:188} INFO - [2026-05-06T02:47:53.629+0000] {dag.py:3096} INFO - Sync 1 DAGs
[2026-05-06T02:47:53.649+0000] {logging_mixin.py:188} INFO - [2026-05-06T02:47:53.648+0000] {dag.py:3954} INFO - Setting next_dagrun for elt_pipeline to 2026-05-05 00:00:00+00:00, run_after=2026-05-06 00:00:00+00:00
[2026-05-06T02:47:53.673+0000] {processor.py:183} INFO - Processing /opt/airflow/dags/elt_pipeline.py took 0.103 seconds
[2026-05-06T02:48:23.872+0000] {processor.py:161} INFO - Started process (PID=1169) to work on /opt/airflow/dags/elt_pipeline.py
[2026-05-06T02:48:23.873+0000] {processor.py:830} INFO - Processing file /opt/airflow/dags/elt_pipeline.py for tasks to queue
[2026-05-06T02:48:23.874+0000] {logging_mixin.py:188} INFO - [2026-05-06T02:48:23.874+0000] {dagbag.py:545} INFO - Filling up the DagBag from /opt/airflow/dags/elt_pipeline.py
[2026-05-06T02:48:23.895+0000] {processor.py:840} INFO - DAG(s) 'elt_pipeline' retrieved from /opt/airflow/dags/elt_pipeline.py
[2026-05-06T02:48:23.920+0000] {logging_mixin.py:188} INFO - [2026-05-06T02:48:23.920+0000] {dag.py:3096} INFO - Sync 1 DAGs
[2026-05-06T02:48:23.939+0000] {logging_mixin.py:188} INFO - [2026-05-06T02:48:23.939+0000] {dag.py:3954} INFO - Setting next_dagrun for elt_pipeline to 2026-05-05 00:00:00+00:00, run_after=2026-05-06 00:00:00+00:00
[2026-05-06T02:48:23.959+0000] {processor.py:183} INFO - Processing /opt/airflow/dags/elt_pipeline.py took 0.093 seconds
[2026-05-06T02:48:54.161+0000] {processor.py:161} INFO - Started process (PID=1181) to work on /opt/airflow/dags/elt_pipeline.py
[2026-05-06T02:48:54.162+0000] {processor.py:830} INFO - Processing file /opt/airflow/dags/elt_pipeline.py for tasks to queue
[2026-05-06T02:48:54.164+0000] {logging_mixin.py:188} INFO - [2026-05-06T02:48:54.163+0000] {dagbag.py:545} INFO - Filling up the DagBag from /opt/airflow/dags/elt_pipeline.py
[2026-05-06T02:48:54.184+0000] {processor.py:840} INFO - DAG(s) 'elt_pipeline' retrieved from /opt/airflow/dags/elt_pipeline.py
[2026-05-06T02:48:54.208+0000] {logging_mixin.py:188} INFO - [2026-05-06T02:48:54.208+0000] {dag.py:3096} INFO - Sync 1 DAGs
[2026-05-06T02:48:54.225+0000] {logging_mixin.py:188} INFO - [2026-05-06T02:48:54.225+0000] {dag.py:3954} INFO - Setting next_dagrun for elt_pipeline to 2026-05-05 00:00:00+00:00, run_after=2026-05-06 00:00:00+00:00
[2026-05-06T02:48:54.252+0000] {processor.py:183} INFO - Processing /opt/airflow/dags/elt_pipeline.py took 0.095 seconds
[2026-05-06T02:49:24.382+0000] {processor.py:161} INFO - Started process (PID=1193) to work on /opt/airflow/dags/elt_pipeline.py
[2026-05-06T02:49:24.383+0000] {processor.py:830} INFO - Processing file /opt/airflow/dags/elt_pipeline.py for tasks to queue
[2026-05-06T02:49:24.385+0000] {logging_mixin.py:188} INFO - [2026-05-06T02:49:24.384+0000] {dagbag.py:545} INFO - Filling up the DagBag from /opt/airflow/dags/elt_pipeline.py
[2026-05-06T02:49:24.404+0000] {processor.py:840} INFO - DAG(s) 'elt_pipeline' retrieved from /opt/airflow/dags/elt_pipeline.py
[2026-05-06T02:49:24.429+0000] {logging_mixin.py:188} INFO - [2026-05-06T02:49:24.429+0000] {dag.py:3096} INFO - Sync 1 DAGs
[2026-05-06T02:49:24.445+0000] {logging_mixin.py:188} INFO - [2026-05-06T02:49:24.445+0000] {dag.py:3954} INFO - Setting next_dagrun for elt_pipeline to 2026-05-05 00:00:00+00:00, run_after=2026-05-06 00:00:00+00:00
[2026-05-06T02:49:24.470+0000] {processor.py:183} INFO - Processing /opt/airflow/dags/elt_pipeline.py took 0.093 seconds
[2026-05-06T02:49:54.696+0000] {processor.py:161} INFO - Started process (PID=1205) to work on /opt/airflow/dags/elt_pipeline.py
[2026-05-06T02:49:54.697+0000] {processor.py:830} INFO - Processing file /opt/airflow/dags/elt_pipeline.py for tasks to queue
[2026-05-06T02:49:54.699+0000] {logging_mixin.py:188} INFO - [2026-05-06T02:49:54.698+0000] {dagbag.py:545} INFO - Filling up the DagBag from /opt/airflow/dags/elt_pipeline.py
[2026-05-06T02:49:54.717+0000] {processor.py:840} INFO - DAG(s) 'elt_pipeline' retrieved from /opt/airflow/dags/elt_pipeline.py
[2026-05-06T02:49:54.741+0000] {logging_mixin.py:188} INFO - [2026-05-06T02:49:54.741+0000] {dag.py:3096} INFO - Sync 1 DAGs
[2026-05-06T02:49:54.769+0000] {logging_mixin.py:188} INFO - [2026-05-06T02:49:54.769+0000] {dag.py:3954} INFO - Setting next_dagrun for elt_pipeline to 2026-05-05 00:00:00+00:00, run_after=2026-05-06 00:00:00+00:00
[2026-05-06T02:49:54.794+0000] {processor.py:183} INFO - Processing /opt/airflow/dags/elt_pipeline.py took 0.102 seconds
[2026-05-06T02:50:24.919+0000] {processor.py:161} INFO - Started process (PID=1217) to work on /opt/airflow/dags/elt_pipeline.py
[2026-05-06T02:50:24.920+0000] {processor.py:830} INFO - Processing file /opt/airflow/dags/elt_pipeline.py for tasks to queue
[2026-05-06T02:50:24.922+0000] {logging_mixin.py:188} INFO - [2026-05-06T02:50:24.921+0000] {dagbag.py:545} INFO - Filling up the DagBag from /opt/airflow/dags/elt_pipeline.py
[2026-05-06T02:50:24.940+0000] {processor.py:840} INFO - DAG(s) 'elt_pipeline' retrieved from /opt/airflow/dags/elt_pipeline.py
[2026-05-06T02:50:24.968+0000] {logging_mixin.py:188} INFO - [2026-05-06T02:50:24.968+0000] {dag.py:3096} INFO - Sync 1 DAGs
[2026-05-06T02:50:24.987+0000] {logging_mixin.py:188} INFO - [2026-05-06T02:50:24.987+0000] {dag.py:3954} INFO - Setting next_dagrun for elt_pipeline to 2026-05-05 00:00:00+00:00, run_after=2026-05-06 00:00:00+00:00
[2026-05-06T02:50:25.013+0000] {processor.py:183} INFO - Processing /opt/airflow/dags/elt_pipeline.py took 0.099 seconds
[2026-05-06T02:50:55.289+0000] {processor.py:161} INFO - Started process (PID=1229) to work on /opt/airflow/dags/elt_pipeline.py
[2026-05-06T02:50:55.290+0000] {processor.py:830} INFO - Processing file /opt/airflow/dags/elt_pipeline.py for tasks to queue
[2026-05-06T02:50:55.292+0000] {logging_mixin.py:188} INFO - [2026-05-06T02:50:55.292+0000] {dagbag.py:545} INFO - Filling up the DagBag from /opt/airflow/dags/elt_pipeline.py
[2026-05-06T02:50:55.313+0000] {processor.py:840} INFO - DAG(s) 'elt_pipeline' retrieved from /opt/airflow/dags/elt_pipeline.py
[2026-05-06T02:50:55.343+0000] {logging_mixin.py:188} INFO - [2026-05-06T02:50:55.343+0000] {dag.py:3096} INFO - Sync 1 DAGs
[2026-05-06T02:50:55.370+0000] {logging_mixin.py:188} INFO - [2026-05-06T02:50:55.369+0000] {dag.py:3954} INFO - Setting next_dagrun for elt_pipeline to 2026-05-05 00:00:00+00:00, run_after=2026-05-06 00:00:00+00:00
[2026-05-06T02:50:55.390+0000] {processor.py:183} INFO - Processing /opt/airflow/dags/elt_pipeline.py took 0.107 seconds
[2026-05-06T02:51:25.526+0000] {processor.py:161} INFO - Started process (PID=1234) to work on /opt/airflow/dags/elt_pipeline.py
[2026-05-06T02:51:25.527+0000] {processor.py:830} INFO - Processing file /opt/airflow/dags/elt_pipeline.py for tasks to queue
[2026-05-06T02:51:25.528+0000] {logging_mixin.py:188} INFO - [2026-05-06T02:51:25.528+0000] {dagbag.py:545} INFO - Filling up the DagBag from /opt/airflow/dags/elt_pipeline.py
[2026-05-06T02:51:25.549+0000] {processor.py:840} INFO - DAG(s) 'elt_pipeline' retrieved from /opt/airflow/dags/elt_pipeline.py
[2026-05-06T02:51:25.578+0000] {logging_mixin.py:188} INFO - [2026-05-06T02:51:25.577+0000] {dag.py:3096} INFO - Sync 1 DAGs
[2026-05-06T02:51:25.594+0000] {logging_mixin.py:188} INFO - [2026-05-06T02:51:25.594+0000] {dag.py:3954} INFO - Setting next_dagrun for elt_pipeline to 2026-05-05 00:00:00+00:00, run_after=2026-05-06 00:00:00+00:00
[2026-05-06T02:51:25.621+0000] {processor.py:183} INFO - Processing /opt/airflow/dags/elt_pipeline.py took 0.103 seconds
[2026-05-06T02:51:55.846+0000] {processor.py:161} INFO - Started process (PID=1246) to work on /opt/airflow/dags/elt_pipeline.py
[2026-05-06T02:51:55.846+0000] {processor.py:830} INFO - Processing file /opt/airflow/dags/elt_pipeline.py for tasks to queue
[2026-05-06T02:51:55.848+0000] {logging_mixin.py:188} INFO - [2026-05-06T02:51:55.848+0000] {dagbag.py:545} INFO - Filling up the DagBag from /opt/airflow/dags/elt_pipeline.py
[2026-05-06T02:51:55.870+0000] {processor.py:840} INFO - DAG(s) 'elt_pipeline' retrieved from /opt/airflow/dags/elt_pipeline.py
[2026-05-06T02:51:55.897+0000] {logging_mixin.py:188} INFO - [2026-05-06T02:51:55.897+0000] {dag.py:3096} INFO - Sync 1 DAGs
[2026-05-06T02:51:55.918+0000] {logging_mixin.py:188} INFO - [2026-05-06T02:51:55.917+0000] {dag.py:3954} INFO - Setting next_dagrun for elt_pipeline to 2026-05-05 00:00:00+00:00, run_after=2026-05-06 00:00:00+00:00
[2026-05-06T02:51:55.942+0000] {processor.py:183} INFO - Processing /opt/airflow/dags/elt_pipeline.py took 0.102 seconds
[2026-05-06T02:52:26.119+0000] {processor.py:161} INFO - Started process (PID=1258) to work on /opt/airflow/dags/elt_pipeline.py
[2026-05-06T02:52:26.120+0000] {processor.py:830} INFO - Processing file /opt/airflow/dags/elt_pipeline.py for tasks to queue
[2026-05-06T02:52:26.122+0000] {logging_mixin.py:188} INFO - [2026-05-06T02:52:26.122+0000] {dagbag.py:545} INFO - Filling up the DagBag from /opt/airflow/dags/elt_pipeline.py
[2026-05-06T02:52:26.146+0000] {processor.py:840} INFO - DAG(s) 'elt_pipeline' retrieved from /opt/airflow/dags/elt_pipeline.py
[2026-05-06T02:52:26.173+0000] {logging_mixin.py:188} INFO - [2026-05-06T02:52:26.173+0000] {dag.py:3096} INFO - Sync 1 DAGs
[2026-05-06T02:52:26.195+0000] {logging_mixin.py:188} INFO - [2026-05-06T02:52:26.195+0000] {dag.py:3954} INFO - Setting next_dagrun for elt_pipeline to 2026-05-05 00:00:00+00:00, run_after=2026-05-06 00:00:00+00:00
[2026-05-06T02:52:26.225+0000] {processor.py:183} INFO - Processing /opt/airflow/dags/elt_pipeline.py took 0.112 seconds
[2026-05-06T02:52:56.454+0000] {processor.py:161} INFO - Started process (PID=1270) to work on /opt/airflow/dags/elt_pipeline.py
[2026-05-06T02:52:56.455+0000] {processor.py:830} INFO - Processing file /opt/airflow/dags/elt_pipeline.py for tasks to queue
[2026-05-06T02:52:56.457+0000] {logging_mixin.py:188} INFO - [2026-05-06T02:52:56.457+0000] {dagbag.py:545} INFO - Filling up the DagBag from /opt/airflow/dags/elt_pipeline.py
[2026-05-06T02:52:56.478+0000] {processor.py:840} INFO - DAG(s) 'elt_pipeline' retrieved from /opt/airflow/dags/elt_pipeline.py
[2026-05-06T02:52:56.507+0000] {logging_mixin.py:188} INFO - [2026-05-06T02:52:56.506+0000] {dag.py:3096} INFO - Sync 1 DAGs
[2026-05-06T02:52:56.527+0000] {logging_mixin.py:188} INFO - [2026-05-06T02:52:56.527+0000] {dag.py:3954} INFO - Setting next_dagrun for elt_pipeline to 2026-05-05 00:00:00+00:00, run_after=2026-05-06 00:00:00+00:00
[2026-05-06T02:52:56.554+0000] {processor.py:183} INFO - Processing /opt/airflow/dags/elt_pipeline.py took 0.105 seconds
[2026-05-06T02:53:26.730+0000] {processor.py:161} INFO - Started process (PID=1282) to work on /opt/airflow/dags/elt_pipeline.py
[2026-05-06T02:53:26.731+0000] {processor.py:830} INFO - Processing file /opt/airflow/dags/elt_pipeline.py for tasks to queue
[2026-05-06T02:53:26.733+0000] {logging_mixin.py:188} INFO - [2026-05-06T02:53:26.732+0000] {dagbag.py:545} INFO - Filling up the DagBag from /opt/airflow/dags/elt_pipeline.py
[2026-05-06T02:53:26.750+0000] {processor.py:840} INFO - DAG(s) 'elt_pipeline' retrieved from /opt/airflow/dags/elt_pipeline.py
[2026-05-06T02:53:26.776+0000] {logging_mixin.py:188} INFO - [2026-05-06T02:53:26.775+0000] {dag.py:3096} INFO - Sync 1 DAGs
[2026-05-06T02:53:26.796+0000] {logging_mixin.py:188} INFO - [2026-05-06T02:53:26.796+0000] {dag.py:3954} INFO - Setting next_dagrun for elt_pipeline to 2026-05-05 00:00:00+00:00, run_after=2026-05-06 00:00:00+00:00
[2026-05-06T02:53:26.823+0000] {processor.py:183} INFO - Processing /opt/airflow/dags/elt_pipeline.py took 0.097 seconds
[2026-05-06T02:53:57.046+0000] {processor.py:161} INFO - Started process (PID=1294) to work on /opt/airflow/dags/elt_pipeline.py
[2026-05-06T02:53:57.046+0000] {processor.py:830} INFO - Processing file /opt/airflow/dags/elt_pipeline.py for tasks to queue
[2026-05-06T02:53:57.048+0000] {logging_mixin.py:188} INFO - [2026-05-06T02:53:57.048+0000] {dagbag.py:545} INFO - Filling up the DagBag from /opt/airflow/dags/elt_pipeline.py
[2026-05-06T02:53:57.068+0000] {processor.py:840} INFO - DAG(s) 'elt_pipeline' retrieved from /opt/airflow/dags/elt_pipeline.py
[2026-05-06T02:53:57.093+0000] {logging_mixin.py:188} INFO - [2026-05-06T02:53:57.093+0000] {dag.py:3096} INFO - Sync 1 DAGs
[2026-05-06T02:53:57.110+0000] {logging_mixin.py:188} INFO - [2026-05-06T02:53:57.110+0000] {dag.py:3954} INFO - Setting next_dagrun for elt_pipeline to 2026-05-05 00:00:00+00:00, run_after=2026-05-06 00:00:00+00:00
[2026-05-06T02:53:57.135+0000] {processor.py:183} INFO - Processing /opt/airflow/dags/elt_pipeline.py took 0.094 seconds
[2026-05-06T02:54:27.284+0000] {processor.py:161} INFO - Started process (PID=1306) to work on /opt/airflow/dags/elt_pipeline.py
[2026-05-06T02:54:27.285+0000] {processor.py:830} INFO - Processing file /opt/airflow/dags/elt_pipeline.py for tasks to queue
[2026-05-06T02:54:27.287+0000] {logging_mixin.py:188} INFO - [2026-05-06T02:54:27.287+0000] {dagbag.py:545} INFO - Filling up the DagBag from /opt/airflow/dags/elt_pipeline.py
[2026-05-06T02:54:27.306+0000] {processor.py:840} INFO - DAG(s) 'elt_pipeline' retrieved from /opt/airflow/dags/elt_pipeline.py
[2026-05-06T02:54:27.332+0000] {logging_mixin.py:188} INFO - [2026-05-06T02:54:27.332+0000] {dag.py:3096} INFO - Sync 1 DAGs
[2026-05-06T02:54:27.352+0000] {logging_mixin.py:188} INFO - [2026-05-06T02:54:27.352+0000] {dag.py:3954} INFO - Setting next_dagrun for elt_pipeline to 2026-05-05 00:00:00+00:00, run_after=2026-05-06 00:00:00+00:00
[2026-05-06T02:54:27.380+0000] {processor.py:183} INFO - Processing /opt/airflow/dags/elt_pipeline.py took 0.100 seconds
[2026-05-06T02:54:57.608+0000] {processor.py:161} INFO - Started process (PID=1318) to work on /opt/airflow/dags/elt_pipeline.py
[2026-05-06T02:54:57.609+0000] {processor.py:830} INFO - Processing file /opt/airflow/dags/elt_pipeline.py for tasks to queue
[2026-05-06T02:54:57.611+0000] {logging_mixin.py:188} INFO - [2026-05-06T02:54:57.611+0000] {dagbag.py:545} INFO - Filling up the DagBag from /opt/airflow/dags/elt_pipeline.py
[2026-05-06T02:54:57.629+0000] {processor.py:840} INFO - DAG(s) 'elt_pipeline' retrieved from /opt/airflow/dags/elt_pipeline.py
[2026-05-06T02:54:57.654+0000] {logging_mixin.py:188} INFO - [2026-05-06T02:54:57.654+0000] {dag.py:3096} INFO - Sync 1 DAGs
[2026-05-06T02:54:57.672+0000] {logging_mixin.py:188} INFO - [2026-05-06T02:54:57.672+0000] {dag.py:3954} INFO - Setting next_dagrun for elt_pipeline to 2026-05-05 00:00:00+00:00, run_after=2026-05-06 00:00:00+00:00
[2026-05-06T02:54:57.694+0000] {processor.py:183} INFO - Processing /opt/airflow/dags/elt_pipeline.py took 0.092 seconds
[2026-05-06T02:55:27.817+0000] {processor.py:161} INFO - Started process (PID=1330) to work on /opt/airflow/dags/elt_pipeline.py
[2026-05-06T02:55:27.818+0000] {processor.py:830} INFO - Processing file /opt/airflow/dags/elt_pipeline.py for tasks to queue
[2026-05-06T02:55:27.820+0000] {logging_mixin.py:188} INFO - [2026-05-06T02:55:27.820+0000] {dagbag.py:545} INFO - Filling up the DagBag from /opt/airflow/dags/elt_pipeline.py
[2026-05-06T02:55:27.842+0000] {processor.py:840} INFO - DAG(s) 'elt_pipeline' retrieved from /opt/airflow/dags/elt_pipeline.py
[2026-05-06T02:55:27.869+0000] {logging_mixin.py:188} INFO - [2026-05-06T02:55:27.869+0000] {dag.py:3096} INFO - Sync 1 DAGs
[2026-05-06T02:55:27.890+0000] {logging_mixin.py:188} INFO - [2026-05-06T02:55:27.890+0000] {dag.py:3954} INFO - Setting next_dagrun for elt_pipeline to 2026-05-05 00:00:00+00:00, run_after=2026-05-06 00:00:00+00:00
[2026-05-06T02:55:27.914+0000] {processor.py:183} INFO - Processing /opt/airflow/dags/elt_pipeline.py took 0.104 seconds
[2026-05-06T02:55:58.167+0000] {processor.py:161} INFO - Started process (PID=1342) to work on /opt/airflow/dags/elt_pipeline.py
[2026-05-06T02:55:58.168+0000] {processor.py:830} INFO - Processing file /opt/airflow/dags/elt_pipeline.py for tasks to queue
[2026-05-06T02:55:58.170+0000] {logging_mixin.py:188} INFO - [2026-05-06T02:55:58.169+0000] {dagbag.py:545} INFO - Filling up the DagBag from /opt/airflow/dags/elt_pipeline.py
[2026-05-06T02:55:58.198+0000] {processor.py:840} INFO - DAG(s) 'elt_pipeline' retrieved from /opt/airflow/dags/elt_pipeline.py
[2026-05-06T02:55:58.231+0000] {logging_mixin.py:188} INFO - [2026-05-06T02:55:58.231+0000] {dag.py:3096} INFO - Sync 1 DAGs
[2026-05-06T02:55:58.254+0000] {logging_mixin.py:188} INFO - [2026-05-06T02:55:58.253+0000] {dag.py:3954} INFO - Setting next_dagrun for elt_pipeline to 2026-05-05 00:00:00+00:00, run_after=2026-05-06 00:00:00+00:00
[2026-05-06T02:55:58.287+0000] {processor.py:183} INFO - Processing /opt/airflow/dags/elt_pipeline.py took 0.125 seconds
[2026-05-06T02:56:28.411+0000] {processor.py:161} INFO - Started process (PID=1354) to work on /opt/airflow/dags/elt_pipeline.py
[2026-05-06T02:56:28.412+0000] {processor.py:830} INFO - Processing file /opt/airflow/dags/elt_pipeline.py for tasks to queue
[2026-05-06T02:56:28.414+0000] {logging_mixin.py:188} INFO - [2026-05-06T02:56:28.414+0000] {dagbag.py:545} INFO - Filling up the DagBag from /opt/airflow/dags/elt_pipeline.py
[2026-05-06T02:56:28.432+0000] {processor.py:840} INFO - DAG(s) 'elt_pipeline' retrieved from /opt/airflow/dags/elt_pipeline.py
[2026-05-06T02:56:28.459+0000] {logging_mixin.py:188} INFO - [2026-05-06T02:56:28.459+0000] {dag.py:3096} INFO - Sync 1 DAGs
[2026-05-06T02:56:28.477+0000] {logging_mixin.py:188} INFO - [2026-05-06T02:56:28.477+0000] {dag.py:3954} INFO - Setting next_dagrun for elt_pipeline to 2026-05-05 00:00:00+00:00, run_after=2026-05-06 00:00:00+00:00
[2026-05-06T02:56:28.507+0000] {processor.py:183} INFO - Processing /opt/airflow/dags/elt_pipeline.py took 0.103 seconds
[2026-05-06T02:56:58.747+0000] {processor.py:161} INFO - Started process (PID=1366) to work on /opt/airflow/dags/elt_pipeline.py
[2026-05-06T02:56:58.748+0000] {processor.py:830} INFO - Processing file /opt/airflow/dags/elt_pipeline.py for tasks to queue
[2026-05-06T02:56:58.751+0000] {logging_mixin.py:188} INFO - [2026-05-06T02:56:58.751+0000] {dagbag.py:545} INFO - Filling up the DagBag from /opt/airflow/dags/elt_pipeline.py
[2026-05-06T02:56:58.788+0000] {processor.py:840} INFO - DAG(s) 'elt_pipeline' retrieved from /opt/airflow/dags/elt_pipeline.py
[2026-05-06T02:56:58.823+0000] {logging_mixin.py:188} INFO - [2026-05-06T02:56:58.822+0000] {dag.py:3096} INFO - Sync 1 DAGs
[2026-05-06T02:56:58.858+0000] {logging_mixin.py:188} INFO - [2026-05-06T02:56:58.858+0000] {dag.py:3954} INFO - Setting next_dagrun for elt_pipeline to 2026-05-05 00:00:00+00:00, run_after=2026-05-06 00:00:00+00:00
[2026-05-06T02:56:58.882+0000] {processor.py:183} INFO - Processing /opt/airflow/dags/elt_pipeline.py took 0.145 seconds
[2026-05-06T02:57:28.965+0000] {processor.py:161} INFO - Started process (PID=1378) to work on /opt/airflow/dags/elt_pipeline.py
[2026-05-06T02:57:28.965+0000] {processor.py:830} INFO - Processing file /opt/airflow/dags/elt_pipeline.py for tasks to queue
[2026-05-06T02:57:28.967+0000] {logging_mixin.py:188} INFO - [2026-05-06T02:57:28.967+0000] {dagbag.py:545} INFO - Filling up the DagBag from /opt/airflow/dags/elt_pipeline.py
[2026-05-06T02:57:28.987+0000] {processor.py:840} INFO - DAG(s) 'elt_pipeline' retrieved from /opt/airflow/dags/elt_pipeline.py
[2026-05-06T02:57:29.019+0000] {logging_mixin.py:188} INFO - [2026-05-06T02:57:29.019+0000] {dag.py:3096} INFO - Sync 1 DAGs
[2026-05-06T02:57:29.040+0000] {logging_mixin.py:188} INFO - [2026-05-06T02:57:29.040+0000] {dag.py:3954} INFO - Setting next_dagrun for elt_pipeline to 2026-05-05 00:00:00+00:00, run_after=2026-05-06 00:00:00+00:00
[2026-05-06T02:57:29.061+0000] {processor.py:183} INFO - Processing /opt/airflow/dags/elt_pipeline.py took 0.104 seconds
[2026-05-06T02:57:59.289+0000] {processor.py:161} INFO - Started process (PID=1390) to work on /opt/airflow/dags/elt_pipeline.py
[2026-05-06T02:57:59.289+0000] {processor.py:830} INFO - Processing file /opt/airflow/dags/elt_pipeline.py for tasks to queue
[2026-05-06T02:57:59.291+0000] {logging_mixin.py:188} INFO - [2026-05-06T02:57:59.291+0000] {dagbag.py:545} INFO - Filling up the DagBag from /opt/airflow/dags/elt_pipeline.py
[2026-05-06T02:57:59.310+0000] {processor.py:840} INFO - DAG(s) 'elt_pipeline' retrieved from /opt/airflow/dags/elt_pipeline.py
[2026-05-06T02:57:59.339+0000] {logging_mixin.py:188} INFO - [2026-05-06T02:57:59.338+0000] {dag.py:3096} INFO - Sync 1 DAGs
[2026-05-06T02:57:59.358+0000] {logging_mixin.py:188} INFO - [2026-05-06T02:57:59.357+0000] {dag.py:3954} INFO - Setting next_dagrun for elt_pipeline to 2026-05-05 00:00:00+00:00, run_after=2026-05-06 00:00:00+00:00
[2026-05-06T02:57:59.384+0000] {processor.py:183} INFO - Processing /opt/airflow/dags/elt_pipeline.py took 0.100 seconds
[2026-05-06T02:58:29.480+0000] {processor.py:161} INFO - Started process (PID=1402) to work on /opt/airflow/dags/elt_pipeline.py
[2026-05-06T02:58:29.481+0000] {processor.py:830} INFO - Processing file /opt/airflow/dags/elt_pipeline.py for tasks to queue
[2026-05-06T02:58:29.483+0000] {logging_mixin.py:188} INFO - [2026-05-06T02:58:29.482+0000] {dagbag.py:545} INFO - Filling up the DagBag from /opt/airflow/dags/elt_pipeline.py
[2026-05-06T02:58:29.503+0000] {processor.py:840} INFO - DAG(s) 'elt_pipeline' retrieved from /opt/airflow/dags/elt_pipeline.py
[2026-05-06T02:58:29.529+0000] {logging_mixin.py:188} INFO - [2026-05-06T02:58:29.529+0000] {dag.py:3096} INFO - Sync 1 DAGs
[2026-05-06T02:58:29.548+0000] {logging_mixin.py:188} INFO - [2026-05-06T02:58:29.548+0000] {dag.py:3954} INFO - Setting next_dagrun for elt_pipeline to 2026-05-05 00:00:00+00:00, run_after=2026-05-06 00:00:00+00:00
[2026-05-06T02:58:29.576+0000] {processor.py:183} INFO - Processing /opt/airflow/dags/elt_pipeline.py took 0.101 seconds
[2026-05-06T02:58:59.764+0000] {processor.py:161} INFO - Started process (PID=1414) to work on /opt/airflow/dags/elt_pipeline.py
[2026-05-06T02:58:59.765+0000] {processor.py:830} INFO - Processing file /opt/airflow/dags/elt_pipeline.py for tasks to queue
[2026-05-06T02:58:59.766+0000] {logging_mixin.py:188} INFO - [2026-05-06T02:58:59.766+0000] {dagbag.py:545} INFO - Filling up the DagBag from /opt/airflow/dags/elt_pipeline.py
[2026-05-06T02:58:59.784+0000] {processor.py:840} INFO - DAG(s) 'elt_pipeline' retrieved from /opt/airflow/dags/elt_pipeline.py
[2026-05-06T02:58:59.808+0000] {logging_mixin.py:188} INFO - [2026-05-06T02:58:59.808+0000] {dag.py:3096} INFO - Sync 1 DAGs
[2026-05-06T02:58:59.826+0000] {logging_mixin.py:188} INFO - [2026-05-06T02:58:59.826+0000] {dag.py:3954} INFO - Setting next_dagrun for elt_pipeline to 2026-05-05 00:00:00+00:00, run_after=2026-05-06 00:00:00+00:00
[2026-05-06T02:58:59.851+0000] {processor.py:183} INFO - Processing /opt/airflow/dags/elt_pipeline.py took 0.091 seconds
[2026-05-06T02:59:30.016+0000] {processor.py:161} INFO - Started process (PID=1426) to work on /opt/airflow/dags/elt_pipeline.py
[2026-05-06T02:59:30.017+0000] {processor.py:830} INFO - Processing file /opt/airflow/dags/elt_pipeline.py for tasks to queue
[2026-05-06T02:59:30.018+0000] {logging_mixin.py:188} INFO - [2026-05-06T02:59:30.018+0000] {dagbag.py:545} INFO - Filling up the DagBag from /opt/airflow/dags/elt_pipeline.py
[2026-05-06T02:59:30.039+0000] {processor.py:840} INFO - DAG(s) 'elt_pipeline' retrieved from /opt/airflow/dags/elt_pipeline.py
[2026-05-06T02:59:30.065+0000] {logging_mixin.py:188} INFO - [2026-05-06T02:59:30.064+0000] {dag.py:3096} INFO - Sync 1 DAGs
[2026-05-06T02:59:30.082+0000] {logging_mixin.py:188} INFO - [2026-05-06T02:59:30.082+0000] {dag.py:3954} INFO - Setting next_dagrun for elt_pipeline to 2026-05-05 00:00:00+00:00, run_after=2026-05-06 00:00:00+00:00
[2026-05-06T02:59:30.108+0000] {processor.py:183} INFO - Processing /opt/airflow/dags/elt_pipeline.py took 0.097 seconds
[2026-05-06T03:00:00.327+0000] {processor.py:161} INFO - Started process (PID=1438) to work on /opt/airflow/dags/elt_pipeline.py
[2026-05-06T03:00:00.329+0000] {processor.py:830} INFO - Processing file /opt/airflow/dags/elt_pipeline.py for tasks to queue
[2026-05-06T03:00:00.332+0000] {logging_mixin.py:188} INFO - [2026-05-06T03:00:00.331+0000] {dagbag.py:545} INFO - Filling up the DagBag from /opt/airflow/dags/elt_pipeline.py
[2026-05-06T03:00:00.369+0000] {processor.py:840} INFO - DAG(s) 'elt_pipeline' retrieved from /opt/airflow/dags/elt_pipeline.py
[2026-05-06T03:00:00.415+0000] {logging_mixin.py:188} INFO - [2026-05-06T03:00:00.415+0000] {dag.py:3096} INFO - Sync 1 DAGs
[2026-05-06T03:00:00.440+0000] {logging_mixin.py:188} INFO - [2026-05-06T03:00:00.440+0000] {dag.py:3954} INFO - Setting next_dagrun for elt_pipeline to 2026-05-05 00:00:00+00:00, run_after=2026-05-06 00:00:00+00:00
[2026-05-06T03:00:00.480+0000] {processor.py:183} INFO - Processing /opt/airflow/dags/elt_pipeline.py took 0.161 seconds
[2026-05-06T03:00:30.526+0000] {processor.py:161} INFO - Started process (PID=1443) to work on /opt/airflow/dags/elt_pipeline.py
[2026-05-06T03:00:30.527+0000] {processor.py:830} INFO - Processing file /opt/airflow/dags/elt_pipeline.py for tasks to queue
[2026-05-06T03:00:30.529+0000] {logging_mixin.py:188} INFO - [2026-05-06T03:00:30.529+0000] {dagbag.py:545} INFO - Filling up the DagBag from /opt/airflow/dags/elt_pipeline.py
[2026-05-06T03:00:30.548+0000] {processor.py:840} INFO - DAG(s) 'elt_pipeline' retrieved from /opt/airflow/dags/elt_pipeline.py
[2026-05-06T03:00:30.577+0000] {logging_mixin.py:188} INFO - [2026-05-06T03:00:30.576+0000] {dag.py:3096} INFO - Sync 1 DAGs
[2026-05-06T03:00:30.593+0000] {logging_mixin.py:188} INFO - [2026-05-06T03:00:30.593+0000] {dag.py:3954} INFO - Setting next_dagrun for elt_pipeline to 2026-05-05 00:00:00+00:00, run_after=2026-05-06 00:00:00+00:00
[2026-05-06T03:00:30.618+0000] {processor.py:183} INFO - Processing /opt/airflow/dags/elt_pipeline.py took 0.097 seconds
[2026-05-06T03:01:00.805+0000] {processor.py:161} INFO - Started process (PID=1455) to work on /opt/airflow/dags/elt_pipeline.py
[2026-05-06T03:01:00.806+0000] {processor.py:830} INFO - Processing file /opt/airflow/dags/elt_pipeline.py for tasks to queue
[2026-05-06T03:01:00.807+0000] {logging_mixin.py:188} INFO - [2026-05-06T03:01:00.807+0000] {dagbag.py:545} INFO - Filling up the DagBag from /opt/airflow/dags/elt_pipeline.py
[2026-05-06T03:01:00.830+0000] {processor.py:840} INFO - DAG(s) 'elt_pipeline' retrieved from /opt/airflow/dags/elt_pipeline.py
[2026-05-06T03:01:00.867+0000] {logging_mixin.py:188} INFO - [2026-05-06T03:01:00.867+0000] {dag.py:3096} INFO - Sync 1 DAGs
[2026-05-06T03:01:00.896+0000] {logging_mixin.py:188} INFO - [2026-05-06T03:01:00.896+0000] {dag.py:3954} INFO - Setting next_dagrun for elt_pipeline to 2026-05-05 00:00:00+00:00, run_after=2026-05-06 00:00:00+00:00
[2026-05-06T03:01:00.924+0000] {processor.py:183} INFO - Processing /opt/airflow/dags/elt_pipeline.py took 0.127 seconds
[2026-05-06T03:01:31.038+0000] {processor.py:161} INFO - Started process (PID=1467) to work on /opt/airflow/dags/elt_pipeline.py
[2026-05-06T03:01:31.039+0000] {processor.py:830} INFO - Processing file /opt/airflow/dags/elt_pipeline.py for tasks to queue
[2026-05-06T03:01:31.041+0000] {logging_mixin.py:188} INFO - [2026-05-06T03:01:31.040+0000] {dagbag.py:545} INFO - Filling up the DagBag from /opt/airflow/dags/elt_pipeline.py
[2026-05-06T03:01:31.060+0000] {processor.py:840} INFO - DAG(s) 'elt_pipeline' retrieved from /opt/airflow/dags/elt_pipeline.py
[2026-05-06T03:01:31.085+0000] {logging_mixin.py:188} INFO - [2026-05-06T03:01:31.085+0000] {dag.py:3096} INFO - Sync 1 DAGs
[2026-05-06T03:01:31.104+0000] {logging_mixin.py:188} INFO - [2026-05-06T03:01:31.103+0000] {dag.py:3954} INFO - Setting next_dagrun for elt_pipeline to 2026-05-05 00:00:00+00:00, run_after=2026-05-06 00:00:00+00:00
[2026-05-06T03:01:31.129+0000] {processor.py:183} INFO - Processing /opt/airflow/dags/elt_pipeline.py took 0.096 seconds
[2026-05-06T03:02:01.289+0000] {processor.py:161} INFO - Started process (PID=1479) to work on /opt/airflow/dags/elt_pipeline.py
[2026-05-06T03:02:01.290+0000] {processor.py:830} INFO - Processing file /opt/airflow/dags/elt_pipeline.py for tasks to queue
[2026-05-06T03:02:01.292+0000] {logging_mixin.py:188} INFO - [2026-05-06T03:02:01.291+0000] {dagbag.py:545} INFO - Filling up the DagBag from /opt/airflow/dags/elt_pipeline.py
[2026-05-06T03:02:01.313+0000] {processor.py:840} INFO - DAG(s) 'elt_pipeline' retrieved from /opt/airflow/dags/elt_pipeline.py
[2026-05-06T03:02:01.339+0000] {logging_mixin.py:188} INFO - [2026-05-06T03:02:01.339+0000] {dag.py:3096} INFO - Sync 1 DAGs
[2026-05-06T03:02:01.359+0000] {logging_mixin.py:188} INFO - [2026-05-06T03:02:01.359+0000] {dag.py:3954} INFO - Setting next_dagrun for elt_pipeline to 2026-05-05 00:00:00+00:00, run_after=2026-05-06 00:00:00+00:00
[2026-05-06T03:02:01.388+0000] {processor.py:183} INFO - Processing /opt/airflow/dags/elt_pipeline.py took 0.104 seconds
[2026-05-06T03:02:31.606+0000] {processor.py:161} INFO - Started process (PID=1491) to work on /opt/airflow/dags/elt_pipeline.py
[2026-05-06T03:02:31.608+0000] {processor.py:830} INFO - Processing file /opt/airflow/dags/elt_pipeline.py for tasks to queue
[2026-05-06T03:02:31.610+0000] {logging_mixin.py:188} INFO - [2026-05-06T03:02:31.610+0000] {dagbag.py:545} INFO - Filling up the DagBag from /opt/airflow/dags/elt_pipeline.py
[2026-05-06T03:02:31.634+0000] {processor.py:840} INFO - DAG(s) 'elt_pipeline' retrieved from /opt/airflow/dags/elt_pipeline.py
[2026-05-06T03:02:31.661+0000] {logging_mixin.py:188} INFO - [2026-05-06T03:02:31.661+0000] {dag.py:3096} INFO - Sync 1 DAGs
[2026-05-06T03:02:31.680+0000] {logging_mixin.py:188} INFO - [2026-05-06T03:02:31.680+0000] {dag.py:3954} INFO - Setting next_dagrun for elt_pipeline to 2026-05-05 00:00:00+00:00, run_after=2026-05-06 00:00:00+00:00
[2026-05-06T03:02:31.710+0000] {processor.py:183} INFO - Processing /opt/airflow/dags/elt_pipeline.py took 0.111 seconds
[2026-05-06T03:03:01.890+0000] {processor.py:161} INFO - Started process (PID=1503) to work on /opt/airflow/dags/elt_pipeline.py
[2026-05-06T03:03:01.891+0000] {processor.py:830} INFO - Processing file /opt/airflow/dags/elt_pipeline.py for tasks to queue
[2026-05-06T03:03:01.893+0000] {logging_mixin.py:188} INFO - [2026-05-06T03:03:01.893+0000] {dagbag.py:545} INFO - Filling up the DagBag from /opt/airflow/dags/elt_pipeline.py
[2026-05-06T03:03:01.913+0000] {processor.py:840} INFO - DAG(s) 'elt_pipeline' retrieved from /opt/airflow/dags/elt_pipeline.py
[2026-05-06T03:03:01.942+0000] {logging_mixin.py:188} INFO - [2026-05-06T03:03:01.942+0000] {dag.py:3096} INFO - Sync 1 DAGs
[2026-05-06T03:03:01.962+0000] {logging_mixin.py:188} INFO - [2026-05-06T03:03:01.961+0000] {dag.py:3954} INFO - Setting next_dagrun for elt_pipeline to 2026-05-05 00:00:00+00:00, run_after=2026-05-06 00:00:00+00:00
[2026-05-06T03:03:01.989+0000] {processor.py:183} INFO - Processing /opt/airflow/dags/elt_pipeline.py took 0.104 seconds
[2026-05-06T03:03:32.182+0000] {processor.py:161} INFO - Started process (PID=1515) to work on /opt/airflow/dags/elt_pipeline.py
[2026-05-06T03:03:32.183+0000] {processor.py:830} INFO - Processing file /opt/airflow/dags/elt_pipeline.py for tasks to queue
[2026-05-06T03:03:32.185+0000] {logging_mixin.py:188} INFO - [2026-05-06T03:03:32.184+0000] {dagbag.py:545} INFO - Filling up the DagBag from /opt/airflow/dags/elt_pipeline.py
[2026-05-06T03:03:32.202+0000] {processor.py:840} INFO - DAG(s) 'elt_pipeline' retrieved from /opt/airflow/dags/elt_pipeline.py
[2026-05-06T03:03:32.228+0000] {logging_mixin.py:188} INFO - [2026-05-06T03:03:32.228+0000] {dag.py:3096} INFO - Sync 1 DAGs
[2026-05-06T03:03:32.245+0000] {logging_mixin.py:188} INFO - [2026-05-06T03:03:32.245+0000] {dag.py:3954} INFO - Setting next_dagrun for elt_pipeline to 2026-05-05 00:00:00+00:00, run_after=2026-05-06 00:00:00+00:00
[2026-05-06T03:03:32.267+0000] {processor.py:183} INFO - Processing /opt/airflow/dags/elt_pipeline.py took 0.089 seconds
[2026-05-06T03:04:02.450+0000] {processor.py:161} INFO - Started process (PID=1527) to work on /opt/airflow/dags/elt_pipeline.py
[2026-05-06T03:04:02.450+0000] {processor.py:830} INFO - Processing file /opt/airflow/dags/elt_pipeline.py for tasks to queue
[2026-05-06T03:04:02.452+0000] {logging_mixin.py:188} INFO - [2026-05-06T03:04:02.452+0000] {dagbag.py:545} INFO - Filling up the DagBag from /opt/airflow/dags/elt_pipeline.py
[2026-05-06T03:04:02.470+0000] {processor.py:840} INFO - DAG(s) 'elt_pipeline' retrieved from /opt/airflow/dags/elt_pipeline.py
[2026-05-06T03:04:02.492+0000] {logging_mixin.py:188} INFO - [2026-05-06T03:04:02.492+0000] {dag.py:3096} INFO - Sync 1 DAGs
[2026-05-06T03:04:02.509+0000] {logging_mixin.py:188} INFO - [2026-05-06T03:04:02.509+0000] {dag.py:3954} INFO - Setting next_dagrun for elt_pipeline to 2026-05-05 00:00:00+00:00, run_after=2026-05-06 00:00:00+00:00
[2026-05-06T03:04:02.536+0000] {processor.py:183} INFO - Processing /opt/airflow/dags/elt_pipeline.py took 0.092 seconds
[2026-05-06T03:04:32.688+0000] {processor.py:161} INFO - Started process (PID=1539) to work on /opt/airflow/dags/elt_pipeline.py
[2026-05-06T03:04:32.689+0000] {processor.py:830} INFO - Processing file /opt/airflow/dags/elt_pipeline.py for tasks to queue
[2026-05-06T03:04:32.691+0000] {logging_mixin.py:188} INFO - [2026-05-06T03:04:32.690+0000] {dagbag.py:545} INFO - Filling up the DagBag from /opt/airflow/dags/elt_pipeline.py
[2026-05-06T03:04:32.709+0000] {processor.py:840} INFO - DAG(s) 'elt_pipeline' retrieved from /opt/airflow/dags/elt_pipeline.py
[2026-05-06T03:04:32.738+0000] {logging_mixin.py:188} INFO - [2026-05-06T03:04:32.738+0000] {dag.py:3096} INFO - Sync 1 DAGs
[2026-05-06T03:04:32.760+0000] {logging_mixin.py:188} INFO - [2026-05-06T03:04:32.760+0000] {dag.py:3954} INFO - Setting next_dagrun for elt_pipeline to 2026-05-05 00:00:00+00:00, run_after=2026-05-06 00:00:00+00:00
[2026-05-06T03:04:32.786+0000] {processor.py:183} INFO - Processing /opt/airflow/dags/elt_pipeline.py took 0.103 seconds
[2026-05-06T03:05:03.004+0000] {processor.py:161} INFO - Started process (PID=1551) to work on /opt/airflow/dags/elt_pipeline.py
[2026-05-06T03:05:03.005+0000] {processor.py:830} INFO - Processing file /opt/airflow/dags/elt_pipeline.py for tasks to queue
[2026-05-06T03:05:03.007+0000] {logging_mixin.py:188} INFO - [2026-05-06T03:05:03.006+0000] {dagbag.py:545} INFO - Filling up the DagBag from /opt/airflow/dags/elt_pipeline.py
[2026-05-06T03:05:03.029+0000] {processor.py:840} INFO - DAG(s) 'elt_pipeline' retrieved from /opt/airflow/dags/elt_pipeline.py
[2026-05-06T03:05:03.056+0000] {logging_mixin.py:188} INFO - [2026-05-06T03:05:03.056+0000] {dag.py:3096} INFO - Sync 1 DAGs
[2026-05-06T03:05:03.075+0000] {logging_mixin.py:188} INFO - [2026-05-06T03:05:03.074+0000] {dag.py:3954} INFO - Setting next_dagrun for elt_pipeline to 2026-05-05 00:00:00+00:00, run_after=2026-05-06 00:00:00+00:00
[2026-05-06T03:05:03.096+0000] {processor.py:183} INFO - Processing /opt/airflow/dags/elt_pipeline.py took 0.096 seconds
[2026-05-06T03:05:33.255+0000] {processor.py:161} INFO - Started process (PID=1563) to work on /opt/airflow/dags/elt_pipeline.py
[2026-05-06T03:05:33.255+0000] {processor.py:830} INFO - Processing file /opt/airflow/dags/elt_pipeline.py for tasks to queue
[2026-05-06T03:05:33.257+0000] {logging_mixin.py:188} INFO - [2026-05-06T03:05:33.257+0000] {dagbag.py:545} INFO - Filling up the DagBag from /opt/airflow/dags/elt_pipeline.py
[2026-05-06T03:05:33.274+0000] {processor.py:840} INFO - DAG(s) 'elt_pipeline' retrieved from /opt/airflow/dags/elt_pipeline.py
[2026-05-06T03:05:33.298+0000] {logging_mixin.py:188} INFO - [2026-05-06T03:05:33.298+0000] {dag.py:3096} INFO - Sync 1 DAGs
[2026-05-06T03:05:33.314+0000] {logging_mixin.py:188} INFO - [2026-05-06T03:05:33.314+0000] {dag.py:3954} INFO - Setting next_dagrun for elt_pipeline to 2026-05-05 00:00:00+00:00, run_after=2026-05-06 00:00:00+00:00
[2026-05-06T03:05:33.337+0000] {processor.py:183} INFO - Processing /opt/airflow/dags/elt_pipeline.py took 0.088 seconds
[2026-05-06T03:06:03.579+0000] {processor.py:161} INFO - Started process (PID=1575) to work on /opt/airflow/dags/elt_pipeline.py
[2026-05-06T03:06:03.580+0000] {processor.py:830} INFO - Processing file /opt/airflow/dags/elt_pipeline.py for tasks to queue
[2026-05-06T03:06:03.581+0000] {logging_mixin.py:188} INFO - [2026-05-06T03:06:03.581+0000] {dagbag.py:545} INFO - Filling up the DagBag from /opt/airflow/dags/elt_pipeline.py
[2026-05-06T03:06:03.599+0000] {processor.py:840} INFO - DAG(s) 'elt_pipeline' retrieved from /opt/airflow/dags/elt_pipeline.py
[2026-05-06T03:06:03.623+0000] {logging_mixin.py:188} INFO - [2026-05-06T03:06:03.623+0000] {dag.py:3096} INFO - Sync 1 DAGs
[2026-05-06T03:06:03.639+0000] {logging_mixin.py:188} INFO - [2026-05-06T03:06:03.639+0000] {dag.py:3954} INFO - Setting next_dagrun for elt_pipeline to 2026-05-05 00:00:00+00:00, run_after=2026-05-06 00:00:00+00:00
[2026-05-06T03:06:03.668+0000] {processor.py:183} INFO - Processing /opt/airflow/dags/elt_pipeline.py took 0.093 seconds
[2026-05-06T03:06:33.816+0000] {processor.py:161} INFO - Started process (PID=1587) to work on /opt/airflow/dags/elt_pipeline.py
[2026-05-06T03:06:33.816+0000] {processor.py:830} INFO - Processing file /opt/airflow/dags/elt_pipeline.py for tasks to queue
[2026-05-06T03:06:33.818+0000] {logging_mixin.py:188} INFO - [2026-05-06T03:06:33.818+0000] {dagbag.py:545} INFO - Filling up the DagBag from /opt/airflow/dags/elt_pipeline.py
[2026-05-06T03:06:33.836+0000] {processor.py:840} INFO - DAG(s) 'elt_pipeline' retrieved from /opt/airflow/dags/elt_pipeline.py
[2026-05-06T03:06:33.863+0000] {logging_mixin.py:188} INFO - [2026-05-06T03:06:33.863+0000] {dag.py:3096} INFO - Sync 1 DAGs
[2026-05-06T03:06:33.880+0000] {logging_mixin.py:188} INFO - [2026-05-06T03:06:33.880+0000] {dag.py:3954} INFO - Setting next_dagrun for elt_pipeline to 2026-05-05 00:00:00+00:00, run_after=2026-05-06 00:00:00+00:00
[2026-05-06T03:06:33.906+0000] {processor.py:183} INFO - Processing /opt/airflow/dags/elt_pipeline.py took 0.095 seconds
[2026-05-06T03:07:04.102+0000] {processor.py:161} INFO - Started process (PID=1599) to work on /opt/airflow/dags/elt_pipeline.py
[2026-05-06T03:07:04.103+0000] {processor.py:830} INFO - Processing file /opt/airflow/dags/elt_pipeline.py for tasks to queue
[2026-05-06T03:07:04.105+0000] {logging_mixin.py:188} INFO - [2026-05-06T03:07:04.104+0000] {dagbag.py:545} INFO - Filling up the DagBag from /opt/airflow/dags/elt_pipeline.py
[2026-05-06T03:07:04.123+0000] {processor.py:840} INFO - DAG(s) 'elt_pipeline' retrieved from /opt/airflow/dags/elt_pipeline.py
[2026-05-06T03:07:04.148+0000] {logging_mixin.py:188} INFO - [2026-05-06T03:07:04.148+0000] {dag.py:3096} INFO - Sync 1 DAGs
[2026-05-06T03:07:04.168+0000] {logging_mixin.py:188} INFO - [2026-05-06T03:07:04.168+0000] {dag.py:3954} INFO - Setting next_dagrun for elt_pipeline to 2026-05-05 00:00:00+00:00, run_after=2026-05-06 00:00:00+00:00
[2026-05-06T03:07:04.196+0000] {processor.py:183} INFO - Processing /opt/airflow/dags/elt_pipeline.py took 0.098 seconds
[2026-05-06T03:07:34.324+0000] {processor.py:161} INFO - Started process (PID=1612) to work on /opt/airflow/dags/elt_pipeline.py
[2026-05-06T03:07:34.325+0000] {processor.py:830} INFO - Processing file /opt/airflow/dags/elt_pipeline.py for tasks to queue
[2026-05-06T03:07:34.327+0000] {logging_mixin.py:188} INFO - [2026-05-06T03:07:34.326+0000] {dagbag.py:545} INFO - Filling up the DagBag from /opt/airflow/dags/elt_pipeline.py
[2026-05-06T03:07:34.348+0000] {processor.py:840} INFO - DAG(s) 'elt_pipeline' retrieved from /opt/airflow/dags/elt_pipeline.py
[2026-05-06T03:07:34.378+0000] {logging_mixin.py:188} INFO - [2026-05-06T03:07:34.378+0000] {dag.py:3096} INFO - Sync 1 DAGs
[2026-05-06T03:07:34.397+0000] {logging_mixin.py:188} INFO - [2026-05-06T03:07:34.397+0000] {dag.py:3954} INFO - Setting next_dagrun for elt_pipeline to 2026-05-05 00:00:00+00:00, run_after=2026-05-06 00:00:00+00:00
[2026-05-06T03:07:34.421+0000] {processor.py:183} INFO - Processing /opt/airflow/dags/elt_pipeline.py took 0.102 seconds
[2026-05-06T03:08:04.633+0000] {processor.py:161} INFO - Started process (PID=1624) to work on /opt/airflow/dags/elt_pipeline.py
[2026-05-06T03:08:04.634+0000] {processor.py:830} INFO - Processing file /opt/airflow/dags/elt_pipeline.py for tasks to queue
[2026-05-06T03:08:04.636+0000] {logging_mixin.py:188} INFO - [2026-05-06T03:08:04.636+0000] {dagbag.py:545} INFO - Filling up the DagBag from /opt/airflow/dags/elt_pipeline.py
[2026-05-06T03:08:04.656+0000] {processor.py:840} INFO - DAG(s) 'elt_pipeline' retrieved from /opt/airflow/dags/elt_pipeline.py
[2026-05-06T03:08:04.683+0000] {logging_mixin.py:188} INFO - [2026-05-06T03:08:04.683+0000] {dag.py:3096} INFO - Sync 1 DAGs
[2026-05-06T03:08:04.702+0000] {logging_mixin.py:188} INFO - [2026-05-06T03:08:04.702+0000] {dag.py:3954} INFO - Setting next_dagrun for elt_pipeline to 2026-05-05 00:00:00+00:00, run_after=2026-05-06 00:00:00+00:00
[2026-05-06T03:08:04.736+0000] {processor.py:183} INFO - Processing /opt/airflow/dags/elt_pipeline.py took 0.108 seconds
[2026-05-06T03:08:34.914+0000] {processor.py:161} INFO - Started process (PID=1636) to work on /opt/airflow/dags/elt_pipeline.py
[2026-05-06T03:08:34.915+0000] {processor.py:830} INFO - Processing file /opt/airflow/dags/elt_pipeline.py for tasks to queue
[2026-05-06T03:08:34.917+0000] {logging_mixin.py:188} INFO - [2026-05-06T03:08:34.917+0000] {dagbag.py:545} INFO - Filling up the DagBag from /opt/airflow/dags/elt_pipeline.py
[2026-05-06T03:08:34.939+0000] {processor.py:840} INFO - DAG(s) 'elt_pipeline' retrieved from /opt/airflow/dags/elt_pipeline.py
[2026-05-06T03:08:34.970+0000] {logging_mixin.py:188} INFO - [2026-05-06T03:08:34.969+0000] {dag.py:3096} INFO - Sync 1 DAGs
[2026-05-06T03:08:34.988+0000] {logging_mixin.py:188} INFO - [2026-05-06T03:08:34.988+0000] {dag.py:3954} INFO - Setting next_dagrun for elt_pipeline to 2026-05-05 00:00:00+00:00, run_after=2026-05-06 00:00:00+00:00
[2026-05-06T03:08:35.008+0000] {processor.py:183} INFO - Processing /opt/airflow/dags/elt_pipeline.py took 0.099 seconds
[2026-05-06T03:09:05.198+0000] {processor.py:161} INFO - Started process (PID=1648) to work on /opt/airflow/dags/elt_pipeline.py
[2026-05-06T03:09:05.199+0000] {processor.py:830} INFO - Processing file /opt/airflow/dags/elt_pipeline.py for tasks to queue
[2026-05-06T03:09:05.200+0000] {logging_mixin.py:188} INFO - [2026-05-06T03:09:05.200+0000] {dagbag.py:545} INFO - Filling up the DagBag from /opt/airflow/dags/elt_pipeline.py
[2026-05-06T03:09:05.218+0000] {processor.py:840} INFO - DAG(s) 'elt_pipeline' retrieved from /opt/airflow/dags/elt_pipeline.py
[2026-05-06T03:09:05.251+0000] {logging_mixin.py:188} INFO - [2026-05-06T03:09:05.250+0000] {dag.py:3096} INFO - Sync 1 DAGs
[2026-05-06T03:09:05.272+0000] {logging_mixin.py:188} INFO - [2026-05-06T03:09:05.272+0000] {dag.py:3954} INFO - Setting next_dagrun for elt_pipeline to 2026-05-05 00:00:00+00:00, run_after=2026-05-06 00:00:00+00:00
[2026-05-06T03:09:05.302+0000] {processor.py:183} INFO - Processing /opt/airflow/dags/elt_pipeline.py took 0.110 seconds
[2026-05-06T03:09:35.496+0000] {processor.py:161} INFO - Started process (PID=1660) to work on /opt/airflow/dags/elt_pipeline.py
[2026-05-06T03:09:35.497+0000] {processor.py:830} INFO - Processing file /opt/airflow/dags/elt_pipeline.py for tasks to queue
[2026-05-06T03:09:35.500+0000] {logging_mixin.py:188} INFO - [2026-05-06T03:09:35.500+0000] {dagbag.py:545} INFO - Filling up the DagBag from /opt/airflow/dags/elt_pipeline.py
[2026-05-06T03:09:35.525+0000] {processor.py:840} INFO - DAG(s) 'elt_pipeline' retrieved from /opt/airflow/dags/elt_pipeline.py
[2026-05-06T03:09:35.555+0000] {logging_mixin.py:188} INFO - [2026-05-06T03:09:35.555+0000] {dag.py:3096} INFO - Sync 1 DAGs
[2026-05-06T03:09:35.576+0000] {logging_mixin.py:188} INFO - [2026-05-06T03:09:35.576+0000] {dag.py:3954} INFO - Setting next_dagrun for elt_pipeline to 2026-05-05 00:00:00+00:00, run_after=2026-05-06 00:00:00+00:00
[2026-05-06T03:09:35.599+0000] {processor.py:183} INFO - Processing /opt/airflow/dags/elt_pipeline.py took 0.110 seconds
[2026-05-06T03:10:05.753+0000] {processor.py:161} INFO - Started process (PID=1665) to work on /opt/airflow/dags/elt_pipeline.py
[2026-05-06T03:10:05.754+0000] {processor.py:830} INFO - Processing file /opt/airflow/dags/elt_pipeline.py for tasks to queue
[2026-05-06T03:10:05.755+0000] {logging_mixin.py:188} INFO - [2026-05-06T03:10:05.755+0000] {dagbag.py:545} INFO - Filling up the DagBag from /opt/airflow/dags/elt_pipeline.py
[2026-05-06T03:10:05.774+0000] {processor.py:840} INFO - DAG(s) 'elt_pipeline' retrieved from /opt/airflow/dags/elt_pipeline.py
[2026-05-06T03:10:05.799+0000] {logging_mixin.py:188} INFO - [2026-05-06T03:10:05.799+0000] {dag.py:3096} INFO - Sync 1 DAGs
[2026-05-06T03:10:05.817+0000] {logging_mixin.py:188} INFO - [2026-05-06T03:10:05.816+0000] {dag.py:3954} INFO - Setting next_dagrun for elt_pipeline to 2026-05-05 00:00:00+00:00, run_after=2026-05-06 00:00:00+00:00
[2026-05-06T03:10:05.836+0000] {processor.py:183} INFO - Processing /opt/airflow/dags/elt_pipeline.py took 0.088 seconds
[2026-05-06T03:10:36.031+0000] {processor.py:161} INFO - Started process (PID=1677) to work on /opt/airflow/dags/elt_pipeline.py
[2026-05-06T03:10:36.031+0000] {processor.py:830} INFO - Processing file /opt/airflow/dags/elt_pipeline.py for tasks to queue
[2026-05-06T03:10:36.033+0000] {logging_mixin.py:188} INFO - [2026-05-06T03:10:36.033+0000] {dagbag.py:545} INFO - Filling up the DagBag from /opt/airflow/dags/elt_pipeline.py
[2026-05-06T03:10:36.051+0000] {processor.py:840} INFO - DAG(s) 'elt_pipeline' retrieved from /opt/airflow/dags/elt_pipeline.py
[2026-05-06T03:10:36.076+0000] {logging_mixin.py:188} INFO - [2026-05-06T03:10:36.076+0000] {dag.py:3096} INFO - Sync 1 DAGs
[2026-05-06T03:10:36.093+0000] {logging_mixin.py:188} INFO - [2026-05-06T03:10:36.092+0000] {dag.py:3954} INFO - Setting next_dagrun for elt_pipeline to 2026-05-05 00:00:00+00:00, run_after=2026-05-06 00:00:00+00:00
[2026-05-06T03:10:36.120+0000] {processor.py:183} INFO - Processing /opt/airflow/dags/elt_pipeline.py took 0.094 seconds
[2026-05-06T03:11:06.284+0000] {processor.py:161} INFO - Started process (PID=1689) to work on /opt/airflow/dags/elt_pipeline.py
[2026-05-06T03:11:06.286+0000] {processor.py:830} INFO - Processing file /opt/airflow/dags/elt_pipeline.py for tasks to queue
[2026-05-06T03:11:06.287+0000] {logging_mixin.py:188} INFO - [2026-05-06T03:11:06.287+0000] {dagbag.py:545} INFO - Filling up the DagBag from /opt/airflow/dags/elt_pipeline.py
[2026-05-06T03:11:06.310+0000] {processor.py:840} INFO - DAG(s) 'elt_pipeline' retrieved from /opt/airflow/dags/elt_pipeline.py
[2026-05-06T03:11:06.354+0000] {logging_mixin.py:188} INFO - [2026-05-06T03:11:06.353+0000] {dag.py:3096} INFO - Sync 1 DAGs
[2026-05-06T03:11:06.392+0000] {logging_mixin.py:188} INFO - [2026-05-06T03:11:06.392+0000] {dag.py:3954} INFO - Setting next_dagrun for elt_pipeline to 2026-05-05 00:00:00+00:00, run_after=2026-05-06 00:00:00+00:00
[2026-05-06T03:11:06.419+0000] {processor.py:183} INFO - Processing /opt/airflow/dags/elt_pipeline.py took 0.142 seconds
[2026-05-06T03:11:36.560+0000] {processor.py:161} INFO - Started process (PID=1701) to work on /opt/airflow/dags/elt_pipeline.py
[2026-05-06T03:11:36.561+0000] {processor.py:830} INFO - Processing file /opt/airflow/dags/elt_pipeline.py for tasks to queue
[2026-05-06T03:11:36.562+0000] {logging_mixin.py:188} INFO - [2026-05-06T03:11:36.562+0000] {dagbag.py:545} INFO - Filling up the DagBag from /opt/airflow/dags/elt_pipeline.py
[2026-05-06T03:11:36.581+0000] {processor.py:840} INFO - DAG(s) 'elt_pipeline' retrieved from /opt/airflow/dags/elt_pipeline.py
[2026-05-06T03:11:36.608+0000] {logging_mixin.py:188} INFO - [2026-05-06T03:11:36.608+0000] {dag.py:3096} INFO - Sync 1 DAGs
[2026-05-06T03:11:36.627+0000] {logging_mixin.py:188} INFO - [2026-05-06T03:11:36.627+0000] {dag.py:3954} INFO - Setting next_dagrun for elt_pipeline to 2026-05-05 00:00:00+00:00, run_after=2026-05-06 00:00:00+00:00
[2026-05-06T03:11:36.654+0000] {processor.py:183} INFO - Processing /opt/airflow/dags/elt_pipeline.py took 0.100 seconds
[2026-05-06T03:12:06.830+0000] {processor.py:161} INFO - Started process (PID=1713) to work on /opt/airflow/dags/elt_pipeline.py
[2026-05-06T03:12:06.831+0000] {processor.py:830} INFO - Processing file /opt/airflow/dags/elt_pipeline.py for tasks to queue
[2026-05-06T03:12:06.832+0000] {logging_mixin.py:188} INFO - [2026-05-06T03:12:06.832+0000] {dagbag.py:545} INFO - Filling up the DagBag from /opt/airflow/dags/elt_pipeline.py
[2026-05-06T03:12:06.850+0000] {processor.py:840} INFO - DAG(s) 'elt_pipeline' retrieved from /opt/airflow/dags/elt_pipeline.py
[2026-05-06T03:12:06.875+0000] {logging_mixin.py:188} INFO - [2026-05-06T03:12:06.875+0000] {dag.py:3096} INFO - Sync 1 DAGs
[2026-05-06T03:12:06.893+0000] {logging_mixin.py:188} INFO - [2026-05-06T03:12:06.893+0000] {dag.py:3954} INFO - Setting next_dagrun for elt_pipeline to 2026-05-05 00:00:00+00:00, run_after=2026-05-06 00:00:00+00:00
[2026-05-06T03:12:06.919+0000] {processor.py:183} INFO - Processing /opt/airflow/dags/elt_pipeline.py took 0.095 seconds
[2026-05-06T03:12:37.099+0000] {processor.py:161} INFO - Started process (PID=1725) to work on /opt/airflow/dags/elt_pipeline.py
[2026-05-06T03:12:37.100+0000] {processor.py:830} INFO - Processing file /opt/airflow/dags/elt_pipeline.py for tasks to queue
[2026-05-06T03:12:37.102+0000] {logging_mixin.py:188} INFO - [2026-05-06T03:12:37.102+0000] {dagbag.py:545} INFO - Filling up the DagBag from /opt/airflow/dags/elt_pipeline.py
[2026-05-06T03:12:37.120+0000] {processor.py:840} INFO - DAG(s) 'elt_pipeline' retrieved from /opt/airflow/dags/elt_pipeline.py
[2026-05-06T03:12:37.148+0000] {logging_mixin.py:188} INFO - [2026-05-06T03:12:37.147+0000] {dag.py:3096} INFO - Sync 1 DAGs
[2026-05-06T03:12:37.165+0000] {logging_mixin.py:188} INFO - [2026-05-06T03:12:37.164+0000] {dag.py:3954} INFO - Setting next_dagrun for elt_pipeline to 2026-05-05 00:00:00+00:00, run_after=2026-05-06 00:00:00+00:00
[2026-05-06T03:12:37.182+0000] {processor.py:183} INFO - Processing /opt/airflow/dags/elt_pipeline.py took 0.087 seconds
[2026-05-06T03:13:07.394+0000] {processor.py:161} INFO - Started process (PID=1737) to work on /opt/airflow/dags/elt_pipeline.py
[2026-05-06T03:13:07.395+0000] {processor.py:830} INFO - Processing file /opt/airflow/dags/elt_pipeline.py for tasks to queue
[2026-05-06T03:13:07.397+0000] {logging_mixin.py:188} INFO - [2026-05-06T03:13:07.396+0000] {dagbag.py:545} INFO - Filling up the DagBag from /opt/airflow/dags/elt_pipeline.py
[2026-05-06T03:13:07.418+0000] {processor.py:840} INFO - DAG(s) 'elt_pipeline' retrieved from /opt/airflow/dags/elt_pipeline.py
[2026-05-06T03:13:07.443+0000] {logging_mixin.py:188} INFO - [2026-05-06T03:13:07.442+0000] {dag.py:3096} INFO - Sync 1 DAGs
[2026-05-06T03:13:07.460+0000] {logging_mixin.py:188} INFO - [2026-05-06T03:13:07.460+0000] {dag.py:3954} INFO - Setting next_dagrun for elt_pipeline to 2026-05-05 00:00:00+00:00, run_after=2026-05-06 00:00:00+00:00
[2026-05-06T03:13:07.484+0000] {processor.py:183} INFO - Processing /opt/airflow/dags/elt_pipeline.py took 0.095 seconds
[2026-05-06T03:13:37.618+0000] {processor.py:161} INFO - Started process (PID=1749) to work on /opt/airflow/dags/elt_pipeline.py
[2026-05-06T03:13:37.619+0000] {processor.py:830} INFO - Processing file /opt/airflow/dags/elt_pipeline.py for tasks to queue
[2026-05-06T03:13:37.620+0000] {logging_mixin.py:188} INFO - [2026-05-06T03:13:37.620+0000] {dagbag.py:545} INFO - Filling up the DagBag from /opt/airflow/dags/elt_pipeline.py
[2026-05-06T03:13:37.640+0000] {processor.py:840} INFO - DAG(s) 'elt_pipeline' retrieved from /opt/airflow/dags/elt_pipeline.py
[2026-05-06T03:13:37.665+0000] {logging_mixin.py:188} INFO - [2026-05-06T03:13:37.665+0000] {dag.py:3096} INFO - Sync 1 DAGs
[2026-05-06T03:13:37.684+0000] {logging_mixin.py:188} INFO - [2026-05-06T03:13:37.684+0000] {dag.py:3954} INFO - Setting next_dagrun for elt_pipeline to 2026-05-05 00:00:00+00:00, run_after=2026-05-06 00:00:00+00:00
[2026-05-06T03:13:37.721+0000] {processor.py:183} INFO - Processing /opt/airflow/dags/elt_pipeline.py took 0.108 seconds
[2026-05-06T03:14:07.891+0000] {processor.py:161} INFO - Started process (PID=1761) to work on /opt/airflow/dags/elt_pipeline.py
[2026-05-06T03:14:07.892+0000] {processor.py:830} INFO - Processing file /opt/airflow/dags/elt_pipeline.py for tasks to queue
[2026-05-06T03:14:07.894+0000] {logging_mixin.py:188} INFO - [2026-05-06T03:14:07.894+0000] {dagbag.py:545} INFO - Filling up the DagBag from /opt/airflow/dags/elt_pipeline.py
[2026-05-06T03:14:07.914+0000] {processor.py:840} INFO - DAG(s) 'elt_pipeline' retrieved from /opt/airflow/dags/elt_pipeline.py
[2026-05-06T03:14:07.944+0000] {logging_mixin.py:188} INFO - [2026-05-06T03:14:07.944+0000] {dag.py:3096} INFO - Sync 1 DAGs
[2026-05-06T03:14:07.965+0000] {logging_mixin.py:188} INFO - [2026-05-06T03:14:07.965+0000] {dag.py:3954} INFO - Setting next_dagrun for elt_pipeline to 2026-05-05 00:00:00+00:00, run_after=2026-05-06 00:00:00+00:00
[2026-05-06T03:14:07.994+0000] {processor.py:183} INFO - Processing /opt/airflow/dags/elt_pipeline.py took 0.108 seconds
[2026-05-06T03:14:38.187+0000] {processor.py:161} INFO - Started process (PID=1773) to work on /opt/airflow/dags/elt_pipeline.py
[2026-05-06T03:14:38.188+0000] {processor.py:830} INFO - Processing file /opt/airflow/dags/elt_pipeline.py for tasks to queue
[2026-05-06T03:14:38.190+0000] {logging_mixin.py:188} INFO - [2026-05-06T03:14:38.189+0000] {dagbag.py:545} INFO - Filling up the DagBag from /opt/airflow/dags/elt_pipeline.py
[2026-05-06T03:14:38.209+0000] {processor.py:840} INFO - DAG(s) 'elt_pipeline' retrieved from /opt/airflow/dags/elt_pipeline.py
[2026-05-06T03:14:38.237+0000] {logging_mixin.py:188} INFO - [2026-05-06T03:14:38.237+0000] {dag.py:3096} INFO - Sync 1 DAGs
[2026-05-06T03:14:38.256+0000] {logging_mixin.py:188} INFO - [2026-05-06T03:14:38.256+0000] {dag.py:3954} INFO - Setting next_dagrun for elt_pipeline to 2026-05-05 00:00:00+00:00, run_after=2026-05-06 00:00:00+00:00
[2026-05-06T03:14:38.279+0000] {processor.py:183} INFO - Processing /opt/airflow/dags/elt_pipeline.py took 0.098 seconds
[2026-05-06T03:15:08.468+0000] {processor.py:161} INFO - Started process (PID=1785) to work on /opt/airflow/dags/elt_pipeline.py
[2026-05-06T03:15:08.469+0000] {processor.py:830} INFO - Processing file /opt/airflow/dags/elt_pipeline.py for tasks to queue
[2026-05-06T03:15:08.471+0000] {logging_mixin.py:188} INFO - [2026-05-06T03:15:08.471+0000] {dagbag.py:545} INFO - Filling up the DagBag from /opt/airflow/dags/elt_pipeline.py
[2026-05-06T03:15:08.491+0000] {processor.py:840} INFO - DAG(s) 'elt_pipeline' retrieved from /opt/airflow/dags/elt_pipeline.py
[2026-05-06T03:15:08.519+0000] {logging_mixin.py:188} INFO - [2026-05-06T03:15:08.519+0000] {dag.py:3096} INFO - Sync 1 DAGs
[2026-05-06T03:15:08.544+0000] {logging_mixin.py:188} INFO - [2026-05-06T03:15:08.543+0000] {dag.py:3954} INFO - Setting next_dagrun for elt_pipeline to 2026-05-05 00:00:00+00:00, run_after=2026-05-06 00:00:00+00:00
[2026-05-06T03:15:08.572+0000] {processor.py:183} INFO - Processing /opt/airflow/dags/elt_pipeline.py took 0.109 seconds
[2026-05-06T03:15:38.767+0000] {processor.py:161} INFO - Started process (PID=1797) to work on /opt/airflow/dags/elt_pipeline.py
[2026-05-06T03:15:38.767+0000] {processor.py:830} INFO - Processing file /opt/airflow/dags/elt_pipeline.py for tasks to queue
[2026-05-06T03:15:38.769+0000] {logging_mixin.py:188} INFO - [2026-05-06T03:15:38.769+0000] {dagbag.py:545} INFO - Filling up the DagBag from /opt/airflow/dags/elt_pipeline.py
[2026-05-06T03:15:38.792+0000] {processor.py:840} INFO - DAG(s) 'elt_pipeline' retrieved from /opt/airflow/dags/elt_pipeline.py
[2026-05-06T03:15:38.820+0000] {logging_mixin.py:188} INFO - [2026-05-06T03:15:38.820+0000] {dag.py:3096} INFO - Sync 1 DAGs
[2026-05-06T03:15:38.843+0000] {logging_mixin.py:188} INFO - [2026-05-06T03:15:38.843+0000] {dag.py:3954} INFO - Setting next_dagrun for elt_pipeline to 2026-05-05 00:00:00+00:00, run_after=2026-05-06 00:00:00+00:00
[2026-05-06T03:15:38.875+0000] {processor.py:183} INFO - Processing /opt/airflow/dags/elt_pipeline.py took 0.114 seconds
[2026-05-06T03:16:09.037+0000] {processor.py:161} INFO - Started process (PID=1809) to work on /opt/airflow/dags/elt_pipeline.py
[2026-05-06T03:16:09.038+0000] {processor.py:830} INFO - Processing file /opt/airflow/dags/elt_pipeline.py for tasks to queue
[2026-05-06T03:16:09.040+0000] {logging_mixin.py:188} INFO - [2026-05-06T03:16:09.040+0000] {dagbag.py:545} INFO - Filling up the DagBag from /opt/airflow/dags/elt_pipeline.py
[2026-05-06T03:16:09.061+0000] {processor.py:840} INFO - DAG(s) 'elt_pipeline' retrieved from /opt/airflow/dags/elt_pipeline.py
[2026-05-06T03:16:09.090+0000] {logging_mixin.py:188} INFO - [2026-05-06T03:16:09.090+0000] {dag.py:3096} INFO - Sync 1 DAGs
[2026-05-06T03:16:09.112+0000] {logging_mixin.py:188} INFO - [2026-05-06T03:16:09.112+0000] {dag.py:3954} INFO - Setting next_dagrun for elt_pipeline to 2026-05-05 00:00:00+00:00, run_after=2026-05-06 00:00:00+00:00
[2026-05-06T03:16:09.129+0000] {processor.py:183} INFO - Processing /opt/airflow/dags/elt_pipeline.py took 0.098 seconds
[2026-05-06T03:16:39.327+0000] {processor.py:161} INFO - Started process (PID=1821) to work on /opt/airflow/dags/elt_pipeline.py
[2026-05-06T03:16:39.328+0000] {processor.py:830} INFO - Processing file /opt/airflow/dags/elt_pipeline.py for tasks to queue
[2026-05-06T03:16:39.330+0000] {logging_mixin.py:188} INFO - [2026-05-06T03:16:39.329+0000] {dagbag.py:545} INFO - Filling up the DagBag from /opt/airflow/dags/elt_pipeline.py
[2026-05-06T03:16:39.350+0000] {processor.py:840} INFO - DAG(s) 'elt_pipeline' retrieved from /opt/airflow/dags/elt_pipeline.py
[2026-05-06T03:16:39.377+0000] {logging_mixin.py:188} INFO - [2026-05-06T03:16:39.377+0000] {dag.py:3096} INFO - Sync 1 DAGs
[2026-05-06T03:16:39.395+0000] {logging_mixin.py:188} INFO - [2026-05-06T03:16:39.395+0000] {dag.py:3954} INFO - Setting next_dagrun for elt_pipeline to 2026-05-05 00:00:00+00:00, run_after=2026-05-06 00:00:00+00:00
[2026-05-06T03:16:39.423+0000] {processor.py:183} INFO - Processing /opt/airflow/dags/elt_pipeline.py took 0.101 seconds
[2026-05-06T03:17:09.572+0000] {processor.py:161} INFO - Started process (PID=1833) to work on /opt/airflow/dags/elt_pipeline.py
[2026-05-06T03:17:09.574+0000] {processor.py:830} INFO - Processing file /opt/airflow/dags/elt_pipeline.py for tasks to queue
[2026-05-06T03:17:09.576+0000] {logging_mixin.py:188} INFO - [2026-05-06T03:17:09.576+0000] {dagbag.py:545} INFO - Filling up the DagBag from /opt/airflow/dags/elt_pipeline.py
[2026-05-06T03:17:09.597+0000] {processor.py:840} INFO - DAG(s) 'elt_pipeline' retrieved from /opt/airflow/dags/elt_pipeline.py
[2026-05-06T03:17:09.627+0000] {logging_mixin.py:188} INFO - [2026-05-06T03:17:09.626+0000] {dag.py:3096} INFO - Sync 1 DAGs
[2026-05-06T03:17:09.645+0000] {logging_mixin.py:188} INFO - [2026-05-06T03:17:09.645+0000] {dag.py:3954} INFO - Setting next_dagrun for elt_pipeline to 2026-05-05 00:00:00+00:00, run_after=2026-05-06 00:00:00+00:00
[2026-05-06T03:17:09.664+0000] {processor.py:183} INFO - Processing /opt/airflow/dags/elt_pipeline.py took 0.098 seconds
[2026-05-06T03:17:39.846+0000] {processor.py:161} INFO - Started process (PID=1845) to work on /opt/airflow/dags/elt_pipeline.py
[2026-05-06T03:17:39.847+0000] {processor.py:830} INFO - Processing file /opt/airflow/dags/elt_pipeline.py for tasks to queue
[2026-05-06T03:17:39.848+0000] {logging_mixin.py:188} INFO - [2026-05-06T03:17:39.848+0000] {dagbag.py:545} INFO - Filling up the DagBag from /opt/airflow/dags/elt_pipeline.py
[2026-05-06T03:17:39.867+0000] {processor.py:840} INFO - DAG(s) 'elt_pipeline' retrieved from /opt/airflow/dags/elt_pipeline.py
[2026-05-06T03:17:39.895+0000] {logging_mixin.py:188} INFO - [2026-05-06T03:17:39.895+0000] {dag.py:3096} INFO - Sync 1 DAGs
[2026-05-06T03:17:39.914+0000] {logging_mixin.py:188} INFO - [2026-05-06T03:17:39.914+0000] {dag.py:3954} INFO - Setting next_dagrun for elt_pipeline to 2026-05-05 00:00:00+00:00, run_after=2026-05-06 00:00:00+00:00
[2026-05-06T03:17:39.933+0000] {processor.py:183} INFO - Processing /opt/airflow/dags/elt_pipeline.py took 0.092 seconds
[2026-05-06T03:18:46.429+0000] {processor.py:161} INFO - Started process (PID=175) to work on /opt/airflow/dags/elt_pipeline.py
[2026-05-06T03:18:46.430+0000] {processor.py:830} INFO - Processing file /opt/airflow/dags/elt_pipeline.py for tasks to queue
[2026-05-06T03:18:46.433+0000] {logging_mixin.py:188} INFO - [2026-05-06T03:18:46.432+0000] {dagbag.py:545} INFO - Filling up the DagBag from /opt/airflow/dags/elt_pipeline.py
[2026-05-06T03:18:46.461+0000] {processor.py:840} INFO - DAG(s) 'elt_pipeline' retrieved from /opt/airflow/dags/elt_pipeline.py
[2026-05-06T03:18:46.492+0000] {logging_mixin.py:188} INFO - [2026-05-06T03:18:46.492+0000] {dag.py:3096} INFO - Sync 1 DAGs
[2026-05-06T03:18:46.516+0000] {logging_mixin.py:188} INFO - [2026-05-06T03:18:46.516+0000] {dag.py:3954} INFO - Setting next_dagrun for elt_pipeline to 2026-05-05 00:00:00+00:00, run_after=2026-05-06 00:00:00+00:00
[2026-05-06T03:18:46.551+0000] {processor.py:183} INFO - Processing /opt/airflow/dags/elt_pipeline.py took 0.128 seconds
[2026-05-06T03:19:16.672+0000] {processor.py:161} INFO - Started process (PID=180) to work on /opt/airflow/dags/elt_pipeline.py
[2026-05-06T03:19:16.673+0000] {processor.py:830} INFO - Processing file /opt/airflow/dags/elt_pipeline.py for tasks to queue
[2026-05-06T03:19:16.675+0000] {logging_mixin.py:188} INFO - [2026-05-06T03:19:16.675+0000] {dagbag.py:545} INFO - Filling up the DagBag from /opt/airflow/dags/elt_pipeline.py
[2026-05-06T03:19:16.695+0000] {processor.py:840} INFO - DAG(s) 'elt_pipeline' retrieved from /opt/airflow/dags/elt_pipeline.py
[2026-05-06T03:19:16.917+0000] {logging_mixin.py:188} INFO - [2026-05-06T03:19:16.917+0000] {dag.py:3096} INFO - Sync 1 DAGs
[2026-05-06T03:19:16.930+0000] {logging_mixin.py:188} INFO - [2026-05-06T03:19:16.930+0000] {dag.py:3954} INFO - Setting next_dagrun for elt_pipeline to 2026-05-05 00:00:00+00:00, run_after=2026-05-06 00:00:00+00:00
[2026-05-06T03:19:16.955+0000] {processor.py:183} INFO - Processing /opt/airflow/dags/elt_pipeline.py took 0.289 seconds
[2026-05-06T03:19:47.168+0000] {processor.py:161} INFO - Started process (PID=192) to work on /opt/airflow/dags/elt_pipeline.py
[2026-05-06T03:19:47.169+0000] {processor.py:830} INFO - Processing file /opt/airflow/dags/elt_pipeline.py for tasks to queue
[2026-05-06T03:19:47.172+0000] {logging_mixin.py:188} INFO - [2026-05-06T03:19:47.171+0000] {dagbag.py:545} INFO - Filling up the DagBag from /opt/airflow/dags/elt_pipeline.py
[2026-05-06T03:19:47.195+0000] {processor.py:840} INFO - DAG(s) 'elt_pipeline' retrieved from /opt/airflow/dags/elt_pipeline.py
[2026-05-06T03:19:47.228+0000] {logging_mixin.py:188} INFO - [2026-05-06T03:19:47.227+0000] {dag.py:3096} INFO - Sync 1 DAGs
[2026-05-06T03:19:47.249+0000] {logging_mixin.py:188} INFO - [2026-05-06T03:19:47.249+0000] {dag.py:3954} INFO - Setting next_dagrun for elt_pipeline to 2026-05-05 00:00:00+00:00, run_after=2026-05-06 00:00:00+00:00
[2026-05-06T03:19:47.269+0000] {processor.py:183} INFO - Processing /opt/airflow/dags/elt_pipeline.py took 0.108 seconds
[2026-05-06T03:20:17.368+0000] {processor.py:161} INFO - Started process (PID=204) to work on /opt/airflow/dags/elt_pipeline.py
[2026-05-06T03:20:17.369+0000] {processor.py:830} INFO - Processing file /opt/airflow/dags/elt_pipeline.py for tasks to queue
[2026-05-06T03:20:17.371+0000] {logging_mixin.py:188} INFO - [2026-05-06T03:20:17.371+0000] {dagbag.py:545} INFO - Filling up the DagBag from /opt/airflow/dags/elt_pipeline.py
[2026-05-06T03:20:17.393+0000] {processor.py:840} INFO - DAG(s) 'elt_pipeline' retrieved from /opt/airflow/dags/elt_pipeline.py
[2026-05-06T03:20:17.425+0000] {logging_mixin.py:188} INFO - [2026-05-06T03:20:17.424+0000] {dag.py:3096} INFO - Sync 1 DAGs
[2026-05-06T03:20:17.444+0000] {logging_mixin.py:188} INFO - [2026-05-06T03:20:17.444+0000] {dag.py:3954} INFO - Setting next_dagrun for elt_pipeline to 2026-05-05 00:00:00+00:00, run_after=2026-05-06 00:00:00+00:00
[2026-05-06T03:20:17.471+0000] {processor.py:183} INFO - Processing /opt/airflow/dags/elt_pipeline.py took 0.107 seconds
[2026-05-06T03:20:47.695+0000] {processor.py:161} INFO - Started process (PID=216) to work on /opt/airflow/dags/elt_pipeline.py
[2026-05-06T03:20:47.695+0000] {processor.py:830} INFO - Processing file /opt/airflow/dags/elt_pipeline.py for tasks to queue
[2026-05-06T03:20:47.697+0000] {logging_mixin.py:188} INFO - [2026-05-06T03:20:47.697+0000] {dagbag.py:545} INFO - Filling up the DagBag from /opt/airflow/dags/elt_pipeline.py
[2026-05-06T03:20:47.716+0000] {processor.py:840} INFO - DAG(s) 'elt_pipeline' retrieved from /opt/airflow/dags/elt_pipeline.py
[2026-05-06T03:20:47.744+0000] {logging_mixin.py:188} INFO - [2026-05-06T03:20:47.744+0000] {dag.py:3096} INFO - Sync 1 DAGs
[2026-05-06T03:20:47.872+0000] {logging_mixin.py:188} INFO - [2026-05-06T03:20:47.872+0000] {dag.py:3954} INFO - Setting next_dagrun for elt_pipeline to 2026-05-05 00:00:00+00:00, run_after=2026-05-06 00:00:00+00:00
[2026-05-06T03:20:47.905+0000] {processor.py:183} INFO - Processing /opt/airflow/dags/elt_pipeline.py took 0.215 seconds
[2026-05-06T03:21:18.143+0000] {processor.py:161} INFO - Started process (PID=228) to work on /opt/airflow/dags/elt_pipeline.py
[2026-05-06T03:21:18.143+0000] {processor.py:830} INFO - Processing file /opt/airflow/dags/elt_pipeline.py for tasks to queue
[2026-05-06T03:21:18.145+0000] {logging_mixin.py:188} INFO - [2026-05-06T03:21:18.145+0000] {dagbag.py:545} INFO - Filling up the DagBag from /opt/airflow/dags/elt_pipeline.py
[2026-05-06T03:21:18.166+0000] {processor.py:840} INFO - DAG(s) 'elt_pipeline' retrieved from /opt/airflow/dags/elt_pipeline.py
[2026-05-06T03:21:18.195+0000] {logging_mixin.py:188} INFO - [2026-05-06T03:21:18.195+0000] {dag.py:3096} INFO - Sync 1 DAGs
[2026-05-06T03:21:18.322+0000] {logging_mixin.py:188} INFO - [2026-05-06T03:21:18.322+0000] {dag.py:3954} INFO - Setting next_dagrun for elt_pipeline to 2026-05-05 00:00:00+00:00, run_after=2026-05-06 00:00:00+00:00
[2026-05-06T03:21:18.346+0000] {processor.py:183} INFO - Processing /opt/airflow/dags/elt_pipeline.py took 0.208 seconds
[2026-05-06T03:21:48.600+0000] {processor.py:161} INFO - Started process (PID=240) to work on /opt/airflow/dags/elt_pipeline.py
[2026-05-06T03:21:48.602+0000] {processor.py:830} INFO - Processing file /opt/airflow/dags/elt_pipeline.py for tasks to queue
[2026-05-06T03:21:48.604+0000] {logging_mixin.py:188} INFO - [2026-05-06T03:21:48.604+0000] {dagbag.py:545} INFO - Filling up the DagBag from /opt/airflow/dags/elt_pipeline.py
[2026-05-06T03:21:48.623+0000] {processor.py:840} INFO - DAG(s) 'elt_pipeline' retrieved from /opt/airflow/dags/elt_pipeline.py
[2026-05-06T03:21:48.769+0000] {logging_mixin.py:188} INFO - [2026-05-06T03:21:48.769+0000] {dag.py:3096} INFO - Sync 1 DAGs
[2026-05-06T03:21:48.787+0000] {logging_mixin.py:188} INFO - [2026-05-06T03:21:48.787+0000] {dag.py:3954} INFO - Setting next_dagrun for elt_pipeline to 2026-05-05 00:00:00+00:00, run_after=2026-05-06 00:00:00+00:00
[2026-05-06T03:21:48.812+0000] {processor.py:183} INFO - Processing /opt/airflow/dags/elt_pipeline.py took 0.216 seconds
[2026-05-06T03:22:19.156+0000] {processor.py:161} INFO - Started process (PID=252) to work on /opt/airflow/dags/elt_pipeline.py
[2026-05-06T03:22:19.158+0000] {processor.py:830} INFO - Processing file /opt/airflow/dags/elt_pipeline.py for tasks to queue
[2026-05-06T03:22:19.161+0000] {logging_mixin.py:188} INFO - [2026-05-06T03:22:19.160+0000] {dagbag.py:545} INFO - Filling up the DagBag from /opt/airflow/dags/elt_pipeline.py
[2026-05-06T03:22:19.182+0000] {processor.py:840} INFO - DAG(s) 'elt_pipeline' retrieved from /opt/airflow/dags/elt_pipeline.py
[2026-05-06T03:22:19.210+0000] {logging_mixin.py:188} INFO - [2026-05-06T03:22:19.210+0000] {dag.py:3096} INFO - Sync 1 DAGs
[2026-05-06T03:22:19.231+0000] {logging_mixin.py:188} INFO - [2026-05-06T03:22:19.230+0000] {dag.py:3954} INFO - Setting next_dagrun for elt_pipeline to 2026-05-05 00:00:00+00:00, run_after=2026-05-06 00:00:00+00:00
[2026-05-06T03:22:19.248+0000] {processor.py:183} INFO - Processing /opt/airflow/dags/elt_pipeline.py took 0.099 seconds
[2026-05-06T03:22:49.353+0000] {processor.py:161} INFO - Started process (PID=264) to work on /opt/airflow/dags/elt_pipeline.py
[2026-05-06T03:22:49.354+0000] {processor.py:830} INFO - Processing file /opt/airflow/dags/elt_pipeline.py for tasks to queue
[2026-05-06T03:22:49.356+0000] {logging_mixin.py:188} INFO - [2026-05-06T03:22:49.356+0000] {dagbag.py:545} INFO - Filling up the DagBag from /opt/airflow/dags/elt_pipeline.py
[2026-05-06T03:22:49.372+0000] {processor.py:840} INFO - DAG(s) 'elt_pipeline' retrieved from /opt/airflow/dags/elt_pipeline.py
[2026-05-06T03:22:49.400+0000] {logging_mixin.py:188} INFO - [2026-05-06T03:22:49.399+0000] {dag.py:3096} INFO - Sync 1 DAGs
[2026-05-06T03:22:49.420+0000] {logging_mixin.py:188} INFO - [2026-05-06T03:22:49.420+0000] {dag.py:3954} INFO - Setting next_dagrun for elt_pipeline to 2026-05-05 00:00:00+00:00, run_after=2026-05-06 00:00:00+00:00
[2026-05-06T03:22:49.446+0000] {processor.py:183} INFO - Processing /opt/airflow/dags/elt_pipeline.py took 0.097 seconds
[2026-05-06T03:23:19.654+0000] {processor.py:161} INFO - Started process (PID=276) to work on /opt/airflow/dags/elt_pipeline.py
[2026-05-06T03:23:19.655+0000] {processor.py:830} INFO - Processing file /opt/airflow/dags/elt_pipeline.py for tasks to queue
[2026-05-06T03:23:19.656+0000] {logging_mixin.py:188} INFO - [2026-05-06T03:23:19.656+0000] {dagbag.py:545} INFO - Filling up the DagBag from /opt/airflow/dags/elt_pipeline.py
[2026-05-06T03:23:19.675+0000] {processor.py:840} INFO - DAG(s) 'elt_pipeline' retrieved from /opt/airflow/dags/elt_pipeline.py
[2026-05-06T03:23:19.708+0000] {logging_mixin.py:188} INFO - [2026-05-06T03:23:19.708+0000] {dag.py:3096} INFO - Sync 1 DAGs
[2026-05-06T03:23:19.730+0000] {logging_mixin.py:188} INFO - [2026-05-06T03:23:19.729+0000] {dag.py:3954} INFO - Setting next_dagrun for elt_pipeline to 2026-05-05 00:00:00+00:00, run_after=2026-05-06 00:00:00+00:00
[2026-05-06T03:23:19.758+0000] {processor.py:183} INFO - Processing /opt/airflow/dags/elt_pipeline.py took 0.108 seconds
[2026-05-06T03:23:49.907+0000] {processor.py:161} INFO - Started process (PID=289) to work on /opt/airflow/dags/elt_pipeline.py
[2026-05-06T03:23:49.908+0000] {processor.py:830} INFO - Processing file /opt/airflow/dags/elt_pipeline.py for tasks to queue
[2026-05-06T03:23:49.910+0000] {logging_mixin.py:188} INFO - [2026-05-06T03:23:49.909+0000] {dagbag.py:545} INFO - Filling up the DagBag from /opt/airflow/dags/elt_pipeline.py
[2026-05-06T03:23:49.931+0000] {processor.py:840} INFO - DAG(s) 'elt_pipeline' retrieved from /opt/airflow/dags/elt_pipeline.py
[2026-05-06T03:23:49.961+0000] {logging_mixin.py:188} INFO - [2026-05-06T03:23:49.961+0000] {dag.py:3096} INFO - Sync 1 DAGs
[2026-05-06T03:23:49.983+0000] {logging_mixin.py:188} INFO - [2026-05-06T03:23:49.982+0000] {dag.py:3954} INFO - Setting next_dagrun for elt_pipeline to 2026-05-05 00:00:00+00:00, run_after=2026-05-06 00:00:00+00:00
[2026-05-06T03:23:50.013+0000] {processor.py:183} INFO - Processing /opt/airflow/dags/elt_pipeline.py took 0.111 seconds
[2026-05-06T03:24:20.179+0000] {processor.py:161} INFO - Started process (PID=301) to work on /opt/airflow/dags/elt_pipeline.py
[2026-05-06T03:24:20.179+0000] {processor.py:830} INFO - Processing file /opt/airflow/dags/elt_pipeline.py for tasks to queue
[2026-05-06T03:24:20.181+0000] {logging_mixin.py:188} INFO - [2026-05-06T03:24:20.180+0000] {dagbag.py:545} INFO - Filling up the DagBag from /opt/airflow/dags/elt_pipeline.py
[2026-05-06T03:24:20.199+0000] {processor.py:840} INFO - DAG(s) 'elt_pipeline' retrieved from /opt/airflow/dags/elt_pipeline.py
[2026-05-06T03:24:20.228+0000] {logging_mixin.py:188} INFO - [2026-05-06T03:24:20.228+0000] {dag.py:3096} INFO - Sync 1 DAGs
[2026-05-06T03:24:20.250+0000] {logging_mixin.py:188} INFO - [2026-05-06T03:24:20.250+0000] {dag.py:3954} INFO - Setting next_dagrun for elt_pipeline to 2026-05-05 00:00:00+00:00, run_after=2026-05-06 00:00:00+00:00
[2026-05-06T03:24:20.281+0000] {processor.py:183} INFO - Processing /opt/airflow/dags/elt_pipeline.py took 0.107 seconds
[2026-05-06T03:24:50.427+0000] {processor.py:161} INFO - Started process (PID=313) to work on /opt/airflow/dags/elt_pipeline.py
[2026-05-06T03:24:50.428+0000] {processor.py:830} INFO - Processing file /opt/airflow/dags/elt_pipeline.py for tasks to queue
[2026-05-06T03:24:50.429+0000] {logging_mixin.py:188} INFO - [2026-05-06T03:24:50.429+0000] {dagbag.py:545} INFO - Filling up the DagBag from /opt/airflow/dags/elt_pipeline.py
[2026-05-06T03:24:50.450+0000] {processor.py:840} INFO - DAG(s) 'elt_pipeline' retrieved from /opt/airflow/dags/elt_pipeline.py
[2026-05-06T03:24:50.483+0000] {logging_mixin.py:188} INFO - [2026-05-06T03:24:50.483+0000] {dag.py:3096} INFO - Sync 1 DAGs
[2026-05-06T03:24:50.502+0000] {logging_mixin.py:188} INFO - [2026-05-06T03:24:50.502+0000] {dag.py:3954} INFO - Setting next_dagrun for elt_pipeline to 2026-05-05 00:00:00+00:00, run_after=2026-05-06 00:00:00+00:00
[2026-05-06T03:24:50.530+0000] {processor.py:183} INFO - Processing /opt/airflow/dags/elt_pipeline.py took 0.107 seconds
[2026-05-06T03:25:20.708+0000] {processor.py:161} INFO - Started process (PID=326) to work on /opt/airflow/dags/elt_pipeline.py
[2026-05-06T03:25:20.708+0000] {processor.py:830} INFO - Processing file /opt/airflow/dags/elt_pipeline.py for tasks to queue
[2026-05-06T03:25:20.711+0000] {logging_mixin.py:188} INFO - [2026-05-06T03:25:20.710+0000] {dagbag.py:545} INFO - Filling up the DagBag from /opt/airflow/dags/elt_pipeline.py
[2026-05-06T03:25:20.728+0000] {processor.py:840} INFO - DAG(s) 'elt_pipeline' retrieved from /opt/airflow/dags/elt_pipeline.py
[2026-05-06T03:25:20.754+0000] {logging_mixin.py:188} INFO - [2026-05-06T03:25:20.754+0000] {dag.py:3096} INFO - Sync 1 DAGs
[2026-05-06T03:25:20.774+0000] {logging_mixin.py:188} INFO - [2026-05-06T03:25:20.774+0000] {dag.py:3954} INFO - Setting next_dagrun for elt_pipeline to 2026-05-05 00:00:00+00:00, run_after=2026-05-06 00:00:00+00:00
[2026-05-06T03:25:20.801+0000] {processor.py:183} INFO - Processing /opt/airflow/dags/elt_pipeline.py took 0.101 seconds
[2026-05-06T03:25:50.921+0000] {processor.py:161} INFO - Started process (PID=338) to work on /opt/airflow/dags/elt_pipeline.py
[2026-05-06T03:25:50.922+0000] {processor.py:830} INFO - Processing file /opt/airflow/dags/elt_pipeline.py for tasks to queue
[2026-05-06T03:25:50.924+0000] {logging_mixin.py:188} INFO - [2026-05-06T03:25:50.924+0000] {dagbag.py:545} INFO - Filling up the DagBag from /opt/airflow/dags/elt_pipeline.py
[2026-05-06T03:25:50.943+0000] {processor.py:840} INFO - DAG(s) 'elt_pipeline' retrieved from /opt/airflow/dags/elt_pipeline.py
[2026-05-06T03:25:50.971+0000] {logging_mixin.py:188} INFO - [2026-05-06T03:25:50.970+0000] {dag.py:3096} INFO - Sync 1 DAGs
[2026-05-06T03:25:50.991+0000] {logging_mixin.py:188} INFO - [2026-05-06T03:25:50.990+0000] {dag.py:3954} INFO - Setting next_dagrun for elt_pipeline to 2026-05-05 00:00:00+00:00, run_after=2026-05-06 00:00:00+00:00
[2026-05-06T03:25:51.011+0000] {processor.py:183} INFO - Processing /opt/airflow/dags/elt_pipeline.py took 0.094 seconds
[2026-05-06T03:26:21.242+0000] {processor.py:161} INFO - Started process (PID=350) to work on /opt/airflow/dags/elt_pipeline.py
[2026-05-06T03:26:21.243+0000] {processor.py:830} INFO - Processing file /opt/airflow/dags/elt_pipeline.py for tasks to queue
[2026-05-06T03:26:21.245+0000] {logging_mixin.py:188} INFO - [2026-05-06T03:26:21.244+0000] {dagbag.py:545} INFO - Filling up the DagBag from /opt/airflow/dags/elt_pipeline.py
[2026-05-06T03:26:21.262+0000] {processor.py:840} INFO - DAG(s) 'elt_pipeline' retrieved from /opt/airflow/dags/elt_pipeline.py
[2026-05-06T03:26:21.290+0000] {logging_mixin.py:188} INFO - [2026-05-06T03:26:21.290+0000] {dag.py:3096} INFO - Sync 1 DAGs
[2026-05-06T03:26:21.310+0000] {logging_mixin.py:188} INFO - [2026-05-06T03:26:21.310+0000] {dag.py:3954} INFO - Setting next_dagrun for elt_pipeline to 2026-05-05 00:00:00+00:00, run_after=2026-05-06 00:00:00+00:00
[2026-05-06T03:26:21.331+0000] {processor.py:183} INFO - Processing /opt/airflow/dags/elt_pipeline.py took 0.093 seconds
[2026-05-06T03:26:51.472+0000] {processor.py:161} INFO - Started process (PID=362) to work on /opt/airflow/dags/elt_pipeline.py
[2026-05-06T03:26:51.473+0000] {processor.py:830} INFO - Processing file /opt/airflow/dags/elt_pipeline.py for tasks to queue
[2026-05-06T03:26:51.475+0000] {logging_mixin.py:188} INFO - [2026-05-06T03:26:51.475+0000] {dagbag.py:545} INFO - Filling up the DagBag from /opt/airflow/dags/elt_pipeline.py
[2026-05-06T03:26:51.496+0000] {processor.py:840} INFO - DAG(s) 'elt_pipeline' retrieved from /opt/airflow/dags/elt_pipeline.py
[2026-05-06T03:26:51.523+0000] {logging_mixin.py:188} INFO - [2026-05-06T03:26:51.523+0000] {dag.py:3096} INFO - Sync 1 DAGs
[2026-05-06T03:26:51.543+0000] {logging_mixin.py:188} INFO - [2026-05-06T03:26:51.543+0000] {dag.py:3954} INFO - Setting next_dagrun for elt_pipeline to 2026-05-05 00:00:00+00:00, run_after=2026-05-06 00:00:00+00:00
[2026-05-06T03:26:51.568+0000] {processor.py:183} INFO - Processing /opt/airflow/dags/elt_pipeline.py took 0.101 seconds
[2026-05-06T03:27:21.737+0000] {processor.py:161} INFO - Started process (PID=374) to work on /opt/airflow/dags/elt_pipeline.py
[2026-05-06T03:27:21.738+0000] {processor.py:830} INFO - Processing file /opt/airflow/dags/elt_pipeline.py for tasks to queue
[2026-05-06T03:27:21.741+0000] {logging_mixin.py:188} INFO - [2026-05-06T03:27:21.740+0000] {dagbag.py:545} INFO - Filling up the DagBag from /opt/airflow/dags/elt_pipeline.py
[2026-05-06T03:27:21.774+0000] {processor.py:840} INFO - DAG(s) 'elt_pipeline' retrieved from /opt/airflow/dags/elt_pipeline.py
[2026-05-06T03:27:21.814+0000] {logging_mixin.py:188} INFO - [2026-05-06T03:27:21.814+0000] {dag.py:3096} INFO - Sync 1 DAGs
[2026-05-06T03:27:21.848+0000] {logging_mixin.py:188} INFO - [2026-05-06T03:27:21.847+0000] {dag.py:3954} INFO - Setting next_dagrun for elt_pipeline to 2026-05-05 00:00:00+00:00, run_after=2026-05-06 00:00:00+00:00
[2026-05-06T03:27:21.873+0000] {processor.py:183} INFO - Processing /opt/airflow/dags/elt_pipeline.py took 0.143 seconds
[2026-05-06T03:27:51.987+0000] {processor.py:161} INFO - Started process (PID=386) to work on /opt/airflow/dags/elt_pipeline.py
[2026-05-06T03:27:51.988+0000] {processor.py:830} INFO - Processing file /opt/airflow/dags/elt_pipeline.py for tasks to queue
[2026-05-06T03:27:51.989+0000] {logging_mixin.py:188} INFO - [2026-05-06T03:27:51.989+0000] {dagbag.py:545} INFO - Filling up the DagBag from /opt/airflow/dags/elt_pipeline.py
[2026-05-06T03:27:52.007+0000] {processor.py:840} INFO - DAG(s) 'elt_pipeline' retrieved from /opt/airflow/dags/elt_pipeline.py
[2026-05-06T03:27:52.034+0000] {logging_mixin.py:188} INFO - [2026-05-06T03:27:52.034+0000] {dag.py:3096} INFO - Sync 1 DAGs
[2026-05-06T03:27:52.055+0000] {logging_mixin.py:188} INFO - [2026-05-06T03:27:52.055+0000] {dag.py:3954} INFO - Setting next_dagrun for elt_pipeline to 2026-05-05 00:00:00+00:00, run_after=2026-05-06 00:00:00+00:00
[2026-05-06T03:27:52.084+0000] {processor.py:183} INFO - Processing /opt/airflow/dags/elt_pipeline.py took 0.101 seconds
[2026-05-06T03:28:22.335+0000] {processor.py:161} INFO - Started process (PID=398) to work on /opt/airflow/dags/elt_pipeline.py
[2026-05-06T03:28:22.336+0000] {processor.py:830} INFO - Processing file /opt/airflow/dags/elt_pipeline.py for tasks to queue
[2026-05-06T03:28:22.337+0000] {logging_mixin.py:188} INFO - [2026-05-06T03:28:22.337+0000] {dagbag.py:545} INFO - Filling up the DagBag from /opt/airflow/dags/elt_pipeline.py
[2026-05-06T03:28:22.356+0000] {processor.py:840} INFO - DAG(s) 'elt_pipeline' retrieved from /opt/airflow/dags/elt_pipeline.py
[2026-05-06T03:28:22.382+0000] {logging_mixin.py:188} INFO - [2026-05-06T03:28:22.382+0000] {dag.py:3096} INFO - Sync 1 DAGs
[2026-05-06T03:28:22.401+0000] {logging_mixin.py:188} INFO - [2026-05-06T03:28:22.401+0000] {dag.py:3954} INFO - Setting next_dagrun for elt_pipeline to 2026-05-05 00:00:00+00:00, run_after=2026-05-06 00:00:00+00:00
[2026-05-06T03:28:22.422+0000] {processor.py:183} INFO - Processing /opt/airflow/dags/elt_pipeline.py took 0.091 seconds
[2026-05-06T03:28:52.627+0000] {processor.py:161} INFO - Started process (PID=410) to work on /opt/airflow/dags/elt_pipeline.py
[2026-05-06T03:28:52.628+0000] {processor.py:830} INFO - Processing file /opt/airflow/dags/elt_pipeline.py for tasks to queue
[2026-05-06T03:28:52.630+0000] {logging_mixin.py:188} INFO - [2026-05-06T03:28:52.629+0000] {dagbag.py:545} INFO - Filling up the DagBag from /opt/airflow/dags/elt_pipeline.py
[2026-05-06T03:28:52.651+0000] {processor.py:840} INFO - DAG(s) 'elt_pipeline' retrieved from /opt/airflow/dags/elt_pipeline.py
[2026-05-06T03:28:52.679+0000] {logging_mixin.py:188} INFO - [2026-05-06T03:28:52.679+0000] {dag.py:3096} INFO - Sync 1 DAGs
[2026-05-06T03:28:52.698+0000] {logging_mixin.py:188} INFO - [2026-05-06T03:28:52.698+0000] {dag.py:3954} INFO - Setting next_dagrun for elt_pipeline to 2026-05-05 00:00:00+00:00, run_after=2026-05-06 00:00:00+00:00
[2026-05-06T03:28:52.724+0000] {processor.py:183} INFO - Processing /opt/airflow/dags/elt_pipeline.py took 0.102 seconds
[2026-05-06T03:29:22.872+0000] {processor.py:161} INFO - Started process (PID=415) to work on /opt/airflow/dags/elt_pipeline.py
[2026-05-06T03:29:22.873+0000] {processor.py:830} INFO - Processing file /opt/airflow/dags/elt_pipeline.py for tasks to queue
[2026-05-06T03:29:22.875+0000] {logging_mixin.py:188} INFO - [2026-05-06T03:29:22.874+0000] {dagbag.py:545} INFO - Filling up the DagBag from /opt/airflow/dags/elt_pipeline.py
[2026-05-06T03:29:22.893+0000] {processor.py:840} INFO - DAG(s) 'elt_pipeline' retrieved from /opt/airflow/dags/elt_pipeline.py
[2026-05-06T03:29:22.919+0000] {logging_mixin.py:188} INFO - [2026-05-06T03:29:22.919+0000] {dag.py:3096} INFO - Sync 1 DAGs
[2026-05-06T03:29:22.946+0000] {logging_mixin.py:188} INFO - [2026-05-06T03:29:22.946+0000] {dag.py:3954} INFO - Setting next_dagrun for elt_pipeline to 2026-05-05 00:00:00+00:00, run_after=2026-05-06 00:00:00+00:00
[2026-05-06T03:29:22.964+0000] {processor.py:183} INFO - Processing /opt/airflow/dags/elt_pipeline.py took 0.097 seconds
[2026-05-06T03:29:53.129+0000] {processor.py:161} INFO - Started process (PID=427) to work on /opt/airflow/dags/elt_pipeline.py
[2026-05-06T03:29:53.130+0000] {processor.py:830} INFO - Processing file /opt/airflow/dags/elt_pipeline.py for tasks to queue
[2026-05-06T03:29:53.132+0000] {logging_mixin.py:188} INFO - [2026-05-06T03:29:53.131+0000] {dagbag.py:545} INFO - Filling up the DagBag from /opt/airflow/dags/elt_pipeline.py
[2026-05-06T03:29:53.154+0000] {processor.py:840} INFO - DAG(s) 'elt_pipeline' retrieved from /opt/airflow/dags/elt_pipeline.py
[2026-05-06T03:29:53.184+0000] {logging_mixin.py:188} INFO - [2026-05-06T03:29:53.184+0000] {dag.py:3096} INFO - Sync 1 DAGs
[2026-05-06T03:29:53.205+0000] {logging_mixin.py:188} INFO - [2026-05-06T03:29:53.205+0000] {dag.py:3954} INFO - Setting next_dagrun for elt_pipeline to 2026-05-05 00:00:00+00:00, run_after=2026-05-06 00:00:00+00:00
[2026-05-06T03:29:53.227+0000] {processor.py:183} INFO - Processing /opt/airflow/dags/elt_pipeline.py took 0.104 seconds
[2026-05-06T03:30:23.362+0000] {processor.py:161} INFO - Started process (PID=439) to work on /opt/airflow/dags/elt_pipeline.py
[2026-05-06T03:30:23.363+0000] {processor.py:830} INFO - Processing file /opt/airflow/dags/elt_pipeline.py for tasks to queue
[2026-05-06T03:30:23.366+0000] {logging_mixin.py:188} INFO - [2026-05-06T03:30:23.365+0000] {dagbag.py:545} INFO - Filling up the DagBag from /opt/airflow/dags/elt_pipeline.py
[2026-05-06T03:30:23.387+0000] {processor.py:840} INFO - DAG(s) 'elt_pipeline' retrieved from /opt/airflow/dags/elt_pipeline.py
[2026-05-06T03:30:23.419+0000] {logging_mixin.py:188} INFO - [2026-05-06T03:30:23.418+0000] {dag.py:3096} INFO - Sync 1 DAGs
[2026-05-06T03:30:23.437+0000] {logging_mixin.py:188} INFO - [2026-05-06T03:30:23.437+0000] {dag.py:3954} INFO - Setting next_dagrun for elt_pipeline to 2026-05-05 00:00:00+00:00, run_after=2026-05-06 00:00:00+00:00
[2026-05-06T03:30:23.455+0000] {processor.py:183} INFO - Processing /opt/airflow/dags/elt_pipeline.py took 0.100 seconds
[2026-05-06T03:30:53.611+0000] {processor.py:161} INFO - Started process (PID=451) to work on /opt/airflow/dags/elt_pipeline.py
[2026-05-06T03:30:53.612+0000] {processor.py:830} INFO - Processing file /opt/airflow/dags/elt_pipeline.py for tasks to queue
[2026-05-06T03:30:53.615+0000] {logging_mixin.py:188} INFO - [2026-05-06T03:30:53.615+0000] {dagbag.py:545} INFO - Filling up the DagBag from /opt/airflow/dags/elt_pipeline.py
[2026-05-06T03:30:53.639+0000] {processor.py:840} INFO - DAG(s) 'elt_pipeline' retrieved from /opt/airflow/dags/elt_pipeline.py
[2026-05-06T03:30:53.674+0000] {logging_mixin.py:188} INFO - [2026-05-06T03:30:53.674+0000] {dag.py:3096} INFO - Sync 1 DAGs
[2026-05-06T03:30:53.695+0000] {logging_mixin.py:188} INFO - [2026-05-06T03:30:53.695+0000] {dag.py:3954} INFO - Setting next_dagrun for elt_pipeline to 2026-05-05 00:00:00+00:00, run_after=2026-05-06 00:00:00+00:00
[2026-05-06T03:30:53.718+0000] {processor.py:183} INFO - Processing /opt/airflow/dags/elt_pipeline.py took 0.115 seconds
[2026-05-06T03:31:23.824+0000] {processor.py:161} INFO - Started process (PID=463) to work on /opt/airflow/dags/elt_pipeline.py
[2026-05-06T03:31:23.825+0000] {processor.py:830} INFO - Processing file /opt/airflow/dags/elt_pipeline.py for tasks to queue
[2026-05-06T03:31:23.827+0000] {logging_mixin.py:188} INFO - [2026-05-06T03:31:23.826+0000] {dagbag.py:545} INFO - Filling up the DagBag from /opt/airflow/dags/elt_pipeline.py
[2026-05-06T03:31:23.845+0000] {processor.py:840} INFO - DAG(s) 'elt_pipeline' retrieved from /opt/airflow/dags/elt_pipeline.py
[2026-05-06T03:31:23.871+0000] {logging_mixin.py:188} INFO - [2026-05-06T03:31:23.871+0000] {dag.py:3096} INFO - Sync 1 DAGs
[2026-05-06T03:31:23.891+0000] {logging_mixin.py:188} INFO - [2026-05-06T03:31:23.891+0000] {dag.py:3954} INFO - Setting next_dagrun for elt_pipeline to 2026-05-05 00:00:00+00:00, run_after=2026-05-06 00:00:00+00:00
[2026-05-06T03:31:23.918+0000] {processor.py:183} INFO - Processing /opt/airflow/dags/elt_pipeline.py took 0.099 seconds
[2026-05-06T03:31:54.117+0000] {processor.py:161} INFO - Started process (PID=475) to work on /opt/airflow/dags/elt_pipeline.py
[2026-05-06T03:31:54.118+0000] {processor.py:830} INFO - Processing file /opt/airflow/dags/elt_pipeline.py for tasks to queue
[2026-05-06T03:31:54.120+0000] {logging_mixin.py:188} INFO - [2026-05-06T03:31:54.120+0000] {dagbag.py:545} INFO - Filling up the DagBag from /opt/airflow/dags/elt_pipeline.py
[2026-05-06T03:31:54.141+0000] {processor.py:840} INFO - DAG(s) 'elt_pipeline' retrieved from /opt/airflow/dags/elt_pipeline.py
[2026-05-06T03:31:54.167+0000] {logging_mixin.py:188} INFO - [2026-05-06T03:31:54.167+0000] {dag.py:3096} INFO - Sync 1 DAGs
[2026-05-06T03:31:54.184+0000] {logging_mixin.py:188} INFO - [2026-05-06T03:31:54.184+0000] {dag.py:3954} INFO - Setting next_dagrun for elt_pipeline to 2026-05-05 00:00:00+00:00, run_after=2026-05-06 00:00:00+00:00
[2026-05-06T03:31:54.209+0000] {processor.py:183} INFO - Processing /opt/airflow/dags/elt_pipeline.py took 0.097 seconds
[2026-05-06T03:32:24.331+0000] {processor.py:161} INFO - Started process (PID=487) to work on /opt/airflow/dags/elt_pipeline.py
[2026-05-06T03:32:24.332+0000] {processor.py:830} INFO - Processing file /opt/airflow/dags/elt_pipeline.py for tasks to queue
[2026-05-06T03:32:24.333+0000] {logging_mixin.py:188} INFO - [2026-05-06T03:32:24.333+0000] {dagbag.py:545} INFO - Filling up the DagBag from /opt/airflow/dags/elt_pipeline.py
[2026-05-06T03:32:24.352+0000] {processor.py:840} INFO - DAG(s) 'elt_pipeline' retrieved from /opt/airflow/dags/elt_pipeline.py
[2026-05-06T03:32:24.379+0000] {logging_mixin.py:188} INFO - [2026-05-06T03:32:24.379+0000] {dag.py:3096} INFO - Sync 1 DAGs
[2026-05-06T03:32:24.395+0000] {logging_mixin.py:188} INFO - [2026-05-06T03:32:24.395+0000] {dag.py:3954} INFO - Setting next_dagrun for elt_pipeline to 2026-05-05 00:00:00+00:00, run_after=2026-05-06 00:00:00+00:00
[2026-05-06T03:32:24.421+0000] {processor.py:183} INFO - Processing /opt/airflow/dags/elt_pipeline.py took 0.096 seconds
[2026-05-06T03:32:54.607+0000] {processor.py:161} INFO - Started process (PID=499) to work on /opt/airflow/dags/elt_pipeline.py
[2026-05-06T03:32:54.608+0000] {processor.py:830} INFO - Processing file /opt/airflow/dags/elt_pipeline.py for tasks to queue
[2026-05-06T03:32:54.610+0000] {logging_mixin.py:188} INFO - [2026-05-06T03:32:54.609+0000] {dagbag.py:545} INFO - Filling up the DagBag from /opt/airflow/dags/elt_pipeline.py
[2026-05-06T03:32:54.629+0000] {processor.py:840} INFO - DAG(s) 'elt_pipeline' retrieved from /opt/airflow/dags/elt_pipeline.py
[2026-05-06T03:32:54.660+0000] {logging_mixin.py:188} INFO - [2026-05-06T03:32:54.660+0000] {dag.py:3096} INFO - Sync 1 DAGs
[2026-05-06T03:32:54.685+0000] {logging_mixin.py:188} INFO - [2026-05-06T03:32:54.685+0000] {dag.py:3954} INFO - Setting next_dagrun for elt_pipeline to 2026-05-05 00:00:00+00:00, run_after=2026-05-06 00:00:00+00:00
[2026-05-06T03:32:54.706+0000] {processor.py:183} INFO - Processing /opt/airflow/dags/elt_pipeline.py took 0.105 seconds
[2026-05-06T03:33:24.805+0000] {processor.py:161} INFO - Started process (PID=511) to work on /opt/airflow/dags/elt_pipeline.py
[2026-05-06T03:33:24.806+0000] {processor.py:830} INFO - Processing file /opt/airflow/dags/elt_pipeline.py for tasks to queue
[2026-05-06T03:33:24.808+0000] {logging_mixin.py:188} INFO - [2026-05-06T03:33:24.808+0000] {dagbag.py:545} INFO - Filling up the DagBag from /opt/airflow/dags/elt_pipeline.py
[2026-05-06T03:33:24.837+0000] {processor.py:840} INFO - DAG(s) 'elt_pipeline' retrieved from /opt/airflow/dags/elt_pipeline.py
[2026-05-06T03:33:24.869+0000] {logging_mixin.py:188} INFO - [2026-05-06T03:33:24.869+0000] {dag.py:3096} INFO - Sync 1 DAGs
[2026-05-06T03:33:24.890+0000] {logging_mixin.py:188} INFO - [2026-05-06T03:33:24.890+0000] {dag.py:3954} INFO - Setting next_dagrun for elt_pipeline to 2026-05-05 00:00:00+00:00, run_after=2026-05-06 00:00:00+00:00
[2026-05-06T03:33:24.910+0000] {processor.py:183} INFO - Processing /opt/airflow/dags/elt_pipeline.py took 0.112 seconds
[2026-05-06T03:33:55.132+0000] {processor.py:161} INFO - Started process (PID=523) to work on /opt/airflow/dags/elt_pipeline.py
[2026-05-06T03:33:55.133+0000] {processor.py:830} INFO - Processing file /opt/airflow/dags/elt_pipeline.py for tasks to queue
[2026-05-06T03:33:55.135+0000] {logging_mixin.py:188} INFO - [2026-05-06T03:33:55.135+0000] {dagbag.py:545} INFO - Filling up the DagBag from /opt/airflow/dags/elt_pipeline.py
[2026-05-06T03:33:55.153+0000] {processor.py:840} INFO - DAG(s) 'elt_pipeline' retrieved from /opt/airflow/dags/elt_pipeline.py
[2026-05-06T03:33:55.178+0000] {logging_mixin.py:188} INFO - [2026-05-06T03:33:55.178+0000] {dag.py:3096} INFO - Sync 1 DAGs
[2026-05-06T03:33:55.199+0000] {logging_mixin.py:188} INFO - [2026-05-06T03:33:55.199+0000] {dag.py:3954} INFO - Setting next_dagrun for elt_pipeline to 2026-05-05 00:00:00+00:00, run_after=2026-05-06 00:00:00+00:00
[2026-05-06T03:33:55.225+0000] {processor.py:183} INFO - Processing /opt/airflow/dags/elt_pipeline.py took 0.099 seconds
[2026-05-06T03:34:25.313+0000] {processor.py:161} INFO - Started process (PID=535) to work on /opt/airflow/dags/elt_pipeline.py
[2026-05-06T03:34:25.314+0000] {processor.py:830} INFO - Processing file /opt/airflow/dags/elt_pipeline.py for tasks to queue
[2026-05-06T03:34:25.316+0000] {logging_mixin.py:188} INFO - [2026-05-06T03:34:25.316+0000] {dagbag.py:545} INFO - Filling up the DagBag from /opt/airflow/dags/elt_pipeline.py
[2026-05-06T03:34:25.336+0000] {processor.py:840} INFO - DAG(s) 'elt_pipeline' retrieved from /opt/airflow/dags/elt_pipeline.py
[2026-05-06T03:34:25.362+0000] {logging_mixin.py:188} INFO - [2026-05-06T03:34:25.362+0000] {dag.py:3096} INFO - Sync 1 DAGs
[2026-05-06T03:34:25.380+0000] {logging_mixin.py:188} INFO - [2026-05-06T03:34:25.380+0000] {dag.py:3954} INFO - Setting next_dagrun for elt_pipeline to 2026-05-05 00:00:00+00:00, run_after=2026-05-06 00:00:00+00:00
[2026-05-06T03:34:25.406+0000] {processor.py:183} INFO - Processing /opt/airflow/dags/elt_pipeline.py took 0.100 seconds
[2026-05-06T03:34:55.608+0000] {processor.py:161} INFO - Started process (PID=547) to work on /opt/airflow/dags/elt_pipeline.py
[2026-05-06T03:34:55.609+0000] {processor.py:830} INFO - Processing file /opt/airflow/dags/elt_pipeline.py for tasks to queue
[2026-05-06T03:34:55.611+0000] {logging_mixin.py:188} INFO - [2026-05-06T03:34:55.611+0000] {dagbag.py:545} INFO - Filling up the DagBag from /opt/airflow/dags/elt_pipeline.py
[2026-05-06T03:34:55.634+0000] {processor.py:840} INFO - DAG(s) 'elt_pipeline' retrieved from /opt/airflow/dags/elt_pipeline.py
[2026-05-06T03:34:55.659+0000] {logging_mixin.py:188} INFO - [2026-05-06T03:34:55.659+0000] {dag.py:3096} INFO - Sync 1 DAGs
[2026-05-06T03:34:55.680+0000] {logging_mixin.py:188} INFO - [2026-05-06T03:34:55.679+0000] {dag.py:3954} INFO - Setting next_dagrun for elt_pipeline to 2026-05-05 00:00:00+00:00, run_after=2026-05-06 00:00:00+00:00
[2026-05-06T03:34:55.706+0000] {processor.py:183} INFO - Processing /opt/airflow/dags/elt_pipeline.py took 0.102 seconds
[2026-05-06T03:35:25.846+0000] {processor.py:161} INFO - Started process (PID=559) to work on /opt/airflow/dags/elt_pipeline.py
[2026-05-06T03:35:25.847+0000] {processor.py:830} INFO - Processing file /opt/airflow/dags/elt_pipeline.py for tasks to queue
[2026-05-06T03:35:25.849+0000] {logging_mixin.py:188} INFO - [2026-05-06T03:35:25.848+0000] {dagbag.py:545} INFO - Filling up the DagBag from /opt/airflow/dags/elt_pipeline.py
[2026-05-06T03:35:25.866+0000] {processor.py:840} INFO - DAG(s) 'elt_pipeline' retrieved from /opt/airflow/dags/elt_pipeline.py
[2026-05-06T03:35:25.894+0000] {logging_mixin.py:188} INFO - [2026-05-06T03:35:25.893+0000] {dag.py:3096} INFO - Sync 1 DAGs
[2026-05-06T03:35:25.912+0000] {logging_mixin.py:188} INFO - [2026-05-06T03:35:25.912+0000] {dag.py:3954} INFO - Setting next_dagrun for elt_pipeline to 2026-05-05 00:00:00+00:00, run_after=2026-05-06 00:00:00+00:00
[2026-05-06T03:35:25.939+0000] {processor.py:183} INFO - Processing /opt/airflow/dags/elt_pipeline.py took 0.098 seconds
[2026-05-06T03:35:56.154+0000] {processor.py:161} INFO - Started process (PID=571) to work on /opt/airflow/dags/elt_pipeline.py
[2026-05-06T03:35:56.156+0000] {processor.py:830} INFO - Processing file /opt/airflow/dags/elt_pipeline.py for tasks to queue
[2026-05-06T03:35:56.159+0000] {logging_mixin.py:188} INFO - [2026-05-06T03:35:56.158+0000] {dagbag.py:545} INFO - Filling up the DagBag from /opt/airflow/dags/elt_pipeline.py
[2026-05-06T03:35:56.191+0000] {processor.py:840} INFO - DAG(s) 'elt_pipeline' retrieved from /opt/airflow/dags/elt_pipeline.py
[2026-05-06T03:35:56.249+0000] {logging_mixin.py:188} INFO - [2026-05-06T03:35:56.249+0000] {dag.py:3096} INFO - Sync 1 DAGs
[2026-05-06T03:35:56.278+0000] {logging_mixin.py:188} INFO - [2026-05-06T03:35:56.278+0000] {dag.py:3954} INFO - Setting next_dagrun for elt_pipeline to 2026-05-05 00:00:00+00:00, run_after=2026-05-06 00:00:00+00:00
[2026-05-06T03:35:56.309+0000] {processor.py:183} INFO - Processing /opt/airflow/dags/elt_pipeline.py took 0.164 seconds
[2026-05-06T03:36:26.372+0000] {processor.py:161} INFO - Started process (PID=583) to work on /opt/airflow/dags/elt_pipeline.py
[2026-05-06T03:36:26.373+0000] {processor.py:830} INFO - Processing file /opt/airflow/dags/elt_pipeline.py for tasks to queue
[2026-05-06T03:36:26.374+0000] {logging_mixin.py:188} INFO - [2026-05-06T03:36:26.374+0000] {dagbag.py:545} INFO - Filling up the DagBag from /opt/airflow/dags/elt_pipeline.py
[2026-05-06T03:36:26.395+0000] {processor.py:840} INFO - DAG(s) 'elt_pipeline' retrieved from /opt/airflow/dags/elt_pipeline.py
[2026-05-06T03:36:26.435+0000] {logging_mixin.py:188} INFO - [2026-05-06T03:36:26.434+0000] {dag.py:3096} INFO - Sync 1 DAGs
[2026-05-06T03:36:26.467+0000] {logging_mixin.py:188} INFO - [2026-05-06T03:36:26.467+0000] {dag.py:3954} INFO - Setting next_dagrun for elt_pipeline to 2026-05-05 00:00:00+00:00, run_after=2026-05-06 00:00:00+00:00
[2026-05-06T03:36:26.492+0000] {processor.py:183} INFO - Processing /opt/airflow/dags/elt_pipeline.py took 0.126 seconds
[2026-05-06T03:36:56.736+0000] {processor.py:161} INFO - Started process (PID=595) to work on /opt/airflow/dags/elt_pipeline.py
[2026-05-06T03:36:56.737+0000] {processor.py:830} INFO - Processing file /opt/airflow/dags/elt_pipeline.py for tasks to queue
[2026-05-06T03:36:56.739+0000] {logging_mixin.py:188} INFO - [2026-05-06T03:36:56.739+0000] {dagbag.py:545} INFO - Filling up the DagBag from /opt/airflow/dags/elt_pipeline.py
[2026-05-06T03:36:56.759+0000] {processor.py:840} INFO - DAG(s) 'elt_pipeline' retrieved from /opt/airflow/dags/elt_pipeline.py
[2026-05-06T03:36:56.792+0000] {logging_mixin.py:188} INFO - [2026-05-06T03:36:56.792+0000] {dag.py:3096} INFO - Sync 1 DAGs
[2026-05-06T03:36:56.817+0000] {logging_mixin.py:188} INFO - [2026-05-06T03:36:56.817+0000] {dag.py:3954} INFO - Setting next_dagrun for elt_pipeline to 2026-05-05 00:00:00+00:00, run_after=2026-05-06 00:00:00+00:00
[2026-05-06T03:36:56.850+0000] {processor.py:183} INFO - Processing /opt/airflow/dags/elt_pipeline.py took 0.120 seconds
[2026-05-06T03:37:26.945+0000] {processor.py:161} INFO - Started process (PID=607) to work on /opt/airflow/dags/elt_pipeline.py
[2026-05-06T03:37:26.946+0000] {processor.py:830} INFO - Processing file /opt/airflow/dags/elt_pipeline.py for tasks to queue
[2026-05-06T03:37:26.948+0000] {logging_mixin.py:188} INFO - [2026-05-06T03:37:26.948+0000] {dagbag.py:545} INFO - Filling up the DagBag from /opt/airflow/dags/elt_pipeline.py
[2026-05-06T03:37:26.978+0000] {processor.py:840} INFO - DAG(s) 'elt_pipeline' retrieved from /opt/airflow/dags/elt_pipeline.py
[2026-05-06T03:37:27.009+0000] {logging_mixin.py:188} INFO - [2026-05-06T03:37:27.009+0000] {dag.py:3096} INFO - Sync 1 DAGs
[2026-05-06T03:37:27.029+0000] {logging_mixin.py:188} INFO - [2026-05-06T03:37:27.029+0000] {dag.py:3954} INFO - Setting next_dagrun for elt_pipeline to 2026-05-05 00:00:00+00:00, run_after=2026-05-06 00:00:00+00:00
[2026-05-06T03:37:27.062+0000] {processor.py:183} INFO - Processing /opt/airflow/dags/elt_pipeline.py took 0.124 seconds
[2026-05-06T03:37:57.314+0000] {processor.py:161} INFO - Started process (PID=619) to work on /opt/airflow/dags/elt_pipeline.py
[2026-05-06T03:37:57.316+0000] {processor.py:830} INFO - Processing file /opt/airflow/dags/elt_pipeline.py for tasks to queue
[2026-05-06T03:37:57.318+0000] {logging_mixin.py:188} INFO - [2026-05-06T03:37:57.318+0000] {dagbag.py:545} INFO - Filling up the DagBag from /opt/airflow/dags/elt_pipeline.py
[2026-05-06T03:37:57.349+0000] {processor.py:840} INFO - DAG(s) 'elt_pipeline' retrieved from /opt/airflow/dags/elt_pipeline.py
[2026-05-06T03:37:57.391+0000] {logging_mixin.py:188} INFO - [2026-05-06T03:37:57.391+0000] {dag.py:3096} INFO - Sync 1 DAGs
[2026-05-06T03:37:57.417+0000] {logging_mixin.py:188} INFO - [2026-05-06T03:37:57.417+0000] {dag.py:3954} INFO - Setting next_dagrun for elt_pipeline to 2026-05-05 00:00:00+00:00, run_after=2026-05-06 00:00:00+00:00
[2026-05-06T03:37:57.451+0000] {processor.py:183} INFO - Processing /opt/airflow/dags/elt_pipeline.py took 0.149 seconds
[2026-05-06T03:38:27.505+0000] {processor.py:161} INFO - Started process (PID=624) to work on /opt/airflow/dags/elt_pipeline.py
[2026-05-06T03:38:27.506+0000] {processor.py:830} INFO - Processing file /opt/airflow/dags/elt_pipeline.py for tasks to queue
[2026-05-06T03:38:27.507+0000] {logging_mixin.py:188} INFO - [2026-05-06T03:38:27.507+0000] {dagbag.py:545} INFO - Filling up the DagBag from /opt/airflow/dags/elt_pipeline.py
[2026-05-06T03:38:27.527+0000] {processor.py:840} INFO - DAG(s) 'elt_pipeline' retrieved from /opt/airflow/dags/elt_pipeline.py
[2026-05-06T03:38:27.555+0000] {logging_mixin.py:188} INFO - [2026-05-06T03:38:27.555+0000] {dag.py:3096} INFO - Sync 1 DAGs
[2026-05-06T03:38:27.575+0000] {logging_mixin.py:188} INFO - [2026-05-06T03:38:27.574+0000] {dag.py:3954} INFO - Setting next_dagrun for elt_pipeline to 2026-05-05 00:00:00+00:00, run_after=2026-05-06 00:00:00+00:00
[2026-05-06T03:38:27.599+0000] {processor.py:183} INFO - Processing /opt/airflow/dags/elt_pipeline.py took 0.100 seconds
[2026-05-06T03:38:57.730+0000] {processor.py:161} INFO - Started process (PID=636) to work on /opt/airflow/dags/elt_pipeline.py
[2026-05-06T03:38:57.731+0000] {processor.py:830} INFO - Processing file /opt/airflow/dags/elt_pipeline.py for tasks to queue
[2026-05-06T03:38:57.732+0000] {logging_mixin.py:188} INFO - [2026-05-06T03:38:57.732+0000] {dagbag.py:545} INFO - Filling up the DagBag from /opt/airflow/dags/elt_pipeline.py
[2026-05-06T03:38:57.750+0000] {processor.py:840} INFO - DAG(s) 'elt_pipeline' retrieved from /opt/airflow/dags/elt_pipeline.py
[2026-05-06T03:38:57.777+0000] {logging_mixin.py:188} INFO - [2026-05-06T03:38:57.777+0000] {dag.py:3096} INFO - Sync 1 DAGs
[2026-05-06T03:38:57.793+0000] {logging_mixin.py:188} INFO - [2026-05-06T03:38:57.793+0000] {dag.py:3954} INFO - Setting next_dagrun for elt_pipeline to 2026-05-05 00:00:00+00:00, run_after=2026-05-06 00:00:00+00:00
[2026-05-06T03:38:57.818+0000] {processor.py:183} INFO - Processing /opt/airflow/dags/elt_pipeline.py took 0.092 seconds
[2026-05-06T03:39:28.003+0000] {processor.py:161} INFO - Started process (PID=648) to work on /opt/airflow/dags/elt_pipeline.py
[2026-05-06T03:39:28.003+0000] {processor.py:830} INFO - Processing file /opt/airflow/dags/elt_pipeline.py for tasks to queue
[2026-05-06T03:39:28.006+0000] {logging_mixin.py:188} INFO - [2026-05-06T03:39:28.005+0000] {dagbag.py:545} INFO - Filling up the DagBag from /opt/airflow/dags/elt_pipeline.py
[2026-05-06T03:39:28.027+0000] {processor.py:840} INFO - DAG(s) 'elt_pipeline' retrieved from /opt/airflow/dags/elt_pipeline.py
[2026-05-06T03:39:28.057+0000] {logging_mixin.py:188} INFO - [2026-05-06T03:39:28.057+0000] {dag.py:3096} INFO - Sync 1 DAGs
[2026-05-06T03:39:28.077+0000] {logging_mixin.py:188} INFO - [2026-05-06T03:39:28.077+0000] {dag.py:3954} INFO - Setting next_dagrun for elt_pipeline to 2026-05-05 00:00:00+00:00, run_after=2026-05-06 00:00:00+00:00
[2026-05-06T03:39:28.106+0000] {processor.py:183} INFO - Processing /opt/airflow/dags/elt_pipeline.py took 0.110 seconds
[2026-05-06T03:39:58.211+0000] {processor.py:161} INFO - Started process (PID=660) to work on /opt/airflow/dags/elt_pipeline.py
[2026-05-06T03:39:58.212+0000] {processor.py:830} INFO - Processing file /opt/airflow/dags/elt_pipeline.py for tasks to queue
[2026-05-06T03:39:58.213+0000] {logging_mixin.py:188} INFO - [2026-05-06T03:39:58.213+0000] {dagbag.py:545} INFO - Filling up the DagBag from /opt/airflow/dags/elt_pipeline.py
[2026-05-06T03:39:58.232+0000] {processor.py:840} INFO - DAG(s) 'elt_pipeline' retrieved from /opt/airflow/dags/elt_pipeline.py
[2026-05-06T03:39:58.259+0000] {logging_mixin.py:188} INFO - [2026-05-06T03:39:58.259+0000] {dag.py:3096} INFO - Sync 1 DAGs
[2026-05-06T03:39:58.278+0000] {logging_mixin.py:188} INFO - [2026-05-06T03:39:58.278+0000] {dag.py:3954} INFO - Setting next_dagrun for elt_pipeline to 2026-05-05 00:00:00+00:00, run_after=2026-05-06 00:00:00+00:00
[2026-05-06T03:39:58.306+0000] {processor.py:183} INFO - Processing /opt/airflow/dags/elt_pipeline.py took 0.100 seconds
[2026-05-06T03:40:28.519+0000] {processor.py:161} INFO - Started process (PID=672) to work on /opt/airflow/dags/elt_pipeline.py
[2026-05-06T03:40:28.520+0000] {processor.py:830} INFO - Processing file /opt/airflow/dags/elt_pipeline.py for tasks to queue
[2026-05-06T03:40:28.523+0000] {logging_mixin.py:188} INFO - [2026-05-06T03:40:28.522+0000] {dagbag.py:545} INFO - Filling up the DagBag from /opt/airflow/dags/elt_pipeline.py
[2026-05-06T03:40:28.540+0000] {processor.py:840} INFO - DAG(s) 'elt_pipeline' retrieved from /opt/airflow/dags/elt_pipeline.py
[2026-05-06T03:40:28.564+0000] {logging_mixin.py:188} INFO - [2026-05-06T03:40:28.564+0000] {dag.py:3096} INFO - Sync 1 DAGs
[2026-05-06T03:40:28.582+0000] {logging_mixin.py:188} INFO - [2026-05-06T03:40:28.582+0000] {dag.py:3954} INFO - Setting next_dagrun for elt_pipeline to 2026-05-05 00:00:00+00:00, run_after=2026-05-06 00:00:00+00:00
[2026-05-06T03:40:28.612+0000] {processor.py:183} INFO - Processing /opt/airflow/dags/elt_pipeline.py took 0.097 seconds
[2026-05-06T03:40:58.721+0000] {processor.py:161} INFO - Started process (PID=684) to work on /opt/airflow/dags/elt_pipeline.py
[2026-05-06T03:40:58.722+0000] {processor.py:830} INFO - Processing file /opt/airflow/dags/elt_pipeline.py for tasks to queue
[2026-05-06T03:40:58.724+0000] {logging_mixin.py:188} INFO - [2026-05-06T03:40:58.723+0000] {dagbag.py:545} INFO - Filling up the DagBag from /opt/airflow/dags/elt_pipeline.py
[2026-05-06T03:40:58.747+0000] {processor.py:840} INFO - DAG(s) 'elt_pipeline' retrieved from /opt/airflow/dags/elt_pipeline.py
[2026-05-06T03:40:58.776+0000] {logging_mixin.py:188} INFO - [2026-05-06T03:40:58.776+0000] {dag.py:3096} INFO - Sync 1 DAGs
[2026-05-06T03:40:58.795+0000] {logging_mixin.py:188} INFO - [2026-05-06T03:40:58.795+0000] {dag.py:3954} INFO - Setting next_dagrun for elt_pipeline to 2026-05-05 00:00:00+00:00, run_after=2026-05-06 00:00:00+00:00
[2026-05-06T03:40:58.821+0000] {processor.py:183} INFO - Processing /opt/airflow/dags/elt_pipeline.py took 0.109 seconds
[2026-05-06T03:41:28.995+0000] {processor.py:161} INFO - Started process (PID=696) to work on /opt/airflow/dags/elt_pipeline.py
[2026-05-06T03:41:28.995+0000] {processor.py:830} INFO - Processing file /opt/airflow/dags/elt_pipeline.py for tasks to queue
[2026-05-06T03:41:28.997+0000] {logging_mixin.py:188} INFO - [2026-05-06T03:41:28.997+0000] {dagbag.py:545} INFO - Filling up the DagBag from /opt/airflow/dags/elt_pipeline.py
[2026-05-06T03:41:29.015+0000] {processor.py:840} INFO - DAG(s) 'elt_pipeline' retrieved from /opt/airflow/dags/elt_pipeline.py
[2026-05-06T03:41:29.043+0000] {logging_mixin.py:188} INFO - [2026-05-06T03:41:29.042+0000] {dag.py:3096} INFO - Sync 1 DAGs
[2026-05-06T03:41:29.061+0000] {logging_mixin.py:188} INFO - [2026-05-06T03:41:29.061+0000] {dag.py:3954} INFO - Setting next_dagrun for elt_pipeline to 2026-05-05 00:00:00+00:00, run_after=2026-05-06 00:00:00+00:00
[2026-05-06T03:41:29.079+0000] {processor.py:183} INFO - Processing /opt/airflow/dags/elt_pipeline.py took 0.089 seconds
[2026-05-06T03:41:59.205+0000] {processor.py:161} INFO - Started process (PID=708) to work on /opt/airflow/dags/elt_pipeline.py
[2026-05-06T03:41:59.206+0000] {processor.py:830} INFO - Processing file /opt/airflow/dags/elt_pipeline.py for tasks to queue
[2026-05-06T03:41:59.208+0000] {logging_mixin.py:188} INFO - [2026-05-06T03:41:59.208+0000] {dagbag.py:545} INFO - Filling up the DagBag from /opt/airflow/dags/elt_pipeline.py
[2026-05-06T03:41:59.227+0000] {processor.py:840} INFO - DAG(s) 'elt_pipeline' retrieved from /opt/airflow/dags/elt_pipeline.py
[2026-05-06T03:41:59.254+0000] {logging_mixin.py:188} INFO - [2026-05-06T03:41:59.254+0000] {dag.py:3096} INFO - Sync 1 DAGs
[2026-05-06T03:41:59.274+0000] {logging_mixin.py:188} INFO - [2026-05-06T03:41:59.274+0000] {dag.py:3954} INFO - Setting next_dagrun for elt_pipeline to 2026-05-05 00:00:00+00:00, run_after=2026-05-06 00:00:00+00:00
[2026-05-06T03:41:59.293+0000] {processor.py:183} INFO - Processing /opt/airflow/dags/elt_pipeline.py took 0.093 seconds
[2026-05-06T03:42:29.470+0000] {processor.py:161} INFO - Started process (PID=720) to work on /opt/airflow/dags/elt_pipeline.py
[2026-05-06T03:42:29.471+0000] {processor.py:830} INFO - Processing file /opt/airflow/dags/elt_pipeline.py for tasks to queue
[2026-05-06T03:42:29.473+0000] {logging_mixin.py:188} INFO - [2026-05-06T03:42:29.473+0000] {dagbag.py:545} INFO - Filling up the DagBag from /opt/airflow/dags/elt_pipeline.py
[2026-05-06T03:42:29.493+0000] {processor.py:840} INFO - DAG(s) 'elt_pipeline' retrieved from /opt/airflow/dags/elt_pipeline.py
[2026-05-06T03:42:29.519+0000] {logging_mixin.py:188} INFO - [2026-05-06T03:42:29.519+0000] {dag.py:3096} INFO - Sync 1 DAGs
[2026-05-06T03:42:29.539+0000] {logging_mixin.py:188} INFO - [2026-05-06T03:42:29.538+0000] {dag.py:3954} INFO - Setting next_dagrun for elt_pipeline to 2026-05-05 00:00:00+00:00, run_after=2026-05-06 00:00:00+00:00
[2026-05-06T03:42:29.560+0000] {processor.py:183} INFO - Processing /opt/airflow/dags/elt_pipeline.py took 0.095 seconds
[2026-05-06T03:42:59.688+0000] {processor.py:161} INFO - Started process (PID=732) to work on /opt/airflow/dags/elt_pipeline.py
[2026-05-06T03:42:59.689+0000] {processor.py:830} INFO - Processing file /opt/airflow/dags/elt_pipeline.py for tasks to queue
[2026-05-06T03:42:59.690+0000] {logging_mixin.py:188} INFO - [2026-05-06T03:42:59.690+0000] {dagbag.py:545} INFO - Filling up the DagBag from /opt/airflow/dags/elt_pipeline.py
[2026-05-06T03:42:59.708+0000] {processor.py:840} INFO - DAG(s) 'elt_pipeline' retrieved from /opt/airflow/dags/elt_pipeline.py
[2026-05-06T03:42:59.734+0000] {logging_mixin.py:188} INFO - [2026-05-06T03:42:59.734+0000] {dag.py:3096} INFO - Sync 1 DAGs
[2026-05-06T03:42:59.755+0000] {logging_mixin.py:188} INFO - [2026-05-06T03:42:59.754+0000] {dag.py:3954} INFO - Setting next_dagrun for elt_pipeline to 2026-05-05 00:00:00+00:00, run_after=2026-05-06 00:00:00+00:00
[2026-05-06T03:42:59.775+0000] {processor.py:183} INFO - Processing /opt/airflow/dags/elt_pipeline.py took 0.092 seconds
[2026-05-06T03:43:29.959+0000] {processor.py:161} INFO - Started process (PID=744) to work on /opt/airflow/dags/elt_pipeline.py
[2026-05-06T03:43:29.960+0000] {processor.py:830} INFO - Processing file /opt/airflow/dags/elt_pipeline.py for tasks to queue
[2026-05-06T03:43:29.961+0000] {logging_mixin.py:188} INFO - [2026-05-06T03:43:29.961+0000] {dagbag.py:545} INFO - Filling up the DagBag from /opt/airflow/dags/elt_pipeline.py
[2026-05-06T03:43:29.980+0000] {processor.py:840} INFO - DAG(s) 'elt_pipeline' retrieved from /opt/airflow/dags/elt_pipeline.py
[2026-05-06T03:43:30.008+0000] {logging_mixin.py:188} INFO - [2026-05-06T03:43:30.008+0000] {dag.py:3096} INFO - Sync 1 DAGs
[2026-05-06T03:43:30.031+0000] {logging_mixin.py:188} INFO - [2026-05-06T03:43:30.030+0000] {dag.py:3954} INFO - Setting next_dagrun for elt_pipeline to 2026-05-05 00:00:00+00:00, run_after=2026-05-06 00:00:00+00:00
[2026-05-06T03:43:30.054+0000] {processor.py:183} INFO - Processing /opt/airflow/dags/elt_pipeline.py took 0.100 seconds
[2026-05-06T03:44:00.200+0000] {processor.py:161} INFO - Started process (PID=756) to work on /opt/airflow/dags/elt_pipeline.py
[2026-05-06T03:44:00.201+0000] {processor.py:830} INFO - Processing file /opt/airflow/dags/elt_pipeline.py for tasks to queue
[2026-05-06T03:44:00.202+0000] {logging_mixin.py:188} INFO - [2026-05-06T03:44:00.202+0000] {dagbag.py:545} INFO - Filling up the DagBag from /opt/airflow/dags/elt_pipeline.py
[2026-05-06T03:44:00.224+0000] {processor.py:840} INFO - DAG(s) 'elt_pipeline' retrieved from /opt/airflow/dags/elt_pipeline.py
[2026-05-06T03:44:00.251+0000] {logging_mixin.py:188} INFO - [2026-05-06T03:44:00.251+0000] {dag.py:3096} INFO - Sync 1 DAGs
[2026-05-06T03:44:00.276+0000] {logging_mixin.py:188} INFO - [2026-05-06T03:44:00.275+0000] {dag.py:3954} INFO - Setting next_dagrun for elt_pipeline to 2026-05-05 00:00:00+00:00, run_after=2026-05-06 00:00:00+00:00
[2026-05-06T03:44:00.297+0000] {processor.py:183} INFO - Processing /opt/airflow/dags/elt_pipeline.py took 0.102 seconds
[2026-05-06T03:44:30.430+0000] {processor.py:161} INFO - Started process (PID=768) to work on /opt/airflow/dags/elt_pipeline.py
[2026-05-06T03:44:30.431+0000] {processor.py:830} INFO - Processing file /opt/airflow/dags/elt_pipeline.py for tasks to queue
[2026-05-06T03:44:30.433+0000] {logging_mixin.py:188} INFO - [2026-05-06T03:44:30.433+0000] {dagbag.py:545} INFO - Filling up the DagBag from /opt/airflow/dags/elt_pipeline.py
[2026-05-06T03:44:30.458+0000] {processor.py:840} INFO - DAG(s) 'elt_pipeline' retrieved from /opt/airflow/dags/elt_pipeline.py
[2026-05-06T03:44:30.487+0000] {logging_mixin.py:188} INFO - [2026-05-06T03:44:30.487+0000] {dag.py:3096} INFO - Sync 1 DAGs
[2026-05-06T03:44:30.510+0000] {logging_mixin.py:188} INFO - [2026-05-06T03:44:30.510+0000] {dag.py:3954} INFO - Setting next_dagrun for elt_pipeline to 2026-05-05 00:00:00+00:00, run_after=2026-05-06 00:00:00+00:00
[2026-05-06T03:44:30.530+0000] {processor.py:183} INFO - Processing /opt/airflow/dags/elt_pipeline.py took 0.107 seconds
[2026-05-06T03:45:00.716+0000] {processor.py:161} INFO - Started process (PID=780) to work on /opt/airflow/dags/elt_pipeline.py
[2026-05-06T03:45:00.717+0000] {processor.py:830} INFO - Processing file /opt/airflow/dags/elt_pipeline.py for tasks to queue
[2026-05-06T03:45:00.718+0000] {logging_mixin.py:188} INFO - [2026-05-06T03:45:00.718+0000] {dagbag.py:545} INFO - Filling up the DagBag from /opt/airflow/dags/elt_pipeline.py
[2026-05-06T03:45:00.736+0000] {processor.py:840} INFO - DAG(s) 'elt_pipeline' retrieved from /opt/airflow/dags/elt_pipeline.py
[2026-05-06T03:45:00.759+0000] {logging_mixin.py:188} INFO - [2026-05-06T03:45:00.759+0000] {dag.py:3096} INFO - Sync 1 DAGs
[2026-05-06T03:45:00.780+0000] {logging_mixin.py:188} INFO - [2026-05-06T03:45:00.780+0000] {dag.py:3954} INFO - Setting next_dagrun for elt_pipeline to 2026-05-05 00:00:00+00:00, run_after=2026-05-06 00:00:00+00:00
[2026-05-06T03:45:00.799+0000] {processor.py:183} INFO - Processing /opt/airflow/dags/elt_pipeline.py took 0.088 seconds
[2026-05-06T03:45:30.946+0000] {processor.py:161} INFO - Started process (PID=792) to work on /opt/airflow/dags/elt_pipeline.py
[2026-05-06T03:45:30.947+0000] {processor.py:830} INFO - Processing file /opt/airflow/dags/elt_pipeline.py for tasks to queue
[2026-05-06T03:45:30.949+0000] {logging_mixin.py:188} INFO - [2026-05-06T03:45:30.948+0000] {dagbag.py:545} INFO - Filling up the DagBag from /opt/airflow/dags/elt_pipeline.py
[2026-05-06T03:45:30.971+0000] {processor.py:840} INFO - DAG(s) 'elt_pipeline' retrieved from /opt/airflow/dags/elt_pipeline.py
[2026-05-06T03:45:31.002+0000] {logging_mixin.py:188} INFO - [2026-05-06T03:45:31.002+0000] {dag.py:3096} INFO - Sync 1 DAGs
[2026-05-06T03:45:31.025+0000] {logging_mixin.py:188} INFO - [2026-05-06T03:45:31.025+0000] {dag.py:3954} INFO - Setting next_dagrun for elt_pipeline to 2026-05-05 00:00:00+00:00, run_after=2026-05-06 00:00:00+00:00
[2026-05-06T03:45:31.051+0000] {processor.py:183} INFO - Processing /opt/airflow/dags/elt_pipeline.py took 0.113 seconds
[2026-05-06T03:46:01.207+0000] {processor.py:161} INFO - Started process (PID=804) to work on /opt/airflow/dags/elt_pipeline.py
[2026-05-06T03:46:01.208+0000] {processor.py:830} INFO - Processing file /opt/airflow/dags/elt_pipeline.py for tasks to queue
[2026-05-06T03:46:01.210+0000] {logging_mixin.py:188} INFO - [2026-05-06T03:46:01.209+0000] {dagbag.py:545} INFO - Filling up the DagBag from /opt/airflow/dags/elt_pipeline.py
[2026-05-06T03:46:01.229+0000] {processor.py:840} INFO - DAG(s) 'elt_pipeline' retrieved from /opt/airflow/dags/elt_pipeline.py
[2026-05-06T03:46:01.255+0000] {logging_mixin.py:188} INFO - [2026-05-06T03:46:01.255+0000] {dag.py:3096} INFO - Sync 1 DAGs
[2026-05-06T03:46:01.275+0000] {logging_mixin.py:188} INFO - [2026-05-06T03:46:01.275+0000] {dag.py:3954} INFO - Setting next_dagrun for elt_pipeline to 2026-05-05 00:00:00+00:00, run_after=2026-05-06 00:00:00+00:00
[2026-05-06T03:46:01.297+0000] {processor.py:183} INFO - Processing /opt/airflow/dags/elt_pipeline.py took 0.096 seconds
[2026-05-06T03:46:31.435+0000] {processor.py:161} INFO - Started process (PID=816) to work on /opt/airflow/dags/elt_pipeline.py
[2026-05-06T03:46:31.436+0000] {processor.py:830} INFO - Processing file /opt/airflow/dags/elt_pipeline.py for tasks to queue
[2026-05-06T03:46:31.438+0000] {logging_mixin.py:188} INFO - [2026-05-06T03:46:31.438+0000] {dagbag.py:545} INFO - Filling up the DagBag from /opt/airflow/dags/elt_pipeline.py
[2026-05-06T03:46:31.458+0000] {processor.py:840} INFO - DAG(s) 'elt_pipeline' retrieved from /opt/airflow/dags/elt_pipeline.py
[2026-05-06T03:46:31.483+0000] {logging_mixin.py:188} INFO - [2026-05-06T03:46:31.483+0000] {dag.py:3096} INFO - Sync 1 DAGs
[2026-05-06T03:46:31.504+0000] {logging_mixin.py:188} INFO - [2026-05-06T03:46:31.504+0000] {dag.py:3954} INFO - Setting next_dagrun for elt_pipeline to 2026-05-05 00:00:00+00:00, run_after=2026-05-06 00:00:00+00:00
[2026-05-06T03:46:31.527+0000] {processor.py:183} INFO - Processing /opt/airflow/dags/elt_pipeline.py took 0.102 seconds
[2026-05-06T03:47:01.718+0000] {processor.py:161} INFO - Started process (PID=828) to work on /opt/airflow/dags/elt_pipeline.py
[2026-05-06T03:47:01.719+0000] {processor.py:830} INFO - Processing file /opt/airflow/dags/elt_pipeline.py for tasks to queue
[2026-05-06T03:47:01.722+0000] {logging_mixin.py:188} INFO - [2026-05-06T03:47:01.721+0000] {dagbag.py:545} INFO - Filling up the DagBag from /opt/airflow/dags/elt_pipeline.py
[2026-05-06T03:47:01.758+0000] {processor.py:840} INFO - DAG(s) 'elt_pipeline' retrieved from /opt/airflow/dags/elt_pipeline.py
[2026-05-06T03:47:01.803+0000] {logging_mixin.py:188} INFO - [2026-05-06T03:47:01.803+0000] {dag.py:3096} INFO - Sync 1 DAGs
[2026-05-06T03:47:01.839+0000] {logging_mixin.py:188} INFO - [2026-05-06T03:47:01.839+0000] {dag.py:3954} INFO - Setting next_dagrun for elt_pipeline to 2026-05-05 00:00:00+00:00, run_after=2026-05-06 00:00:00+00:00
[2026-05-06T03:47:01.862+0000] {processor.py:183} INFO - Processing /opt/airflow/dags/elt_pipeline.py took 0.151 seconds
[2026-05-06T03:47:31.912+0000] {processor.py:161} INFO - Started process (PID=833) to work on /opt/airflow/dags/elt_pipeline.py
[2026-05-06T03:47:31.913+0000] {processor.py:830} INFO - Processing file /opt/airflow/dags/elt_pipeline.py for tasks to queue
[2026-05-06T03:47:31.915+0000] {logging_mixin.py:188} INFO - [2026-05-06T03:47:31.914+0000] {dagbag.py:545} INFO - Filling up the DagBag from /opt/airflow/dags/elt_pipeline.py
[2026-05-06T03:47:31.937+0000] {processor.py:840} INFO - DAG(s) 'elt_pipeline' retrieved from /opt/airflow/dags/elt_pipeline.py
[2026-05-06T03:47:31.964+0000] {logging_mixin.py:188} INFO - [2026-05-06T03:47:31.964+0000] {dag.py:3096} INFO - Sync 1 DAGs
[2026-05-06T03:47:31.985+0000] {logging_mixin.py:188} INFO - [2026-05-06T03:47:31.984+0000] {dag.py:3954} INFO - Setting next_dagrun for elt_pipeline to 2026-05-05 00:00:00+00:00, run_after=2026-05-06 00:00:00+00:00
[2026-05-06T03:47:32.014+0000] {processor.py:183} INFO - Processing /opt/airflow/dags/elt_pipeline.py took 0.109 seconds
[2026-05-06T03:48:02.124+0000] {processor.py:161} INFO - Started process (PID=845) to work on /opt/airflow/dags/elt_pipeline.py
[2026-05-06T03:48:02.125+0000] {processor.py:830} INFO - Processing file /opt/airflow/dags/elt_pipeline.py for tasks to queue
[2026-05-06T03:48:02.127+0000] {logging_mixin.py:188} INFO - [2026-05-06T03:48:02.126+0000] {dagbag.py:545} INFO - Filling up the DagBag from /opt/airflow/dags/elt_pipeline.py
[2026-05-06T03:48:02.149+0000] {processor.py:840} INFO - DAG(s) 'elt_pipeline' retrieved from /opt/airflow/dags/elt_pipeline.py
[2026-05-06T03:48:02.175+0000] {logging_mixin.py:188} INFO - [2026-05-06T03:48:02.175+0000] {dag.py:3096} INFO - Sync 1 DAGs
[2026-05-06T03:48:02.194+0000] {logging_mixin.py:188} INFO - [2026-05-06T03:48:02.194+0000] {dag.py:3954} INFO - Setting next_dagrun for elt_pipeline to 2026-05-05 00:00:00+00:00, run_after=2026-05-06 00:00:00+00:00
[2026-05-06T03:48:02.218+0000] {processor.py:183} INFO - Processing /opt/airflow/dags/elt_pipeline.py took 0.101 seconds
[2026-05-06T03:48:32.416+0000] {processor.py:161} INFO - Started process (PID=857) to work on /opt/airflow/dags/elt_pipeline.py
[2026-05-06T03:48:32.416+0000] {processor.py:830} INFO - Processing file /opt/airflow/dags/elt_pipeline.py for tasks to queue
[2026-05-06T03:48:32.418+0000] {logging_mixin.py:188} INFO - [2026-05-06T03:48:32.417+0000] {dagbag.py:545} INFO - Filling up the DagBag from /opt/airflow/dags/elt_pipeline.py
[2026-05-06T03:48:32.442+0000] {processor.py:840} INFO - DAG(s) 'elt_pipeline' retrieved from /opt/airflow/dags/elt_pipeline.py
[2026-05-06T03:48:32.469+0000] {logging_mixin.py:188} INFO - [2026-05-06T03:48:32.468+0000] {dag.py:3096} INFO - Sync 1 DAGs
[2026-05-06T03:48:32.488+0000] {logging_mixin.py:188} INFO - [2026-05-06T03:48:32.488+0000] {dag.py:3954} INFO - Setting next_dagrun for elt_pipeline to 2026-05-05 00:00:00+00:00, run_after=2026-05-06 00:00:00+00:00
[2026-05-06T03:48:32.507+0000] {processor.py:183} INFO - Processing /opt/airflow/dags/elt_pipeline.py took 0.097 seconds
[2026-05-06T03:49:02.656+0000] {processor.py:161} INFO - Started process (PID=869) to work on /opt/airflow/dags/elt_pipeline.py
[2026-05-06T03:49:02.657+0000] {processor.py:830} INFO - Processing file /opt/airflow/dags/elt_pipeline.py for tasks to queue
[2026-05-06T03:49:02.659+0000] {logging_mixin.py:188} INFO - [2026-05-06T03:49:02.659+0000] {dagbag.py:545} INFO - Filling up the DagBag from /opt/airflow/dags/elt_pipeline.py
[2026-05-06T03:49:02.677+0000] {processor.py:840} INFO - DAG(s) 'elt_pipeline' retrieved from /opt/airflow/dags/elt_pipeline.py
[2026-05-06T03:49:02.701+0000] {logging_mixin.py:188} INFO - [2026-05-06T03:49:02.701+0000] {dag.py:3096} INFO - Sync 1 DAGs
[2026-05-06T03:49:02.719+0000] {logging_mixin.py:188} INFO - [2026-05-06T03:49:02.719+0000] {dag.py:3954} INFO - Setting next_dagrun for elt_pipeline to 2026-05-05 00:00:00+00:00, run_after=2026-05-06 00:00:00+00:00
[2026-05-06T03:49:02.746+0000] {processor.py:183} INFO - Processing /opt/airflow/dags/elt_pipeline.py took 0.095 seconds
[2026-05-06T07:16:16.719+0000] {processor.py:161} INFO - Started process (PID=175) to work on /opt/airflow/dags/elt_pipeline.py
[2026-05-06T07:16:16.725+0000] {processor.py:830} INFO - Processing file /opt/airflow/dags/elt_pipeline.py for tasks to queue
[2026-05-06T07:16:16.728+0000] {logging_mixin.py:188} INFO - [2026-05-06T07:16:16.728+0000] {dagbag.py:545} INFO - Filling up the DagBag from /opt/airflow/dags/elt_pipeline.py
[2026-05-06T07:16:16.768+0000] {processor.py:840} INFO - DAG(s) 'elt_pipeline' retrieved from /opt/airflow/dags/elt_pipeline.py
[2026-05-06T07:16:16.801+0000] {logging_mixin.py:188} INFO - [2026-05-06T07:16:16.800+0000] {dag.py:3096} INFO - Sync 1 DAGs
[2026-05-06T07:16:16.822+0000] {logging_mixin.py:188} INFO - [2026-05-06T07:16:16.822+0000] {dag.py:3954} INFO - Setting next_dagrun for elt_pipeline to 2026-05-05 00:00:00+00:00, run_after=2026-05-06 00:00:00+00:00
[2026-05-06T07:16:16.844+0000] {processor.py:183} INFO - Processing /opt/airflow/dags/elt_pipeline.py took 0.138 seconds
[2026-05-06T07:16:46.960+0000] {processor.py:161} INFO - Started process (PID=187) to work on /opt/airflow/dags/elt_pipeline.py
[2026-05-06T07:16:46.961+0000] {processor.py:830} INFO - Processing file /opt/airflow/dags/elt_pipeline.py for tasks to queue
[2026-05-06T07:16:46.964+0000] {logging_mixin.py:188} INFO - [2026-05-06T07:16:46.963+0000] {dagbag.py:545} INFO - Filling up the DagBag from /opt/airflow/dags/elt_pipeline.py
[2026-05-06T07:16:46.984+0000] {processor.py:840} INFO - DAG(s) 'elt_pipeline' retrieved from /opt/airflow/dags/elt_pipeline.py
[2026-05-06T07:16:47.269+0000] {logging_mixin.py:188} INFO - [2026-05-06T07:16:47.269+0000] {dag.py:3096} INFO - Sync 1 DAGs
[2026-05-06T07:16:47.282+0000] {logging_mixin.py:188} INFO - [2026-05-06T07:16:47.282+0000] {dag.py:3954} INFO - Setting next_dagrun for elt_pipeline to 2026-05-05 00:00:00+00:00, run_after=2026-05-06 00:00:00+00:00
[2026-05-06T07:16:47.298+0000] {processor.py:183} INFO - Processing /opt/airflow/dags/elt_pipeline.py took 0.344 seconds
[2026-05-06T07:17:17.538+0000] {processor.py:161} INFO - Started process (PID=199) to work on /opt/airflow/dags/elt_pipeline.py
[2026-05-06T07:17:17.539+0000] {processor.py:830} INFO - Processing file /opt/airflow/dags/elt_pipeline.py for tasks to queue
[2026-05-06T07:17:17.541+0000] {logging_mixin.py:188} INFO - [2026-05-06T07:17:17.541+0000] {dagbag.py:545} INFO - Filling up the DagBag from /opt/airflow/dags/elt_pipeline.py
[2026-05-06T07:17:17.559+0000] {processor.py:840} INFO - DAG(s) 'elt_pipeline' retrieved from /opt/airflow/dags/elt_pipeline.py
[2026-05-06T07:17:17.588+0000] {logging_mixin.py:188} INFO - [2026-05-06T07:17:17.588+0000] {dag.py:3096} INFO - Sync 1 DAGs
[2026-05-06T07:17:17.608+0000] {logging_mixin.py:188} INFO - [2026-05-06T07:17:17.607+0000] {dag.py:3954} INFO - Setting next_dagrun for elt_pipeline to 2026-05-05 00:00:00+00:00, run_after=2026-05-06 00:00:00+00:00
[2026-05-06T07:17:17.629+0000] {processor.py:183} INFO - Processing /opt/airflow/dags/elt_pipeline.py took 0.098 seconds
[2026-05-06T07:17:47.777+0000] {processor.py:161} INFO - Started process (PID=211) to work on /opt/airflow/dags/elt_pipeline.py
[2026-05-06T07:17:47.778+0000] {processor.py:830} INFO - Processing file /opt/airflow/dags/elt_pipeline.py for tasks to queue
[2026-05-06T07:17:47.780+0000] {logging_mixin.py:188} INFO - [2026-05-06T07:17:47.780+0000] {dagbag.py:545} INFO - Filling up the DagBag from /opt/airflow/dags/elt_pipeline.py
[2026-05-06T07:17:47.801+0000] {processor.py:840} INFO - DAG(s) 'elt_pipeline' retrieved from /opt/airflow/dags/elt_pipeline.py
[2026-05-06T07:17:47.831+0000] {logging_mixin.py:188} INFO - [2026-05-06T07:17:47.831+0000] {dag.py:3096} INFO - Sync 1 DAGs
[2026-05-06T07:17:47.851+0000] {logging_mixin.py:188} INFO - [2026-05-06T07:17:47.851+0000] {dag.py:3954} INFO - Setting next_dagrun for elt_pipeline to 2026-05-05 00:00:00+00:00, run_after=2026-05-06 00:00:00+00:00
[2026-05-06T07:17:47.872+0000] {processor.py:183} INFO - Processing /opt/airflow/dags/elt_pipeline.py took 0.099 seconds
[2026-05-06T07:18:18.046+0000] {processor.py:161} INFO - Started process (PID=224) to work on /opt/airflow/dags/elt_pipeline.py
[2026-05-06T07:18:18.047+0000] {processor.py:830} INFO - Processing file /opt/airflow/dags/elt_pipeline.py for tasks to queue
[2026-05-06T07:18:18.049+0000] {logging_mixin.py:188} INFO - [2026-05-06T07:18:18.049+0000] {dagbag.py:545} INFO - Filling up the DagBag from /opt/airflow/dags/elt_pipeline.py
[2026-05-06T07:18:18.069+0000] {processor.py:840} INFO - DAG(s) 'elt_pipeline' retrieved from /opt/airflow/dags/elt_pipeline.py
[2026-05-06T07:18:18.096+0000] {logging_mixin.py:188} INFO - [2026-05-06T07:18:18.095+0000] {dag.py:3096} INFO - Sync 1 DAGs
[2026-05-06T07:18:18.233+0000] {logging_mixin.py:188} INFO - [2026-05-06T07:18:18.233+0000] {dag.py:3954} INFO - Setting next_dagrun for elt_pipeline to 2026-05-05 00:00:00+00:00, run_after=2026-05-06 00:00:00+00:00
[2026-05-06T07:18:18.259+0000] {processor.py:183} INFO - Processing /opt/airflow/dags/elt_pipeline.py took 0.219 seconds
[2026-05-06T07:18:48.523+0000] {processor.py:161} INFO - Started process (PID=236) to work on /opt/airflow/dags/elt_pipeline.py
[2026-05-06T07:18:48.524+0000] {processor.py:830} INFO - Processing file /opt/airflow/dags/elt_pipeline.py for tasks to queue
[2026-05-06T07:18:48.527+0000] {logging_mixin.py:188} INFO - [2026-05-06T07:18:48.526+0000] {dagbag.py:545} INFO - Filling up the DagBag from /opt/airflow/dags/elt_pipeline.py
[2026-05-06T07:18:48.549+0000] {processor.py:840} INFO - DAG(s) 'elt_pipeline' retrieved from /opt/airflow/dags/elt_pipeline.py
[2026-05-06T07:18:48.582+0000] {logging_mixin.py:188} INFO - [2026-05-06T07:18:48.582+0000] {dag.py:3096} INFO - Sync 1 DAGs
[2026-05-06T07:18:48.714+0000] {logging_mixin.py:188} INFO - [2026-05-06T07:18:48.714+0000] {dag.py:3954} INFO - Setting next_dagrun for elt_pipeline to 2026-05-05 00:00:00+00:00, run_after=2026-05-06 00:00:00+00:00
[2026-05-06T07:18:48.746+0000] {processor.py:183} INFO - Processing /opt/airflow/dags/elt_pipeline.py took 0.227 seconds
[2026-05-06T07:19:18.992+0000] {processor.py:161} INFO - Started process (PID=248) to work on /opt/airflow/dags/elt_pipeline.py
[2026-05-06T07:19:18.993+0000] {processor.py:830} INFO - Processing file /opt/airflow/dags/elt_pipeline.py for tasks to queue
[2026-05-06T07:19:18.994+0000] {logging_mixin.py:188} INFO - [2026-05-06T07:19:18.994+0000] {dagbag.py:545} INFO - Filling up the DagBag from /opt/airflow/dags/elt_pipeline.py
[2026-05-06T07:19:19.015+0000] {processor.py:840} INFO - DAG(s) 'elt_pipeline' retrieved from /opt/airflow/dags/elt_pipeline.py
[2026-05-06T07:19:19.200+0000] {logging_mixin.py:188} INFO - [2026-05-06T07:19:19.200+0000] {dag.py:3096} INFO - Sync 1 DAGs
[2026-05-06T07:19:19.215+0000] {logging_mixin.py:188} INFO - [2026-05-06T07:19:19.215+0000] {dag.py:3954} INFO - Setting next_dagrun for elt_pipeline to 2026-05-05 00:00:00+00:00, run_after=2026-05-06 00:00:00+00:00
[2026-05-06T07:19:19.235+0000] {processor.py:183} INFO - Processing /opt/airflow/dags/elt_pipeline.py took 0.247 seconds
[2026-05-06T07:19:49.567+0000] {processor.py:161} INFO - Started process (PID=260) to work on /opt/airflow/dags/elt_pipeline.py
[2026-05-06T07:19:49.569+0000] {processor.py:830} INFO - Processing file /opt/airflow/dags/elt_pipeline.py for tasks to queue
[2026-05-06T07:19:49.571+0000] {logging_mixin.py:188} INFO - [2026-05-06T07:19:49.571+0000] {dagbag.py:545} INFO - Filling up the DagBag from /opt/airflow/dags/elt_pipeline.py
[2026-05-06T07:19:49.596+0000] {processor.py:840} INFO - DAG(s) 'elt_pipeline' retrieved from /opt/airflow/dags/elt_pipeline.py
[2026-05-06T07:19:49.631+0000] {logging_mixin.py:188} INFO - [2026-05-06T07:19:49.631+0000] {dag.py:3096} INFO - Sync 1 DAGs
[2026-05-06T07:19:49.654+0000] {logging_mixin.py:188} INFO - [2026-05-06T07:19:49.653+0000] {dag.py:3954} INFO - Setting next_dagrun for elt_pipeline to 2026-05-05 00:00:00+00:00, run_after=2026-05-06 00:00:00+00:00
[2026-05-06T07:19:49.676+0000] {processor.py:183} INFO - Processing /opt/airflow/dags/elt_pipeline.py took 0.117 seconds
[2026-05-06T07:20:19.769+0000] {processor.py:161} INFO - Started process (PID=272) to work on /opt/airflow/dags/elt_pipeline.py
[2026-05-06T07:20:19.771+0000] {processor.py:830} INFO - Processing file /opt/airflow/dags/elt_pipeline.py for tasks to queue
[2026-05-06T07:20:19.773+0000] {logging_mixin.py:188} INFO - [2026-05-06T07:20:19.773+0000] {dagbag.py:545} INFO - Filling up the DagBag from /opt/airflow/dags/elt_pipeline.py
[2026-05-06T07:20:19.796+0000] {processor.py:840} INFO - DAG(s) 'elt_pipeline' retrieved from /opt/airflow/dags/elt_pipeline.py
[2026-05-06T07:20:19.829+0000] {logging_mixin.py:188} INFO - [2026-05-06T07:20:19.829+0000] {dag.py:3096} INFO - Sync 1 DAGs
[2026-05-06T07:20:19.855+0000] {logging_mixin.py:188} INFO - [2026-05-06T07:20:19.855+0000] {dag.py:3954} INFO - Setting next_dagrun for elt_pipeline to 2026-05-05 00:00:00+00:00, run_after=2026-05-06 00:00:00+00:00
[2026-05-06T07:20:19.876+0000] {processor.py:183} INFO - Processing /opt/airflow/dags/elt_pipeline.py took 0.112 seconds
[2026-05-06T07:20:50.078+0000] {processor.py:161} INFO - Started process (PID=284) to work on /opt/airflow/dags/elt_pipeline.py
[2026-05-06T07:20:50.078+0000] {processor.py:830} INFO - Processing file /opt/airflow/dags/elt_pipeline.py for tasks to queue
[2026-05-06T07:20:50.080+0000] {logging_mixin.py:188} INFO - [2026-05-06T07:20:50.080+0000] {dagbag.py:545} INFO - Filling up the DagBag from /opt/airflow/dags/elt_pipeline.py
[2026-05-06T07:20:50.102+0000] {processor.py:840} INFO - DAG(s) 'elt_pipeline' retrieved from /opt/airflow/dags/elt_pipeline.py
[2026-05-06T07:20:50.135+0000] {logging_mixin.py:188} INFO - [2026-05-06T07:20:50.134+0000] {dag.py:3096} INFO - Sync 1 DAGs
[2026-05-06T07:20:50.159+0000] {logging_mixin.py:188} INFO - [2026-05-06T07:20:50.158+0000] {dag.py:3954} INFO - Setting next_dagrun for elt_pipeline to 2026-05-05 00:00:00+00:00, run_after=2026-05-06 00:00:00+00:00
[2026-05-06T07:20:50.179+0000] {processor.py:183} INFO - Processing /opt/airflow/dags/elt_pipeline.py took 0.106 seconds
[2026-05-06T07:21:20.312+0000] {processor.py:161} INFO - Started process (PID=296) to work on /opt/airflow/dags/elt_pipeline.py
[2026-05-06T07:21:20.313+0000] {processor.py:830} INFO - Processing file /opt/airflow/dags/elt_pipeline.py for tasks to queue
[2026-05-06T07:21:20.316+0000] {logging_mixin.py:188} INFO - [2026-05-06T07:21:20.315+0000] {dagbag.py:545} INFO - Filling up the DagBag from /opt/airflow/dags/elt_pipeline.py
[2026-05-06T07:21:20.335+0000] {processor.py:840} INFO - DAG(s) 'elt_pipeline' retrieved from /opt/airflow/dags/elt_pipeline.py
[2026-05-06T07:21:20.368+0000] {logging_mixin.py:188} INFO - [2026-05-06T07:21:20.368+0000] {dag.py:3096} INFO - Sync 1 DAGs
[2026-05-06T07:21:20.389+0000] {logging_mixin.py:188} INFO - [2026-05-06T07:21:20.388+0000] {dag.py:3954} INFO - Setting next_dagrun for elt_pipeline to 2026-05-05 00:00:00+00:00, run_after=2026-05-06 00:00:00+00:00
[2026-05-06T07:21:20.416+0000] {processor.py:183} INFO - Processing /opt/airflow/dags/elt_pipeline.py took 0.110 seconds
[2026-05-06T07:21:50.565+0000] {processor.py:161} INFO - Started process (PID=308) to work on /opt/airflow/dags/elt_pipeline.py
[2026-05-06T07:21:50.566+0000] {processor.py:830} INFO - Processing file /opt/airflow/dags/elt_pipeline.py for tasks to queue
[2026-05-06T07:21:50.568+0000] {logging_mixin.py:188} INFO - [2026-05-06T07:21:50.567+0000] {dagbag.py:545} INFO - Filling up the DagBag from /opt/airflow/dags/elt_pipeline.py
[2026-05-06T07:21:50.588+0000] {processor.py:840} INFO - DAG(s) 'elt_pipeline' retrieved from /opt/airflow/dags/elt_pipeline.py
[2026-05-06T07:21:50.619+0000] {logging_mixin.py:188} INFO - [2026-05-06T07:21:50.618+0000] {dag.py:3096} INFO - Sync 1 DAGs
[2026-05-06T07:21:50.640+0000] {logging_mixin.py:188} INFO - [2026-05-06T07:21:50.640+0000] {dag.py:3954} INFO - Setting next_dagrun for elt_pipeline to 2026-05-05 00:00:00+00:00, run_after=2026-05-06 00:00:00+00:00
[2026-05-06T07:21:50.661+0000] {processor.py:183} INFO - Processing /opt/airflow/dags/elt_pipeline.py took 0.101 seconds
[2026-05-06T07:22:20.808+0000] {processor.py:161} INFO - Started process (PID=320) to work on /opt/airflow/dags/elt_pipeline.py
[2026-05-06T07:22:20.809+0000] {processor.py:830} INFO - Processing file /opt/airflow/dags/elt_pipeline.py for tasks to queue
[2026-05-06T07:22:20.811+0000] {logging_mixin.py:188} INFO - [2026-05-06T07:22:20.811+0000] {dagbag.py:545} INFO - Filling up the DagBag from /opt/airflow/dags/elt_pipeline.py
[2026-05-06T07:22:20.834+0000] {processor.py:840} INFO - DAG(s) 'elt_pipeline' retrieved from /opt/airflow/dags/elt_pipeline.py
[2026-05-06T07:22:20.864+0000] {logging_mixin.py:188} INFO - [2026-05-06T07:22:20.863+0000] {dag.py:3096} INFO - Sync 1 DAGs
[2026-05-06T07:22:20.885+0000] {logging_mixin.py:188} INFO - [2026-05-06T07:22:20.885+0000] {dag.py:3954} INFO - Setting next_dagrun for elt_pipeline to 2026-05-05 00:00:00+00:00, run_after=2026-05-06 00:00:00+00:00
[2026-05-06T07:22:20.915+0000] {processor.py:183} INFO - Processing /opt/airflow/dags/elt_pipeline.py took 0.113 seconds
[2026-05-06T07:22:51.032+0000] {processor.py:161} INFO - Started process (PID=332) to work on /opt/airflow/dags/elt_pipeline.py
[2026-05-06T07:22:51.033+0000] {processor.py:830} INFO - Processing file /opt/airflow/dags/elt_pipeline.py for tasks to queue
[2026-05-06T07:22:51.035+0000] {logging_mixin.py:188} INFO - [2026-05-06T07:22:51.034+0000] {dagbag.py:545} INFO - Filling up the DagBag from /opt/airflow/dags/elt_pipeline.py
[2026-05-06T07:22:51.056+0000] {processor.py:840} INFO - DAG(s) 'elt_pipeline' retrieved from /opt/airflow/dags/elt_pipeline.py
[2026-05-06T07:22:51.086+0000] {logging_mixin.py:188} INFO - [2026-05-06T07:22:51.086+0000] {dag.py:3096} INFO - Sync 1 DAGs
[2026-05-06T07:22:51.109+0000] {logging_mixin.py:188} INFO - [2026-05-06T07:22:51.108+0000] {dag.py:3954} INFO - Setting next_dagrun for elt_pipeline to 2026-05-05 00:00:00+00:00, run_after=2026-05-06 00:00:00+00:00
[2026-05-06T07:22:51.133+0000] {processor.py:183} INFO - Processing /opt/airflow/dags/elt_pipeline.py took 0.106 seconds
[2026-05-06T07:23:21.306+0000] {processor.py:161} INFO - Started process (PID=344) to work on /opt/airflow/dags/elt_pipeline.py
[2026-05-06T07:23:21.307+0000] {processor.py:830} INFO - Processing file /opt/airflow/dags/elt_pipeline.py for tasks to queue
[2026-05-06T07:23:21.308+0000] {logging_mixin.py:188} INFO - [2026-05-06T07:23:21.308+0000] {dagbag.py:545} INFO - Filling up the DagBag from /opt/airflow/dags/elt_pipeline.py
[2026-05-06T07:23:21.328+0000] {processor.py:840} INFO - DAG(s) 'elt_pipeline' retrieved from /opt/airflow/dags/elt_pipeline.py
[2026-05-06T07:23:21.358+0000] {logging_mixin.py:188} INFO - [2026-05-06T07:23:21.357+0000] {dag.py:3096} INFO - Sync 1 DAGs
[2026-05-06T07:23:21.378+0000] {logging_mixin.py:188} INFO - [2026-05-06T07:23:21.378+0000] {dag.py:3954} INFO - Setting next_dagrun for elt_pipeline to 2026-05-05 00:00:00+00:00, run_after=2026-05-06 00:00:00+00:00
[2026-05-06T07:23:21.402+0000] {processor.py:183} INFO - Processing /opt/airflow/dags/elt_pipeline.py took 0.101 seconds
[2026-05-06T07:23:51.506+0000] {processor.py:161} INFO - Started process (PID=356) to work on /opt/airflow/dags/elt_pipeline.py
[2026-05-06T07:23:51.507+0000] {processor.py:830} INFO - Processing file /opt/airflow/dags/elt_pipeline.py for tasks to queue
[2026-05-06T07:23:51.509+0000] {logging_mixin.py:188} INFO - [2026-05-06T07:23:51.508+0000] {dagbag.py:545} INFO - Filling up the DagBag from /opt/airflow/dags/elt_pipeline.py
[2026-05-06T07:23:51.534+0000] {processor.py:840} INFO - DAG(s) 'elt_pipeline' retrieved from /opt/airflow/dags/elt_pipeline.py
[2026-05-06T07:23:51.560+0000] {logging_mixin.py:188} INFO - [2026-05-06T07:23:51.559+0000] {dag.py:3096} INFO - Sync 1 DAGs
[2026-05-06T07:23:51.578+0000] {logging_mixin.py:188} INFO - [2026-05-06T07:23:51.577+0000] {dag.py:3954} INFO - Setting next_dagrun for elt_pipeline to 2026-05-05 00:00:00+00:00, run_after=2026-05-06 00:00:00+00:00
[2026-05-06T07:23:51.599+0000] {processor.py:183} INFO - Processing /opt/airflow/dags/elt_pipeline.py took 0.099 seconds
[2026-05-06T07:24:21.817+0000] {processor.py:161} INFO - Started process (PID=368) to work on /opt/airflow/dags/elt_pipeline.py
[2026-05-06T07:24:21.818+0000] {processor.py:830} INFO - Processing file /opt/airflow/dags/elt_pipeline.py for tasks to queue
[2026-05-06T07:24:21.820+0000] {logging_mixin.py:188} INFO - [2026-05-06T07:24:21.820+0000] {dagbag.py:545} INFO - Filling up the DagBag from /opt/airflow/dags/elt_pipeline.py
[2026-05-06T07:24:21.844+0000] {processor.py:840} INFO - DAG(s) 'elt_pipeline' retrieved from /opt/airflow/dags/elt_pipeline.py
[2026-05-06T07:24:21.875+0000] {logging_mixin.py:188} INFO - [2026-05-06T07:24:21.875+0000] {dag.py:3096} INFO - Sync 1 DAGs
[2026-05-06T07:24:21.897+0000] {logging_mixin.py:188} INFO - [2026-05-06T07:24:21.897+0000] {dag.py:3954} INFO - Setting next_dagrun for elt_pipeline to 2026-05-05 00:00:00+00:00, run_after=2026-05-06 00:00:00+00:00
[2026-05-06T07:24:21.924+0000] {processor.py:183} INFO - Processing /opt/airflow/dags/elt_pipeline.py took 0.117 seconds
[2026-05-06T07:24:52.022+0000] {processor.py:161} INFO - Started process (PID=373) to work on /opt/airflow/dags/elt_pipeline.py
[2026-05-06T07:24:52.023+0000] {processor.py:830} INFO - Processing file /opt/airflow/dags/elt_pipeline.py for tasks to queue
[2026-05-06T07:24:52.024+0000] {logging_mixin.py:188} INFO - [2026-05-06T07:24:52.024+0000] {dagbag.py:545} INFO - Filling up the DagBag from /opt/airflow/dags/elt_pipeline.py
[2026-05-06T07:24:52.049+0000] {processor.py:840} INFO - DAG(s) 'elt_pipeline' retrieved from /opt/airflow/dags/elt_pipeline.py
[2026-05-06T07:24:52.082+0000] {logging_mixin.py:188} INFO - [2026-05-06T07:24:52.082+0000] {dag.py:3096} INFO - Sync 1 DAGs
[2026-05-06T07:24:52.105+0000] {logging_mixin.py:188} INFO - [2026-05-06T07:24:52.105+0000] {dag.py:3954} INFO - Setting next_dagrun for elt_pipeline to 2026-05-05 00:00:00+00:00, run_after=2026-05-06 00:00:00+00:00
[2026-05-06T07:24:52.135+0000] {processor.py:183} INFO - Processing /opt/airflow/dags/elt_pipeline.py took 0.118 seconds
[2026-05-06T07:25:22.332+0000] {processor.py:161} INFO - Started process (PID=385) to work on /opt/airflow/dags/elt_pipeline.py
[2026-05-06T07:25:22.333+0000] {processor.py:830} INFO - Processing file /opt/airflow/dags/elt_pipeline.py for tasks to queue
[2026-05-06T07:25:22.335+0000] {logging_mixin.py:188} INFO - [2026-05-06T07:25:22.335+0000] {dagbag.py:545} INFO - Filling up the DagBag from /opt/airflow/dags/elt_pipeline.py
[2026-05-06T07:25:22.353+0000] {processor.py:840} INFO - DAG(s) 'elt_pipeline' retrieved from /opt/airflow/dags/elt_pipeline.py
[2026-05-06T07:25:22.382+0000] {logging_mixin.py:188} INFO - [2026-05-06T07:25:22.382+0000] {dag.py:3096} INFO - Sync 1 DAGs
[2026-05-06T07:25:22.404+0000] {logging_mixin.py:188} INFO - [2026-05-06T07:25:22.404+0000] {dag.py:3954} INFO - Setting next_dagrun for elt_pipeline to 2026-05-05 00:00:00+00:00, run_after=2026-05-06 00:00:00+00:00
[2026-05-06T07:25:22.433+0000] {processor.py:183} INFO - Processing /opt/airflow/dags/elt_pipeline.py took 0.106 seconds
[2026-05-06T07:25:52.550+0000] {processor.py:161} INFO - Started process (PID=397) to work on /opt/airflow/dags/elt_pipeline.py
[2026-05-06T07:25:52.551+0000] {processor.py:830} INFO - Processing file /opt/airflow/dags/elt_pipeline.py for tasks to queue
[2026-05-06T07:25:52.554+0000] {logging_mixin.py:188} INFO - [2026-05-06T07:25:52.554+0000] {dagbag.py:545} INFO - Filling up the DagBag from /opt/airflow/dags/elt_pipeline.py
[2026-05-06T07:25:52.577+0000] {processor.py:840} INFO - DAG(s) 'elt_pipeline' retrieved from /opt/airflow/dags/elt_pipeline.py
[2026-05-06T07:25:52.611+0000] {logging_mixin.py:188} INFO - [2026-05-06T07:25:52.610+0000] {dag.py:3096} INFO - Sync 1 DAGs
[2026-05-06T07:25:52.636+0000] {logging_mixin.py:188} INFO - [2026-05-06T07:25:52.635+0000] {dag.py:3954} INFO - Setting next_dagrun for elt_pipeline to 2026-05-05 00:00:00+00:00, run_after=2026-05-06 00:00:00+00:00
[2026-05-06T07:25:52.654+0000] {processor.py:183} INFO - Processing /opt/airflow/dags/elt_pipeline.py took 0.110 seconds
[2026-05-06T07:26:22.873+0000] {processor.py:161} INFO - Started process (PID=409) to work on /opt/airflow/dags/elt_pipeline.py
[2026-05-06T07:26:22.874+0000] {processor.py:830} INFO - Processing file /opt/airflow/dags/elt_pipeline.py for tasks to queue
[2026-05-06T07:26:22.875+0000] {logging_mixin.py:188} INFO - [2026-05-06T07:26:22.875+0000] {dagbag.py:545} INFO - Filling up the DagBag from /opt/airflow/dags/elt_pipeline.py
[2026-05-06T07:26:22.896+0000] {processor.py:840} INFO - DAG(s) 'elt_pipeline' retrieved from /opt/airflow/dags/elt_pipeline.py
[2026-05-06T07:26:22.925+0000] {logging_mixin.py:188} INFO - [2026-05-06T07:26:22.925+0000] {dag.py:3096} INFO - Sync 1 DAGs
[2026-05-06T07:26:22.946+0000] {logging_mixin.py:188} INFO - [2026-05-06T07:26:22.946+0000] {dag.py:3954} INFO - Setting next_dagrun for elt_pipeline to 2026-05-05 00:00:00+00:00, run_after=2026-05-06 00:00:00+00:00
[2026-05-06T07:26:22.968+0000] {processor.py:183} INFO - Processing /opt/airflow/dags/elt_pipeline.py took 0.100 seconds
[2026-05-06T07:26:53.088+0000] {processor.py:161} INFO - Started process (PID=421) to work on /opt/airflow/dags/elt_pipeline.py
[2026-05-06T07:26:53.089+0000] {processor.py:830} INFO - Processing file /opt/airflow/dags/elt_pipeline.py for tasks to queue
[2026-05-06T07:26:53.090+0000] {logging_mixin.py:188} INFO - [2026-05-06T07:26:53.090+0000] {dagbag.py:545} INFO - Filling up the DagBag from /opt/airflow/dags/elt_pipeline.py
[2026-05-06T07:26:53.111+0000] {processor.py:840} INFO - DAG(s) 'elt_pipeline' retrieved from /opt/airflow/dags/elt_pipeline.py
[2026-05-06T07:26:53.143+0000] {logging_mixin.py:188} INFO - [2026-05-06T07:26:53.143+0000] {dag.py:3096} INFO - Sync 1 DAGs
[2026-05-06T07:26:53.166+0000] {logging_mixin.py:188} INFO - [2026-05-06T07:26:53.166+0000] {dag.py:3954} INFO - Setting next_dagrun for elt_pipeline to 2026-05-05 00:00:00+00:00, run_after=2026-05-06 00:00:00+00:00
[2026-05-06T07:26:53.190+0000] {processor.py:183} INFO - Processing /opt/airflow/dags/elt_pipeline.py took 0.106 seconds
[2026-05-06T07:27:23.399+0000] {processor.py:161} INFO - Started process (PID=433) to work on /opt/airflow/dags/elt_pipeline.py
[2026-05-06T07:27:23.400+0000] {processor.py:830} INFO - Processing file /opt/airflow/dags/elt_pipeline.py for tasks to queue
[2026-05-06T07:27:23.402+0000] {logging_mixin.py:188} INFO - [2026-05-06T07:27:23.402+0000] {dagbag.py:545} INFO - Filling up the DagBag from /opt/airflow/dags/elt_pipeline.py
[2026-05-06T07:27:23.431+0000] {processor.py:840} INFO - DAG(s) 'elt_pipeline' retrieved from /opt/airflow/dags/elt_pipeline.py
[2026-05-06T07:27:23.467+0000] {logging_mixin.py:188} INFO - [2026-05-06T07:27:23.467+0000] {dag.py:3096} INFO - Sync 1 DAGs
[2026-05-06T07:27:23.493+0000] {logging_mixin.py:188} INFO - [2026-05-06T07:27:23.492+0000] {dag.py:3954} INFO - Setting next_dagrun for elt_pipeline to 2026-05-05 00:00:00+00:00, run_after=2026-05-06 00:00:00+00:00
[2026-05-06T07:27:23.522+0000] {processor.py:183} INFO - Processing /opt/airflow/dags/elt_pipeline.py took 0.130 seconds
[2026-05-06T07:27:53.610+0000] {processor.py:161} INFO - Started process (PID=445) to work on /opt/airflow/dags/elt_pipeline.py
[2026-05-06T07:27:53.611+0000] {processor.py:830} INFO - Processing file /opt/airflow/dags/elt_pipeline.py for tasks to queue
[2026-05-06T07:27:53.613+0000] {logging_mixin.py:188} INFO - [2026-05-06T07:27:53.613+0000] {dagbag.py:545} INFO - Filling up the DagBag from /opt/airflow/dags/elt_pipeline.py
[2026-05-06T07:27:53.635+0000] {processor.py:840} INFO - DAG(s) 'elt_pipeline' retrieved from /opt/airflow/dags/elt_pipeline.py
[2026-05-06T07:27:53.668+0000] {logging_mixin.py:188} INFO - [2026-05-06T07:27:53.668+0000] {dag.py:3096} INFO - Sync 1 DAGs
[2026-05-06T07:27:53.689+0000] {logging_mixin.py:188} INFO - [2026-05-06T07:27:53.689+0000] {dag.py:3954} INFO - Setting next_dagrun for elt_pipeline to 2026-05-05 00:00:00+00:00, run_after=2026-05-06 00:00:00+00:00
[2026-05-06T07:27:53.716+0000] {processor.py:183} INFO - Processing /opt/airflow/dags/elt_pipeline.py took 0.111 seconds
[2026-05-06T07:28:23.931+0000] {processor.py:161} INFO - Started process (PID=457) to work on /opt/airflow/dags/elt_pipeline.py
[2026-05-06T07:28:23.932+0000] {processor.py:830} INFO - Processing file /opt/airflow/dags/elt_pipeline.py for tasks to queue
[2026-05-06T07:28:23.934+0000] {logging_mixin.py:188} INFO - [2026-05-06T07:28:23.933+0000] {dagbag.py:545} INFO - Filling up the DagBag from /opt/airflow/dags/elt_pipeline.py
[2026-05-06T07:28:23.955+0000] {processor.py:840} INFO - DAG(s) 'elt_pipeline' retrieved from /opt/airflow/dags/elt_pipeline.py
[2026-05-06T07:28:23.990+0000] {logging_mixin.py:188} INFO - [2026-05-06T07:28:23.990+0000] {dag.py:3096} INFO - Sync 1 DAGs
[2026-05-06T07:28:24.011+0000] {logging_mixin.py:188} INFO - [2026-05-06T07:28:24.011+0000] {dag.py:3954} INFO - Setting next_dagrun for elt_pipeline to 2026-05-05 00:00:00+00:00, run_after=2026-05-06 00:00:00+00:00
[2026-05-06T07:28:24.034+0000] {processor.py:183} INFO - Processing /opt/airflow/dags/elt_pipeline.py took 0.109 seconds
[2026-05-06T07:28:54.173+0000] {processor.py:161} INFO - Started process (PID=469) to work on /opt/airflow/dags/elt_pipeline.py
[2026-05-06T07:28:54.174+0000] {processor.py:830} INFO - Processing file /opt/airflow/dags/elt_pipeline.py for tasks to queue
[2026-05-06T07:28:54.175+0000] {logging_mixin.py:188} INFO - [2026-05-06T07:28:54.175+0000] {dagbag.py:545} INFO - Filling up the DagBag from /opt/airflow/dags/elt_pipeline.py
[2026-05-06T07:28:54.195+0000] {processor.py:840} INFO - DAG(s) 'elt_pipeline' retrieved from /opt/airflow/dags/elt_pipeline.py
[2026-05-06T07:28:54.223+0000] {logging_mixin.py:188} INFO - [2026-05-06T07:28:54.223+0000] {dag.py:3096} INFO - Sync 1 DAGs
[2026-05-06T07:28:54.244+0000] {logging_mixin.py:188} INFO - [2026-05-06T07:28:54.244+0000] {dag.py:3954} INFO - Setting next_dagrun for elt_pipeline to 2026-05-05 00:00:00+00:00, run_after=2026-05-06 00:00:00+00:00
[2026-05-06T07:28:54.270+0000] {processor.py:183} INFO - Processing /opt/airflow/dags/elt_pipeline.py took 0.102 seconds
[2026-05-06T07:29:24.508+0000] {processor.py:161} INFO - Started process (PID=481) to work on /opt/airflow/dags/elt_pipeline.py
[2026-05-06T07:29:24.508+0000] {processor.py:830} INFO - Processing file /opt/airflow/dags/elt_pipeline.py for tasks to queue
[2026-05-06T07:29:24.510+0000] {logging_mixin.py:188} INFO - [2026-05-06T07:29:24.510+0000] {dagbag.py:545} INFO - Filling up the DagBag from /opt/airflow/dags/elt_pipeline.py
[2026-05-06T07:29:24.526+0000] {processor.py:840} INFO - DAG(s) 'elt_pipeline' retrieved from /opt/airflow/dags/elt_pipeline.py
[2026-05-06T07:29:24.550+0000] {logging_mixin.py:188} INFO - [2026-05-06T07:29:24.550+0000] {dag.py:3096} INFO - Sync 1 DAGs
[2026-05-06T07:29:24.571+0000] {logging_mixin.py:188} INFO - [2026-05-06T07:29:24.570+0000] {dag.py:3954} INFO - Setting next_dagrun for elt_pipeline to 2026-05-05 00:00:00+00:00, run_after=2026-05-06 00:00:00+00:00
[2026-05-06T07:29:24.590+0000] {processor.py:183} INFO - Processing /opt/airflow/dags/elt_pipeline.py took 0.086 seconds
[2026-05-06T07:29:54.754+0000] {processor.py:161} INFO - Started process (PID=494) to work on /opt/airflow/dags/elt_pipeline.py
[2026-05-06T07:29:54.755+0000] {processor.py:830} INFO - Processing file /opt/airflow/dags/elt_pipeline.py for tasks to queue
[2026-05-06T07:29:54.757+0000] {logging_mixin.py:188} INFO - [2026-05-06T07:29:54.756+0000] {dagbag.py:545} INFO - Filling up the DagBag from /opt/airflow/dags/elt_pipeline.py
[2026-05-06T07:29:54.777+0000] {processor.py:840} INFO - DAG(s) 'elt_pipeline' retrieved from /opt/airflow/dags/elt_pipeline.py
[2026-05-06T07:29:54.804+0000] {logging_mixin.py:188} INFO - [2026-05-06T07:29:54.804+0000] {dag.py:3096} INFO - Sync 1 DAGs
[2026-05-06T07:29:54.826+0000] {logging_mixin.py:188} INFO - [2026-05-06T07:29:54.825+0000] {dag.py:3954} INFO - Setting next_dagrun for elt_pipeline to 2026-05-05 00:00:00+00:00, run_after=2026-05-06 00:00:00+00:00
[2026-05-06T07:29:54.852+0000] {processor.py:183} INFO - Processing /opt/airflow/dags/elt_pipeline.py took 0.104 seconds
[2026-05-06T07:30:25.033+0000] {processor.py:161} INFO - Started process (PID=506) to work on /opt/airflow/dags/elt_pipeline.py
[2026-05-06T07:30:25.034+0000] {processor.py:830} INFO - Processing file /opt/airflow/dags/elt_pipeline.py for tasks to queue
[2026-05-06T07:30:25.035+0000] {logging_mixin.py:188} INFO - [2026-05-06T07:30:25.035+0000] {dagbag.py:545} INFO - Filling up the DagBag from /opt/airflow/dags/elt_pipeline.py
[2026-05-06T07:30:25.056+0000] {processor.py:840} INFO - DAG(s) 'elt_pipeline' retrieved from /opt/airflow/dags/elt_pipeline.py
[2026-05-06T07:30:25.086+0000] {logging_mixin.py:188} INFO - [2026-05-06T07:30:25.086+0000] {dag.py:3096} INFO - Sync 1 DAGs
[2026-05-06T07:30:25.107+0000] {logging_mixin.py:188} INFO - [2026-05-06T07:30:25.107+0000] {dag.py:3954} INFO - Setting next_dagrun for elt_pipeline to 2026-05-05 00:00:00+00:00, run_after=2026-05-06 00:00:00+00:00
[2026-05-06T07:30:25.134+0000] {processor.py:183} INFO - Processing /opt/airflow/dags/elt_pipeline.py took 0.106 seconds
[2026-05-06T07:30:55.303+0000] {processor.py:161} INFO - Started process (PID=518) to work on /opt/airflow/dags/elt_pipeline.py
[2026-05-06T07:30:55.304+0000] {processor.py:830} INFO - Processing file /opt/airflow/dags/elt_pipeline.py for tasks to queue
[2026-05-06T07:30:55.305+0000] {logging_mixin.py:188} INFO - [2026-05-06T07:30:55.305+0000] {dagbag.py:545} INFO - Filling up the DagBag from /opt/airflow/dags/elt_pipeline.py
[2026-05-06T07:30:55.323+0000] {processor.py:840} INFO - DAG(s) 'elt_pipeline' retrieved from /opt/airflow/dags/elt_pipeline.py
[2026-05-06T07:30:55.353+0000] {logging_mixin.py:188} INFO - [2026-05-06T07:30:55.353+0000] {dag.py:3096} INFO - Sync 1 DAGs
[2026-05-06T07:30:55.373+0000] {logging_mixin.py:188} INFO - [2026-05-06T07:30:55.373+0000] {dag.py:3954} INFO - Setting next_dagrun for elt_pipeline to 2026-05-05 00:00:00+00:00, run_after=2026-05-06 00:00:00+00:00
[2026-05-06T07:30:55.400+0000] {processor.py:183} INFO - Processing /opt/airflow/dags/elt_pipeline.py took 0.101 seconds
[2026-05-06T07:31:25.665+0000] {processor.py:161} INFO - Started process (PID=530) to work on /opt/airflow/dags/elt_pipeline.py
[2026-05-06T07:31:25.665+0000] {processor.py:830} INFO - Processing file /opt/airflow/dags/elt_pipeline.py for tasks to queue
[2026-05-06T07:31:25.667+0000] {logging_mixin.py:188} INFO - [2026-05-06T07:31:25.667+0000] {dagbag.py:545} INFO - Filling up the DagBag from /opt/airflow/dags/elt_pipeline.py
[2026-05-06T07:31:25.686+0000] {processor.py:840} INFO - DAG(s) 'elt_pipeline' retrieved from /opt/airflow/dags/elt_pipeline.py
[2026-05-06T07:31:25.715+0000] {logging_mixin.py:188} INFO - [2026-05-06T07:31:25.715+0000] {dag.py:3096} INFO - Sync 1 DAGs
[2026-05-06T07:31:25.738+0000] {logging_mixin.py:188} INFO - [2026-05-06T07:31:25.738+0000] {dag.py:3954} INFO - Setting next_dagrun for elt_pipeline to 2026-05-05 00:00:00+00:00, run_after=2026-05-06 00:00:00+00:00
[2026-05-06T07:31:25.762+0000] {processor.py:183} INFO - Processing /opt/airflow/dags/elt_pipeline.py took 0.102 seconds
[2026-05-06T07:31:55.902+0000] {processor.py:161} INFO - Started process (PID=542) to work on /opt/airflow/dags/elt_pipeline.py
[2026-05-06T07:31:55.902+0000] {processor.py:830} INFO - Processing file /opt/airflow/dags/elt_pipeline.py for tasks to queue
[2026-05-06T07:31:55.904+0000] {logging_mixin.py:188} INFO - [2026-05-06T07:31:55.904+0000] {dagbag.py:545} INFO - Filling up the DagBag from /opt/airflow/dags/elt_pipeline.py
[2026-05-06T07:31:55.924+0000] {processor.py:840} INFO - DAG(s) 'elt_pipeline' retrieved from /opt/airflow/dags/elt_pipeline.py
[2026-05-06T07:31:55.960+0000] {logging_mixin.py:188} INFO - [2026-05-06T07:31:55.959+0000] {dag.py:3096} INFO - Sync 1 DAGs
[2026-05-06T07:31:55.981+0000] {logging_mixin.py:188} INFO - [2026-05-06T07:31:55.981+0000] {dag.py:3954} INFO - Setting next_dagrun for elt_pipeline to 2026-05-05 00:00:00+00:00, run_after=2026-05-06 00:00:00+00:00
[2026-05-06T07:31:56.002+0000] {processor.py:183} INFO - Processing /opt/airflow/dags/elt_pipeline.py took 0.105 seconds
[2026-05-06T07:32:26.234+0000] {processor.py:161} INFO - Started process (PID=554) to work on /opt/airflow/dags/elt_pipeline.py
[2026-05-06T07:32:26.235+0000] {processor.py:830} INFO - Processing file /opt/airflow/dags/elt_pipeline.py for tasks to queue
[2026-05-06T07:32:26.236+0000] {logging_mixin.py:188} INFO - [2026-05-06T07:32:26.236+0000] {dagbag.py:545} INFO - Filling up the DagBag from /opt/airflow/dags/elt_pipeline.py
[2026-05-06T07:32:26.254+0000] {processor.py:840} INFO - DAG(s) 'elt_pipeline' retrieved from /opt/airflow/dags/elt_pipeline.py
[2026-05-06T07:32:26.282+0000] {logging_mixin.py:188} INFO - [2026-05-06T07:32:26.281+0000] {dag.py:3096} INFO - Sync 1 DAGs
[2026-05-06T07:32:26.303+0000] {logging_mixin.py:188} INFO - [2026-05-06T07:32:26.303+0000] {dag.py:3954} INFO - Setting next_dagrun for elt_pipeline to 2026-05-05 00:00:00+00:00, run_after=2026-05-06 00:00:00+00:00
[2026-05-06T07:32:26.322+0000] {processor.py:183} INFO - Processing /opt/airflow/dags/elt_pipeline.py took 0.092 seconds
[2026-05-06T07:32:56.488+0000] {processor.py:161} INFO - Started process (PID=566) to work on /opt/airflow/dags/elt_pipeline.py
[2026-05-06T07:32:56.489+0000] {processor.py:830} INFO - Processing file /opt/airflow/dags/elt_pipeline.py for tasks to queue
[2026-05-06T07:32:56.491+0000] {logging_mixin.py:188} INFO - [2026-05-06T07:32:56.490+0000] {dagbag.py:545} INFO - Filling up the DagBag from /opt/airflow/dags/elt_pipeline.py
[2026-05-06T07:32:56.510+0000] {processor.py:840} INFO - DAG(s) 'elt_pipeline' retrieved from /opt/airflow/dags/elt_pipeline.py
[2026-05-06T07:32:56.537+0000] {logging_mixin.py:188} INFO - [2026-05-06T07:32:56.536+0000] {dag.py:3096} INFO - Sync 1 DAGs
[2026-05-06T07:32:56.556+0000] {logging_mixin.py:188} INFO - [2026-05-06T07:32:56.556+0000] {dag.py:3954} INFO - Setting next_dagrun for elt_pipeline to 2026-05-05 00:00:00+00:00, run_after=2026-05-06 00:00:00+00:00
[2026-05-06T07:32:56.577+0000] {processor.py:183} INFO - Processing /opt/airflow/dags/elt_pipeline.py took 0.093 seconds
[2026-05-06T07:33:26.799+0000] {processor.py:161} INFO - Started process (PID=578) to work on /opt/airflow/dags/elt_pipeline.py
[2026-05-06T07:33:26.800+0000] {processor.py:830} INFO - Processing file /opt/airflow/dags/elt_pipeline.py for tasks to queue
[2026-05-06T07:33:26.801+0000] {logging_mixin.py:188} INFO - [2026-05-06T07:33:26.801+0000] {dagbag.py:545} INFO - Filling up the DagBag from /opt/airflow/dags/elt_pipeline.py
[2026-05-06T07:33:26.820+0000] {processor.py:840} INFO - DAG(s) 'elt_pipeline' retrieved from /opt/airflow/dags/elt_pipeline.py
[2026-05-06T07:33:26.845+0000] {logging_mixin.py:188} INFO - [2026-05-06T07:33:26.845+0000] {dag.py:3096} INFO - Sync 1 DAGs
[2026-05-06T07:33:26.866+0000] {logging_mixin.py:188} INFO - [2026-05-06T07:33:26.866+0000] {dag.py:3954} INFO - Setting next_dagrun for elt_pipeline to 2026-05-05 00:00:00+00:00, run_after=2026-05-06 00:00:00+00:00
[2026-05-06T07:33:26.894+0000] {processor.py:183} INFO - Processing /opt/airflow/dags/elt_pipeline.py took 0.099 seconds
[2026-05-06T07:33:57.024+0000] {processor.py:161} INFO - Started process (PID=590) to work on /opt/airflow/dags/elt_pipeline.py
[2026-05-06T07:33:57.025+0000] {processor.py:830} INFO - Processing file /opt/airflow/dags/elt_pipeline.py for tasks to queue
[2026-05-06T07:33:57.027+0000] {logging_mixin.py:188} INFO - [2026-05-06T07:33:57.026+0000] {dagbag.py:545} INFO - Filling up the DagBag from /opt/airflow/dags/elt_pipeline.py
[2026-05-06T07:33:57.044+0000] {processor.py:840} INFO - DAG(s) 'elt_pipeline' retrieved from /opt/airflow/dags/elt_pipeline.py
[2026-05-06T07:33:57.070+0000] {logging_mixin.py:188} INFO - [2026-05-06T07:33:57.070+0000] {dag.py:3096} INFO - Sync 1 DAGs
[2026-05-06T07:33:57.090+0000] {logging_mixin.py:188} INFO - [2026-05-06T07:33:57.090+0000] {dag.py:3954} INFO - Setting next_dagrun for elt_pipeline to 2026-05-05 00:00:00+00:00, run_after=2026-05-06 00:00:00+00:00
[2026-05-06T07:33:57.119+0000] {processor.py:183} INFO - Processing /opt/airflow/dags/elt_pipeline.py took 0.099 seconds
[2026-05-06T07:34:27.390+0000] {processor.py:161} INFO - Started process (PID=602) to work on /opt/airflow/dags/elt_pipeline.py
[2026-05-06T07:34:27.390+0000] {processor.py:830} INFO - Processing file /opt/airflow/dags/elt_pipeline.py for tasks to queue
[2026-05-06T07:34:27.392+0000] {logging_mixin.py:188} INFO - [2026-05-06T07:34:27.392+0000] {dagbag.py:545} INFO - Filling up the DagBag from /opt/airflow/dags/elt_pipeline.py
[2026-05-06T07:34:27.415+0000] {processor.py:840} INFO - DAG(s) 'elt_pipeline' retrieved from /opt/airflow/dags/elt_pipeline.py
[2026-05-06T07:34:27.443+0000] {logging_mixin.py:188} INFO - [2026-05-06T07:34:27.443+0000] {dag.py:3096} INFO - Sync 1 DAGs
[2026-05-06T07:34:27.462+0000] {logging_mixin.py:188} INFO - [2026-05-06T07:34:27.462+0000] {dag.py:3954} INFO - Setting next_dagrun for elt_pipeline to 2026-05-05 00:00:00+00:00, run_after=2026-05-06 00:00:00+00:00
[2026-05-06T07:34:27.499+0000] {processor.py:183} INFO - Processing /opt/airflow/dags/elt_pipeline.py took 0.115 seconds
[2026-05-06T07:34:57.654+0000] {processor.py:161} INFO - Started process (PID=607) to work on /opt/airflow/dags/elt_pipeline.py
[2026-05-06T07:34:57.655+0000] {processor.py:830} INFO - Processing file /opt/airflow/dags/elt_pipeline.py for tasks to queue
[2026-05-06T07:34:57.656+0000] {logging_mixin.py:188} INFO - [2026-05-06T07:34:57.656+0000] {dagbag.py:545} INFO - Filling up the DagBag from /opt/airflow/dags/elt_pipeline.py
[2026-05-06T07:34:57.675+0000] {processor.py:840} INFO - DAG(s) 'elt_pipeline' retrieved from /opt/airflow/dags/elt_pipeline.py
[2026-05-06T07:34:57.702+0000] {logging_mixin.py:188} INFO - [2026-05-06T07:34:57.702+0000] {dag.py:3096} INFO - Sync 1 DAGs
[2026-05-06T07:34:57.721+0000] {logging_mixin.py:188} INFO - [2026-05-06T07:34:57.721+0000] {dag.py:3954} INFO - Setting next_dagrun for elt_pipeline to 2026-05-05 00:00:00+00:00, run_after=2026-05-06 00:00:00+00:00
[2026-05-06T07:34:57.747+0000] {processor.py:183} INFO - Processing /opt/airflow/dags/elt_pipeline.py took 0.097 seconds
[2026-05-06T07:35:27.974+0000] {processor.py:161} INFO - Started process (PID=619) to work on /opt/airflow/dags/elt_pipeline.py
[2026-05-06T07:35:27.975+0000] {processor.py:830} INFO - Processing file /opt/airflow/dags/elt_pipeline.py for tasks to queue
[2026-05-06T07:35:27.976+0000] {logging_mixin.py:188} INFO - [2026-05-06T07:35:27.976+0000] {dagbag.py:545} INFO - Filling up the DagBag from /opt/airflow/dags/elt_pipeline.py
[2026-05-06T07:35:27.995+0000] {processor.py:840} INFO - DAG(s) 'elt_pipeline' retrieved from /opt/airflow/dags/elt_pipeline.py
[2026-05-06T07:35:28.022+0000] {logging_mixin.py:188} INFO - [2026-05-06T07:35:28.022+0000] {dag.py:3096} INFO - Sync 1 DAGs
[2026-05-06T07:35:28.043+0000] {logging_mixin.py:188} INFO - [2026-05-06T07:35:28.043+0000] {dag.py:3954} INFO - Setting next_dagrun for elt_pipeline to 2026-05-05 00:00:00+00:00, run_after=2026-05-06 00:00:00+00:00
[2026-05-06T07:35:28.069+0000] {processor.py:183} INFO - Processing /opt/airflow/dags/elt_pipeline.py took 0.100 seconds
[2026-05-06T07:35:58.202+0000] {processor.py:161} INFO - Started process (PID=631) to work on /opt/airflow/dags/elt_pipeline.py
[2026-05-06T07:35:58.203+0000] {processor.py:830} INFO - Processing file /opt/airflow/dags/elt_pipeline.py for tasks to queue
[2026-05-06T07:35:58.205+0000] {logging_mixin.py:188} INFO - [2026-05-06T07:35:58.204+0000] {dagbag.py:545} INFO - Filling up the DagBag from /opt/airflow/dags/elt_pipeline.py
[2026-05-06T07:35:58.224+0000] {processor.py:840} INFO - DAG(s) 'elt_pipeline' retrieved from /opt/airflow/dags/elt_pipeline.py
[2026-05-06T07:35:58.252+0000] {logging_mixin.py:188} INFO - [2026-05-06T07:35:58.251+0000] {dag.py:3096} INFO - Sync 1 DAGs
[2026-05-06T07:35:58.273+0000] {logging_mixin.py:188} INFO - [2026-05-06T07:35:58.273+0000] {dag.py:3954} INFO - Setting next_dagrun for elt_pipeline to 2026-05-05 00:00:00+00:00, run_after=2026-05-06 00:00:00+00:00
[2026-05-06T07:35:58.303+0000] {processor.py:183} INFO - Processing /opt/airflow/dags/elt_pipeline.py took 0.106 seconds
[2026-05-06T07:36:28.570+0000] {processor.py:161} INFO - Started process (PID=643) to work on /opt/airflow/dags/elt_pipeline.py
[2026-05-06T07:36:28.570+0000] {processor.py:830} INFO - Processing file /opt/airflow/dags/elt_pipeline.py for tasks to queue
[2026-05-06T07:36:28.572+0000] {logging_mixin.py:188} INFO - [2026-05-06T07:36:28.572+0000] {dagbag.py:545} INFO - Filling up the DagBag from /opt/airflow/dags/elt_pipeline.py
[2026-05-06T07:36:28.589+0000] {processor.py:840} INFO - DAG(s) 'elt_pipeline' retrieved from /opt/airflow/dags/elt_pipeline.py
[2026-05-06T07:36:28.614+0000] {logging_mixin.py:188} INFO - [2026-05-06T07:36:28.614+0000] {dag.py:3096} INFO - Sync 1 DAGs
[2026-05-06T07:36:28.632+0000] {logging_mixin.py:188} INFO - [2026-05-06T07:36:28.632+0000] {dag.py:3954} INFO - Setting next_dagrun for elt_pipeline to 2026-05-05 00:00:00+00:00, run_after=2026-05-06 00:00:00+00:00
[2026-05-06T07:36:28.657+0000] {processor.py:183} INFO - Processing /opt/airflow/dags/elt_pipeline.py took 0.092 seconds
[2026-05-06T07:36:58.823+0000] {processor.py:161} INFO - Started process (PID=655) to work on /opt/airflow/dags/elt_pipeline.py
[2026-05-06T07:36:58.824+0000] {processor.py:830} INFO - Processing file /opt/airflow/dags/elt_pipeline.py for tasks to queue
[2026-05-06T07:36:58.826+0000] {logging_mixin.py:188} INFO - [2026-05-06T07:36:58.825+0000] {dagbag.py:545} INFO - Filling up the DagBag from /opt/airflow/dags/elt_pipeline.py
[2026-05-06T07:36:58.843+0000] {processor.py:840} INFO - DAG(s) 'elt_pipeline' retrieved from /opt/airflow/dags/elt_pipeline.py
[2026-05-06T07:36:58.872+0000] {logging_mixin.py:188} INFO - [2026-05-06T07:36:58.872+0000] {dag.py:3096} INFO - Sync 1 DAGs
[2026-05-06T07:36:58.891+0000] {logging_mixin.py:188} INFO - [2026-05-06T07:36:58.891+0000] {dag.py:3954} INFO - Setting next_dagrun for elt_pipeline to 2026-05-05 00:00:00+00:00, run_after=2026-05-06 00:00:00+00:00
[2026-05-06T07:36:58.917+0000] {processor.py:183} INFO - Processing /opt/airflow/dags/elt_pipeline.py took 0.099 seconds
[2026-05-06T07:37:29.106+0000] {processor.py:161} INFO - Started process (PID=667) to work on /opt/airflow/dags/elt_pipeline.py
[2026-05-06T07:37:29.107+0000] {processor.py:830} INFO - Processing file /opt/airflow/dags/elt_pipeline.py for tasks to queue
[2026-05-06T07:37:29.109+0000] {logging_mixin.py:188} INFO - [2026-05-06T07:37:29.109+0000] {dagbag.py:545} INFO - Filling up the DagBag from /opt/airflow/dags/elt_pipeline.py
[2026-05-06T07:37:29.127+0000] {processor.py:840} INFO - DAG(s) 'elt_pipeline' retrieved from /opt/airflow/dags/elt_pipeline.py
[2026-05-06T07:37:29.153+0000] {logging_mixin.py:188} INFO - [2026-05-06T07:37:29.153+0000] {dag.py:3096} INFO - Sync 1 DAGs
[2026-05-06T07:37:29.170+0000] {logging_mixin.py:188} INFO - [2026-05-06T07:37:29.170+0000] {dag.py:3954} INFO - Setting next_dagrun for elt_pipeline to 2026-05-05 00:00:00+00:00, run_after=2026-05-06 00:00:00+00:00
[2026-05-06T07:37:29.197+0000] {processor.py:183} INFO - Processing /opt/airflow/dags/elt_pipeline.py took 0.096 seconds
[2026-05-06T07:37:59.365+0000] {processor.py:161} INFO - Started process (PID=679) to work on /opt/airflow/dags/elt_pipeline.py
[2026-05-06T07:37:59.365+0000] {processor.py:830} INFO - Processing file /opt/airflow/dags/elt_pipeline.py for tasks to queue
[2026-05-06T07:37:59.367+0000] {logging_mixin.py:188} INFO - [2026-05-06T07:37:59.367+0000] {dagbag.py:545} INFO - Filling up the DagBag from /opt/airflow/dags/elt_pipeline.py
[2026-05-06T07:37:59.390+0000] {processor.py:840} INFO - DAG(s) 'elt_pipeline' retrieved from /opt/airflow/dags/elt_pipeline.py
[2026-05-06T07:37:59.415+0000] {logging_mixin.py:188} INFO - [2026-05-06T07:37:59.415+0000] {dag.py:3096} INFO - Sync 1 DAGs
[2026-05-06T07:37:59.432+0000] {logging_mixin.py:188} INFO - [2026-05-06T07:37:59.431+0000] {dag.py:3954} INFO - Setting next_dagrun for elt_pipeline to 2026-05-05 00:00:00+00:00, run_after=2026-05-06 00:00:00+00:00
[2026-05-06T07:37:59.459+0000] {processor.py:183} INFO - Processing /opt/airflow/dags/elt_pipeline.py took 0.102 seconds
[2026-05-06T07:38:29.685+0000] {processor.py:161} INFO - Started process (PID=691) to work on /opt/airflow/dags/elt_pipeline.py
[2026-05-06T07:38:29.685+0000] {processor.py:830} INFO - Processing file /opt/airflow/dags/elt_pipeline.py for tasks to queue
[2026-05-06T07:38:29.687+0000] {logging_mixin.py:188} INFO - [2026-05-06T07:38:29.687+0000] {dagbag.py:545} INFO - Filling up the DagBag from /opt/airflow/dags/elt_pipeline.py
[2026-05-06T07:38:29.705+0000] {processor.py:840} INFO - DAG(s) 'elt_pipeline' retrieved from /opt/airflow/dags/elt_pipeline.py
[2026-05-06T07:38:29.732+0000] {logging_mixin.py:188} INFO - [2026-05-06T07:38:29.732+0000] {dag.py:3096} INFO - Sync 1 DAGs
[2026-05-06T07:38:29.753+0000] {logging_mixin.py:188} INFO - [2026-05-06T07:38:29.753+0000] {dag.py:3954} INFO - Setting next_dagrun for elt_pipeline to 2026-05-05 00:00:00+00:00, run_after=2026-05-06 00:00:00+00:00
[2026-05-06T07:38:29.781+0000] {processor.py:183} INFO - Processing /opt/airflow/dags/elt_pipeline.py took 0.100 seconds
[2026-05-06T07:38:59.950+0000] {processor.py:161} INFO - Started process (PID=703) to work on /opt/airflow/dags/elt_pipeline.py
[2026-05-06T07:38:59.950+0000] {processor.py:830} INFO - Processing file /opt/airflow/dags/elt_pipeline.py for tasks to queue
[2026-05-06T07:38:59.952+0000] {logging_mixin.py:188} INFO - [2026-05-06T07:38:59.951+0000] {dagbag.py:545} INFO - Filling up the DagBag from /opt/airflow/dags/elt_pipeline.py
[2026-05-06T07:38:59.971+0000] {processor.py:840} INFO - DAG(s) 'elt_pipeline' retrieved from /opt/airflow/dags/elt_pipeline.py
[2026-05-06T07:39:00.001+0000] {logging_mixin.py:188} INFO - [2026-05-06T07:39:00.000+0000] {dag.py:3096} INFO - Sync 1 DAGs
[2026-05-06T07:39:00.024+0000] {logging_mixin.py:188} INFO - [2026-05-06T07:39:00.023+0000] {dag.py:3954} INFO - Setting next_dagrun for elt_pipeline to 2026-05-05 00:00:00+00:00, run_after=2026-05-06 00:00:00+00:00
[2026-05-06T07:39:00.057+0000] {processor.py:183} INFO - Processing /opt/airflow/dags/elt_pipeline.py took 0.111 seconds
[2026-05-06T07:39:30.239+0000] {processor.py:161} INFO - Started process (PID=715) to work on /opt/airflow/dags/elt_pipeline.py
[2026-05-06T07:39:30.240+0000] {processor.py:830} INFO - Processing file /opt/airflow/dags/elt_pipeline.py for tasks to queue
[2026-05-06T07:39:30.241+0000] {logging_mixin.py:188} INFO - [2026-05-06T07:39:30.241+0000] {dagbag.py:545} INFO - Filling up the DagBag from /opt/airflow/dags/elt_pipeline.py
[2026-05-06T07:39:30.260+0000] {processor.py:840} INFO - DAG(s) 'elt_pipeline' retrieved from /opt/airflow/dags/elt_pipeline.py
[2026-05-06T07:39:30.288+0000] {logging_mixin.py:188} INFO - [2026-05-06T07:39:30.288+0000] {dag.py:3096} INFO - Sync 1 DAGs
[2026-05-06T07:39:30.309+0000] {logging_mixin.py:188} INFO - [2026-05-06T07:39:30.308+0000] {dag.py:3954} INFO - Setting next_dagrun for elt_pipeline to 2026-05-05 00:00:00+00:00, run_after=2026-05-06 00:00:00+00:00
[2026-05-06T07:39:30.338+0000] {processor.py:183} INFO - Processing /opt/airflow/dags/elt_pipeline.py took 0.103 seconds
[2026-05-06T07:40:00.511+0000] {processor.py:161} INFO - Started process (PID=727) to work on /opt/airflow/dags/elt_pipeline.py
[2026-05-06T07:40:00.512+0000] {processor.py:830} INFO - Processing file /opt/airflow/dags/elt_pipeline.py for tasks to queue
[2026-05-06T07:40:00.514+0000] {logging_mixin.py:188} INFO - [2026-05-06T07:40:00.514+0000] {dagbag.py:545} INFO - Filling up the DagBag from /opt/airflow/dags/elt_pipeline.py
[2026-05-06T07:40:00.532+0000] {processor.py:840} INFO - DAG(s) 'elt_pipeline' retrieved from /opt/airflow/dags/elt_pipeline.py
[2026-05-06T07:40:00.559+0000] {logging_mixin.py:188} INFO - [2026-05-06T07:40:00.559+0000] {dag.py:3096} INFO - Sync 1 DAGs
[2026-05-06T07:40:00.575+0000] {logging_mixin.py:188} INFO - [2026-05-06T07:40:00.574+0000] {dag.py:3954} INFO - Setting next_dagrun for elt_pipeline to 2026-05-05 00:00:00+00:00, run_after=2026-05-06 00:00:00+00:00
[2026-05-06T07:40:00.599+0000] {processor.py:183} INFO - Processing /opt/airflow/dags/elt_pipeline.py took 0.092 seconds
[2026-05-06T07:40:30.835+0000] {processor.py:161} INFO - Started process (PID=739) to work on /opt/airflow/dags/elt_pipeline.py
[2026-05-06T07:40:30.835+0000] {processor.py:830} INFO - Processing file /opt/airflow/dags/elt_pipeline.py for tasks to queue
[2026-05-06T07:40:30.837+0000] {logging_mixin.py:188} INFO - [2026-05-06T07:40:30.837+0000] {dagbag.py:545} INFO - Filling up the DagBag from /opt/airflow/dags/elt_pipeline.py
[2026-05-06T07:40:30.859+0000] {processor.py:840} INFO - DAG(s) 'elt_pipeline' retrieved from /opt/airflow/dags/elt_pipeline.py
[2026-05-06T07:40:30.885+0000] {logging_mixin.py:188} INFO - [2026-05-06T07:40:30.885+0000] {dag.py:3096} INFO - Sync 1 DAGs
[2026-05-06T07:40:30.906+0000] {logging_mixin.py:188} INFO - [2026-05-06T07:40:30.906+0000] {dag.py:3954} INFO - Setting next_dagrun for elt_pipeline to 2026-05-05 00:00:00+00:00, run_after=2026-05-06 00:00:00+00:00
[2026-05-06T07:40:30.944+0000] {processor.py:183} INFO - Processing /opt/airflow/dags/elt_pipeline.py took 0.114 seconds
[2026-05-06T07:41:01.058+0000] {processor.py:161} INFO - Started process (PID=751) to work on /opt/airflow/dags/elt_pipeline.py
[2026-05-06T07:41:01.059+0000] {processor.py:830} INFO - Processing file /opt/airflow/dags/elt_pipeline.py for tasks to queue
[2026-05-06T07:41:01.061+0000] {logging_mixin.py:188} INFO - [2026-05-06T07:41:01.061+0000] {dagbag.py:545} INFO - Filling up the DagBag from /opt/airflow/dags/elt_pipeline.py
[2026-05-06T07:41:01.078+0000] {processor.py:840} INFO - DAG(s) 'elt_pipeline' retrieved from /opt/airflow/dags/elt_pipeline.py
[2026-05-06T07:41:01.104+0000] {logging_mixin.py:188} INFO - [2026-05-06T07:41:01.104+0000] {dag.py:3096} INFO - Sync 1 DAGs
[2026-05-06T07:41:01.123+0000] {logging_mixin.py:188} INFO - [2026-05-06T07:41:01.123+0000] {dag.py:3954} INFO - Setting next_dagrun for elt_pipeline to 2026-05-05 00:00:00+00:00, run_after=2026-05-06 00:00:00+00:00
[2026-05-06T07:41:01.150+0000] {processor.py:183} INFO - Processing /opt/airflow/dags/elt_pipeline.py took 0.096 seconds
[2026-05-06T07:41:31.307+0000] {processor.py:161} INFO - Started process (PID=763) to work on /opt/airflow/dags/elt_pipeline.py
[2026-05-06T07:41:31.307+0000] {processor.py:830} INFO - Processing file /opt/airflow/dags/elt_pipeline.py for tasks to queue
[2026-05-06T07:41:31.309+0000] {logging_mixin.py:188} INFO - [2026-05-06T07:41:31.308+0000] {dagbag.py:545} INFO - Filling up the DagBag from /opt/airflow/dags/elt_pipeline.py
[2026-05-06T07:41:31.325+0000] {processor.py:840} INFO - DAG(s) 'elt_pipeline' retrieved from /opt/airflow/dags/elt_pipeline.py
[2026-05-06T07:41:31.352+0000] {logging_mixin.py:188} INFO - [2026-05-06T07:41:31.352+0000] {dag.py:3096} INFO - Sync 1 DAGs
[2026-05-06T07:41:31.371+0000] {logging_mixin.py:188} INFO - [2026-05-06T07:41:31.371+0000] {dag.py:3954} INFO - Setting next_dagrun for elt_pipeline to 2026-05-05 00:00:00+00:00, run_after=2026-05-06 00:00:00+00:00
[2026-05-06T07:41:31.396+0000] {processor.py:183} INFO - Processing /opt/airflow/dags/elt_pipeline.py took 0.094 seconds
[2026-05-06T07:42:01.619+0000] {processor.py:161} INFO - Started process (PID=775) to work on /opt/airflow/dags/elt_pipeline.py
[2026-05-06T07:42:01.620+0000] {processor.py:830} INFO - Processing file /opt/airflow/dags/elt_pipeline.py for tasks to queue
[2026-05-06T07:42:01.621+0000] {logging_mixin.py:188} INFO - [2026-05-06T07:42:01.621+0000] {dagbag.py:545} INFO - Filling up the DagBag from /opt/airflow/dags/elt_pipeline.py
[2026-05-06T07:42:01.638+0000] {processor.py:840} INFO - DAG(s) 'elt_pipeline' retrieved from /opt/airflow/dags/elt_pipeline.py
[2026-05-06T07:42:01.664+0000] {logging_mixin.py:188} INFO - [2026-05-06T07:42:01.664+0000] {dag.py:3096} INFO - Sync 1 DAGs
[2026-05-06T07:42:01.685+0000] {logging_mixin.py:188} INFO - [2026-05-06T07:42:01.684+0000] {dag.py:3954} INFO - Setting next_dagrun for elt_pipeline to 2026-05-05 00:00:00+00:00, run_after=2026-05-06 00:00:00+00:00
[2026-05-06T07:42:01.705+0000] {processor.py:183} INFO - Processing /opt/airflow/dags/elt_pipeline.py took 0.090 seconds
[2026-05-06T07:42:31.858+0000] {processor.py:161} INFO - Started process (PID=787) to work on /opt/airflow/dags/elt_pipeline.py
[2026-05-06T07:42:31.859+0000] {processor.py:830} INFO - Processing file /opt/airflow/dags/elt_pipeline.py for tasks to queue
[2026-05-06T07:42:31.860+0000] {logging_mixin.py:188} INFO - [2026-05-06T07:42:31.860+0000] {dagbag.py:545} INFO - Filling up the DagBag from /opt/airflow/dags/elt_pipeline.py
[2026-05-06T07:42:31.879+0000] {processor.py:840} INFO - DAG(s) 'elt_pipeline' retrieved from /opt/airflow/dags/elt_pipeline.py
[2026-05-06T07:42:31.904+0000] {logging_mixin.py:188} INFO - [2026-05-06T07:42:31.904+0000] {dag.py:3096} INFO - Sync 1 DAGs
[2026-05-06T07:42:31.921+0000] {logging_mixin.py:188} INFO - [2026-05-06T07:42:31.921+0000] {dag.py:3954} INFO - Setting next_dagrun for elt_pipeline to 2026-05-05 00:00:00+00:00, run_after=2026-05-06 00:00:00+00:00
[2026-05-06T07:42:31.940+0000] {processor.py:183} INFO - Processing /opt/airflow/dags/elt_pipeline.py took 0.086 seconds
[2026-05-06T07:43:02.179+0000] {processor.py:161} INFO - Started process (PID=799) to work on /opt/airflow/dags/elt_pipeline.py
[2026-05-06T07:43:02.179+0000] {processor.py:830} INFO - Processing file /opt/airflow/dags/elt_pipeline.py for tasks to queue
[2026-05-06T07:43:02.181+0000] {logging_mixin.py:188} INFO - [2026-05-06T07:43:02.181+0000] {dagbag.py:545} INFO - Filling up the DagBag from /opt/airflow/dags/elt_pipeline.py
[2026-05-06T07:43:02.200+0000] {processor.py:840} INFO - DAG(s) 'elt_pipeline' retrieved from /opt/airflow/dags/elt_pipeline.py
[2026-05-06T07:43:02.225+0000] {logging_mixin.py:188} INFO - [2026-05-06T07:43:02.225+0000] {dag.py:3096} INFO - Sync 1 DAGs
[2026-05-06T07:43:02.245+0000] {logging_mixin.py:188} INFO - [2026-05-06T07:43:02.245+0000] {dag.py:3954} INFO - Setting next_dagrun for elt_pipeline to 2026-05-05 00:00:00+00:00, run_after=2026-05-06 00:00:00+00:00
[2026-05-06T07:43:02.275+0000] {processor.py:183} INFO - Processing /opt/airflow/dags/elt_pipeline.py took 0.101 seconds
[2026-05-06T07:43:32.425+0000] {processor.py:161} INFO - Started process (PID=811) to work on /opt/airflow/dags/elt_pipeline.py
[2026-05-06T07:43:32.426+0000] {processor.py:830} INFO - Processing file /opt/airflow/dags/elt_pipeline.py for tasks to queue
[2026-05-06T07:43:32.429+0000] {logging_mixin.py:188} INFO - [2026-05-06T07:43:32.428+0000] {dagbag.py:545} INFO - Filling up the DagBag from /opt/airflow/dags/elt_pipeline.py
[2026-05-06T07:43:32.447+0000] {processor.py:840} INFO - DAG(s) 'elt_pipeline' retrieved from /opt/airflow/dags/elt_pipeline.py
[2026-05-06T07:43:32.474+0000] {logging_mixin.py:188} INFO - [2026-05-06T07:43:32.473+0000] {dag.py:3096} INFO - Sync 1 DAGs
[2026-05-06T07:43:32.492+0000] {logging_mixin.py:188} INFO - [2026-05-06T07:43:32.492+0000] {dag.py:3954} INFO - Setting next_dagrun for elt_pipeline to 2026-05-05 00:00:00+00:00, run_after=2026-05-06 00:00:00+00:00
[2026-05-06T07:43:32.513+0000] {processor.py:183} INFO - Processing /opt/airflow/dags/elt_pipeline.py took 0.094 seconds
[2026-05-06T07:44:02.723+0000] {processor.py:161} INFO - Started process (PID=823) to work on /opt/airflow/dags/elt_pipeline.py
[2026-05-06T07:44:02.724+0000] {processor.py:830} INFO - Processing file /opt/airflow/dags/elt_pipeline.py for tasks to queue
[2026-05-06T07:44:02.725+0000] {logging_mixin.py:188} INFO - [2026-05-06T07:44:02.725+0000] {dagbag.py:545} INFO - Filling up the DagBag from /opt/airflow/dags/elt_pipeline.py
[2026-05-06T07:44:02.751+0000] {processor.py:840} INFO - DAG(s) 'elt_pipeline' retrieved from /opt/airflow/dags/elt_pipeline.py
[2026-05-06T07:44:02.783+0000] {logging_mixin.py:188} INFO - [2026-05-06T07:44:02.782+0000] {dag.py:3096} INFO - Sync 1 DAGs
[2026-05-06T07:44:02.803+0000] {logging_mixin.py:188} INFO - [2026-05-06T07:44:02.803+0000] {dag.py:3954} INFO - Setting next_dagrun for elt_pipeline to 2026-05-05 00:00:00+00:00, run_after=2026-05-06 00:00:00+00:00
[2026-05-06T07:44:02.833+0000] {processor.py:183} INFO - Processing /opt/airflow/dags/elt_pipeline.py took 0.117 seconds
[2026-05-06T07:44:32.951+0000] {processor.py:161} INFO - Started process (PID=828) to work on /opt/airflow/dags/elt_pipeline.py
[2026-05-06T07:44:32.952+0000] {processor.py:830} INFO - Processing file /opt/airflow/dags/elt_pipeline.py for tasks to queue
[2026-05-06T07:44:32.954+0000] {logging_mixin.py:188} INFO - [2026-05-06T07:44:32.954+0000] {dagbag.py:545} INFO - Filling up the DagBag from /opt/airflow/dags/elt_pipeline.py
[2026-05-06T07:44:32.975+0000] {processor.py:840} INFO - DAG(s) 'elt_pipeline' retrieved from /opt/airflow/dags/elt_pipeline.py
[2026-05-06T07:44:33.006+0000] {logging_mixin.py:188} INFO - [2026-05-06T07:44:33.006+0000] {dag.py:3096} INFO - Sync 1 DAGs
[2026-05-06T07:44:33.031+0000] {logging_mixin.py:188} INFO - [2026-05-06T07:44:33.031+0000] {dag.py:3954} INFO - Setting next_dagrun for elt_pipeline to 2026-05-05 00:00:00+00:00, run_after=2026-05-06 00:00:00+00:00
[2026-05-06T07:44:33.056+0000] {processor.py:183} INFO - Processing /opt/airflow/dags/elt_pipeline.py took 0.111 seconds
[2026-05-06T07:45:03.230+0000] {processor.py:161} INFO - Started process (PID=840) to work on /opt/airflow/dags/elt_pipeline.py
[2026-05-06T07:45:03.232+0000] {processor.py:830} INFO - Processing file /opt/airflow/dags/elt_pipeline.py for tasks to queue
[2026-05-06T07:45:03.233+0000] {logging_mixin.py:188} INFO - [2026-05-06T07:45:03.233+0000] {dagbag.py:545} INFO - Filling up the DagBag from /opt/airflow/dags/elt_pipeline.py
[2026-05-06T07:45:03.253+0000] {processor.py:840} INFO - DAG(s) 'elt_pipeline' retrieved from /opt/airflow/dags/elt_pipeline.py
[2026-05-06T07:45:03.278+0000] {logging_mixin.py:188} INFO - [2026-05-06T07:45:03.278+0000] {dag.py:3096} INFO - Sync 1 DAGs
[2026-05-06T07:45:03.296+0000] {logging_mixin.py:188} INFO - [2026-05-06T07:45:03.295+0000] {dag.py:3954} INFO - Setting next_dagrun for elt_pipeline to 2026-05-05 00:00:00+00:00, run_after=2026-05-06 00:00:00+00:00
[2026-05-06T07:45:03.316+0000] {processor.py:183} INFO - Processing /opt/airflow/dags/elt_pipeline.py took 0.089 seconds
[2026-05-06T07:45:33.437+0000] {processor.py:161} INFO - Started process (PID=852) to work on /opt/airflow/dags/elt_pipeline.py
[2026-05-06T07:45:33.438+0000] {processor.py:830} INFO - Processing file /opt/airflow/dags/elt_pipeline.py for tasks to queue
[2026-05-06T07:45:33.440+0000] {logging_mixin.py:188} INFO - [2026-05-06T07:45:33.440+0000] {dagbag.py:545} INFO - Filling up the DagBag from /opt/airflow/dags/elt_pipeline.py
[2026-05-06T07:45:33.462+0000] {processor.py:840} INFO - DAG(s) 'elt_pipeline' retrieved from /opt/airflow/dags/elt_pipeline.py
[2026-05-06T07:45:33.493+0000] {logging_mixin.py:188} INFO - [2026-05-06T07:45:33.493+0000] {dag.py:3096} INFO - Sync 1 DAGs
[2026-05-06T07:45:33.519+0000] {logging_mixin.py:188} INFO - [2026-05-06T07:45:33.518+0000] {dag.py:3954} INFO - Setting next_dagrun for elt_pipeline to 2026-05-05 00:00:00+00:00, run_after=2026-05-06 00:00:00+00:00
[2026-05-06T07:45:33.549+0000] {processor.py:183} INFO - Processing /opt/airflow/dags/elt_pipeline.py took 0.118 seconds
[2026-05-06T07:46:03.712+0000] {processor.py:161} INFO - Started process (PID=864) to work on /opt/airflow/dags/elt_pipeline.py
[2026-05-06T07:46:03.713+0000] {processor.py:830} INFO - Processing file /opt/airflow/dags/elt_pipeline.py for tasks to queue
[2026-05-06T07:46:03.714+0000] {logging_mixin.py:188} INFO - [2026-05-06T07:46:03.714+0000] {dagbag.py:545} INFO - Filling up the DagBag from /opt/airflow/dags/elt_pipeline.py
[2026-05-06T07:46:03.732+0000] {processor.py:840} INFO - DAG(s) 'elt_pipeline' retrieved from /opt/airflow/dags/elt_pipeline.py
[2026-05-06T07:46:03.759+0000] {logging_mixin.py:188} INFO - [2026-05-06T07:46:03.759+0000] {dag.py:3096} INFO - Sync 1 DAGs
[2026-05-06T07:46:03.779+0000] {logging_mixin.py:188} INFO - [2026-05-06T07:46:03.778+0000] {dag.py:3954} INFO - Setting next_dagrun for elt_pipeline to 2026-05-05 00:00:00+00:00, run_after=2026-05-06 00:00:00+00:00
[2026-05-06T07:46:03.801+0000] {processor.py:183} INFO - Processing /opt/airflow/dags/elt_pipeline.py took 0.093 seconds
[2026-05-06T07:46:33.977+0000] {processor.py:161} INFO - Started process (PID=876) to work on /opt/airflow/dags/elt_pipeline.py
[2026-05-06T07:46:33.978+0000] {processor.py:830} INFO - Processing file /opt/airflow/dags/elt_pipeline.py for tasks to queue
[2026-05-06T07:46:33.979+0000] {logging_mixin.py:188} INFO - [2026-05-06T07:46:33.979+0000] {dagbag.py:545} INFO - Filling up the DagBag from /opt/airflow/dags/elt_pipeline.py
[2026-05-06T07:46:33.996+0000] {processor.py:840} INFO - DAG(s) 'elt_pipeline' retrieved from /opt/airflow/dags/elt_pipeline.py
[2026-05-06T07:46:34.020+0000] {logging_mixin.py:188} INFO - [2026-05-06T07:46:34.020+0000] {dag.py:3096} INFO - Sync 1 DAGs
[2026-05-06T07:46:34.037+0000] {logging_mixin.py:188} INFO - [2026-05-06T07:46:34.036+0000] {dag.py:3954} INFO - Setting next_dagrun for elt_pipeline to 2026-05-05 00:00:00+00:00, run_after=2026-05-06 00:00:00+00:00
[2026-05-06T07:46:34.056+0000] {processor.py:183} INFO - Processing /opt/airflow/dags/elt_pipeline.py took 0.083 seconds
[2026-05-06T07:47:04.191+0000] {processor.py:161} INFO - Started process (PID=888) to work on /opt/airflow/dags/elt_pipeline.py
[2026-05-06T07:47:04.192+0000] {processor.py:830} INFO - Processing file /opt/airflow/dags/elt_pipeline.py for tasks to queue
[2026-05-06T07:47:04.194+0000] {logging_mixin.py:188} INFO - [2026-05-06T07:47:04.194+0000] {dagbag.py:545} INFO - Filling up the DagBag from /opt/airflow/dags/elt_pipeline.py
[2026-05-06T07:47:04.215+0000] {processor.py:840} INFO - DAG(s) 'elt_pipeline' retrieved from /opt/airflow/dags/elt_pipeline.py
[2026-05-06T07:47:04.245+0000] {logging_mixin.py:188} INFO - [2026-05-06T07:47:04.245+0000] {dag.py:3096} INFO - Sync 1 DAGs
[2026-05-06T07:47:04.265+0000] {logging_mixin.py:188} INFO - [2026-05-06T07:47:04.264+0000] {dag.py:3954} INFO - Setting next_dagrun for elt_pipeline to 2026-05-05 00:00:00+00:00, run_after=2026-05-06 00:00:00+00:00
[2026-05-06T07:47:04.282+0000] {processor.py:183} INFO - Processing /opt/airflow/dags/elt_pipeline.py took 0.097 seconds
[2026-05-06T07:47:34.472+0000] {processor.py:161} INFO - Started process (PID=900) to work on /opt/airflow/dags/elt_pipeline.py
[2026-05-06T07:47:34.474+0000] {processor.py:830} INFO - Processing file /opt/airflow/dags/elt_pipeline.py for tasks to queue
[2026-05-06T07:47:34.476+0000] {logging_mixin.py:188} INFO - [2026-05-06T07:47:34.476+0000] {dagbag.py:545} INFO - Filling up the DagBag from /opt/airflow/dags/elt_pipeline.py
[2026-05-06T07:47:34.505+0000] {processor.py:840} INFO - DAG(s) 'elt_pipeline' retrieved from /opt/airflow/dags/elt_pipeline.py
[2026-05-06T07:47:34.542+0000] {logging_mixin.py:188} INFO - [2026-05-06T07:47:34.542+0000] {dag.py:3096} INFO - Sync 1 DAGs
[2026-05-06T07:47:34.566+0000] {logging_mixin.py:188} INFO - [2026-05-06T07:47:34.566+0000] {dag.py:3954} INFO - Setting next_dagrun for elt_pipeline to 2026-05-05 00:00:00+00:00, run_after=2026-05-06 00:00:00+00:00
[2026-05-06T07:47:34.588+0000] {processor.py:183} INFO - Processing /opt/airflow/dags/elt_pipeline.py took 0.123 seconds
[2026-05-06T07:48:04.686+0000] {processor.py:161} INFO - Started process (PID=912) to work on /opt/airflow/dags/elt_pipeline.py
[2026-05-06T07:48:04.687+0000] {processor.py:830} INFO - Processing file /opt/airflow/dags/elt_pipeline.py for tasks to queue
[2026-05-06T07:48:04.689+0000] {logging_mixin.py:188} INFO - [2026-05-06T07:48:04.688+0000] {dagbag.py:545} INFO - Filling up the DagBag from /opt/airflow/dags/elt_pipeline.py
[2026-05-06T07:48:04.708+0000] {processor.py:840} INFO - DAG(s) 'elt_pipeline' retrieved from /opt/airflow/dags/elt_pipeline.py
[2026-05-06T07:48:04.734+0000] {logging_mixin.py:188} INFO - [2026-05-06T07:48:04.734+0000] {dag.py:3096} INFO - Sync 1 DAGs
[2026-05-06T07:48:04.756+0000] {logging_mixin.py:188} INFO - [2026-05-06T07:48:04.756+0000] {dag.py:3954} INFO - Setting next_dagrun for elt_pipeline to 2026-05-05 00:00:00+00:00, run_after=2026-05-06 00:00:00+00:00
[2026-05-06T07:48:04.779+0000] {processor.py:183} INFO - Processing /opt/airflow/dags/elt_pipeline.py took 0.098 seconds
[2026-05-06T07:48:35.026+0000] {processor.py:161} INFO - Started process (PID=924) to work on /opt/airflow/dags/elt_pipeline.py
[2026-05-06T07:48:35.027+0000] {processor.py:830} INFO - Processing file /opt/airflow/dags/elt_pipeline.py for tasks to queue
[2026-05-06T07:48:35.029+0000] {logging_mixin.py:188} INFO - [2026-05-06T07:48:35.028+0000] {dagbag.py:545} INFO - Filling up the DagBag from /opt/airflow/dags/elt_pipeline.py
[2026-05-06T07:48:35.059+0000] {processor.py:840} INFO - DAG(s) 'elt_pipeline' retrieved from /opt/airflow/dags/elt_pipeline.py
[2026-05-06T07:48:35.152+0000] {logging_mixin.py:188} INFO - [2026-05-06T07:48:35.152+0000] {dag.py:3096} INFO - Sync 1 DAGs
[2026-05-06T07:48:35.170+0000] {logging_mixin.py:188} INFO - [2026-05-06T07:48:35.170+0000] {dag.py:3954} INFO - Setting next_dagrun for elt_pipeline to 2026-05-05 00:00:00+00:00, run_after=2026-05-06 00:00:00+00:00
[2026-05-06T07:48:35.203+0000] {processor.py:183} INFO - Processing /opt/airflow/dags/elt_pipeline.py took 0.182 seconds
[2026-05-06T07:49:05.258+0000] {processor.py:161} INFO - Started process (PID=936) to work on /opt/airflow/dags/elt_pipeline.py
[2026-05-06T07:49:05.258+0000] {processor.py:830} INFO - Processing file /opt/airflow/dags/elt_pipeline.py for tasks to queue
[2026-05-06T07:49:05.260+0000] {logging_mixin.py:188} INFO - [2026-05-06T07:49:05.259+0000] {dagbag.py:545} INFO - Filling up the DagBag from /opt/airflow/dags/elt_pipeline.py
[2026-05-06T07:49:05.279+0000] {processor.py:840} INFO - DAG(s) 'elt_pipeline' retrieved from /opt/airflow/dags/elt_pipeline.py
[2026-05-06T07:49:05.304+0000] {logging_mixin.py:188} INFO - [2026-05-06T07:49:05.303+0000] {dag.py:3096} INFO - Sync 1 DAGs
[2026-05-06T07:49:05.321+0000] {logging_mixin.py:188} INFO - [2026-05-06T07:49:05.321+0000] {dag.py:3954} INFO - Setting next_dagrun for elt_pipeline to 2026-05-05 00:00:00+00:00, run_after=2026-05-06 00:00:00+00:00
[2026-05-06T07:49:05.344+0000] {processor.py:183} INFO - Processing /opt/airflow/dags/elt_pipeline.py took 0.091 seconds
[2026-05-06T07:49:35.462+0000] {processor.py:161} INFO - Started process (PID=948) to work on /opt/airflow/dags/elt_pipeline.py
[2026-05-06T07:49:35.463+0000] {processor.py:830} INFO - Processing file /opt/airflow/dags/elt_pipeline.py for tasks to queue
[2026-05-06T07:49:35.464+0000] {logging_mixin.py:188} INFO - [2026-05-06T07:49:35.464+0000] {dagbag.py:545} INFO - Filling up the DagBag from /opt/airflow/dags/elt_pipeline.py
[2026-05-06T07:49:35.483+0000] {processor.py:840} INFO - DAG(s) 'elt_pipeline' retrieved from /opt/airflow/dags/elt_pipeline.py
[2026-05-06T07:49:35.511+0000] {logging_mixin.py:188} INFO - [2026-05-06T07:49:35.511+0000] {dag.py:3096} INFO - Sync 1 DAGs
[2026-05-06T07:49:35.532+0000] {logging_mixin.py:188} INFO - [2026-05-06T07:49:35.532+0000] {dag.py:3954} INFO - Setting next_dagrun for elt_pipeline to 2026-05-05 00:00:00+00:00, run_after=2026-05-06 00:00:00+00:00
[2026-05-06T07:49:35.558+0000] {processor.py:183} INFO - Processing /opt/airflow/dags/elt_pipeline.py took 0.100 seconds
[2026-05-06T07:50:05.747+0000] {processor.py:161} INFO - Started process (PID=960) to work on /opt/airflow/dags/elt_pipeline.py
[2026-05-06T07:50:05.748+0000] {processor.py:830} INFO - Processing file /opt/airflow/dags/elt_pipeline.py for tasks to queue
[2026-05-06T07:50:05.750+0000] {logging_mixin.py:188} INFO - [2026-05-06T07:50:05.750+0000] {dagbag.py:545} INFO - Filling up the DagBag from /opt/airflow/dags/elt_pipeline.py
[2026-05-06T07:50:05.768+0000] {processor.py:840} INFO - DAG(s) 'elt_pipeline' retrieved from /opt/airflow/dags/elt_pipeline.py
[2026-05-06T07:50:05.795+0000] {logging_mixin.py:188} INFO - [2026-05-06T07:50:05.794+0000] {dag.py:3096} INFO - Sync 1 DAGs
[2026-05-06T07:50:05.814+0000] {logging_mixin.py:188} INFO - [2026-05-06T07:50:05.813+0000] {dag.py:3954} INFO - Setting next_dagrun for elt_pipeline to 2026-05-05 00:00:00+00:00, run_after=2026-05-06 00:00:00+00:00
[2026-05-06T07:50:05.840+0000] {processor.py:183} INFO - Processing /opt/airflow/dags/elt_pipeline.py took 0.097 seconds
[2026-05-06T07:50:35.950+0000] {processor.py:161} INFO - Started process (PID=972) to work on /opt/airflow/dags/elt_pipeline.py
[2026-05-06T07:50:35.951+0000] {processor.py:830} INFO - Processing file /opt/airflow/dags/elt_pipeline.py for tasks to queue
[2026-05-06T07:50:35.952+0000] {logging_mixin.py:188} INFO - [2026-05-06T07:50:35.952+0000] {dagbag.py:545} INFO - Filling up the DagBag from /opt/airflow/dags/elt_pipeline.py
[2026-05-06T07:50:35.969+0000] {processor.py:840} INFO - DAG(s) 'elt_pipeline' retrieved from /opt/airflow/dags/elt_pipeline.py
[2026-05-06T07:50:35.996+0000] {logging_mixin.py:188} INFO - [2026-05-06T07:50:35.996+0000] {dag.py:3096} INFO - Sync 1 DAGs
[2026-05-06T07:50:36.016+0000] {logging_mixin.py:188} INFO - [2026-05-06T07:50:36.016+0000] {dag.py:3954} INFO - Setting next_dagrun for elt_pipeline to 2026-05-05 00:00:00+00:00, run_after=2026-05-06 00:00:00+00:00
[2026-05-06T07:50:36.043+0000] {processor.py:183} INFO - Processing /opt/airflow/dags/elt_pipeline.py took 0.097 seconds
[2026-05-06T07:51:06.242+0000] {processor.py:161} INFO - Started process (PID=984) to work on /opt/airflow/dags/elt_pipeline.py
[2026-05-06T07:51:06.243+0000] {processor.py:830} INFO - Processing file /opt/airflow/dags/elt_pipeline.py for tasks to queue
[2026-05-06T07:51:06.248+0000] {logging_mixin.py:188} INFO - [2026-05-06T07:51:06.247+0000] {dagbag.py:545} INFO - Filling up the DagBag from /opt/airflow/dags/elt_pipeline.py
[2026-05-06T07:51:06.278+0000] {processor.py:840} INFO - DAG(s) 'elt_pipeline' retrieved from /opt/airflow/dags/elt_pipeline.py
[2026-05-06T07:51:06.317+0000] {logging_mixin.py:188} INFO - [2026-05-06T07:51:06.317+0000] {dag.py:3096} INFO - Sync 1 DAGs
[2026-05-06T07:51:06.347+0000] {logging_mixin.py:188} INFO - [2026-05-06T07:51:06.346+0000] {dag.py:3954} INFO - Setting next_dagrun for elt_pipeline to 2026-05-05 00:00:00+00:00, run_after=2026-05-06 00:00:00+00:00
[2026-05-06T07:51:06.380+0000] {processor.py:183} INFO - Processing /opt/airflow/dags/elt_pipeline.py took 0.147 seconds
[2026-05-06T07:54:21.313+0000] {processor.py:161} INFO - Started process (PID=175) to work on /opt/airflow/dags/elt_pipeline.py
[2026-05-06T07:54:21.315+0000] {processor.py:830} INFO - Processing file /opt/airflow/dags/elt_pipeline.py for tasks to queue
[2026-05-06T07:54:21.317+0000] {logging_mixin.py:188} INFO - [2026-05-06T07:54:21.317+0000] {dagbag.py:545} INFO - Filling up the DagBag from /opt/airflow/dags/elt_pipeline.py
[2026-05-06T07:54:21.345+0000] {processor.py:840} INFO - DAG(s) 'elt_pipeline' retrieved from /opt/airflow/dags/elt_pipeline.py
[2026-05-06T07:54:21.692+0000] {logging_mixin.py:188} INFO - [2026-05-06T07:54:21.572+0000] {override.py:1829} INFO - Created Permission View: can read on DAG:elt_pipeline
[2026-05-06T07:54:21.703+0000] {logging_mixin.py:188} INFO - [2026-05-06T07:54:21.703+0000] {override.py:1829} INFO - Created Permission View: can delete on DAG:elt_pipeline
[2026-05-06T07:54:21.711+0000] {logging_mixin.py:188} INFO - [2026-05-06T07:54:21.711+0000] {override.py:1829} INFO - Created Permission View: can edit on DAG:elt_pipeline
[2026-05-06T07:54:21.712+0000] {logging_mixin.py:188} INFO - [2026-05-06T07:54:21.712+0000] {dag.py:3096} INFO - Sync 1 DAGs
[2026-05-06T07:54:21.720+0000] {logging_mixin.py:188} INFO - [2026-05-06T07:54:21.720+0000] {dag.py:3118} INFO - Creating ORM DAG for elt_pipeline
[2026-05-06T07:54:21.728+0000] {logging_mixin.py:188} INFO - [2026-05-06T07:54:21.728+0000] {dag.py:3954} INFO - Setting next_dagrun for elt_pipeline to 2026-05-05 00:00:00+00:00, run_after=2026-05-06 00:00:00+00:00
[2026-05-06T07:54:21.750+0000] {processor.py:183} INFO - Processing /opt/airflow/dags/elt_pipeline.py took 0.443 seconds
[2026-05-06T07:54:51.938+0000] {processor.py:161} INFO - Started process (PID=187) to work on /opt/airflow/dags/elt_pipeline.py
[2026-05-06T07:54:51.939+0000] {processor.py:830} INFO - Processing file /opt/airflow/dags/elt_pipeline.py for tasks to queue
[2026-05-06T07:54:51.941+0000] {logging_mixin.py:188} INFO - [2026-05-06T07:54:51.940+0000] {dagbag.py:545} INFO - Filling up the DagBag from /opt/airflow/dags/elt_pipeline.py
[2026-05-06T07:54:51.962+0000] {processor.py:840} INFO - DAG(s) 'elt_pipeline' retrieved from /opt/airflow/dags/elt_pipeline.py
[2026-05-06T07:54:51.987+0000] {logging_mixin.py:188} INFO - [2026-05-06T07:54:51.987+0000] {dag.py:3096} INFO - Sync 1 DAGs
[2026-05-06T07:54:52.003+0000] {logging_mixin.py:188} INFO - [2026-05-06T07:54:52.003+0000] {dag.py:3954} INFO - Setting next_dagrun for elt_pipeline to 2026-05-05 00:00:00+00:00, run_after=2026-05-06 00:00:00+00:00
[2026-05-06T07:54:52.030+0000] {processor.py:183} INFO - Processing /opt/airflow/dags/elt_pipeline.py took 0.097 seconds
[2026-05-06T07:55:22.106+0000] {processor.py:161} INFO - Started process (PID=200) to work on /opt/airflow/dags/elt_pipeline.py
[2026-05-06T07:55:22.107+0000] {processor.py:830} INFO - Processing file /opt/airflow/dags/elt_pipeline.py for tasks to queue
[2026-05-06T07:55:22.109+0000] {logging_mixin.py:188} INFO - [2026-05-06T07:55:22.109+0000] {dagbag.py:545} INFO - Filling up the DagBag from /opt/airflow/dags/elt_pipeline.py
[2026-05-06T07:55:22.132+0000] {processor.py:840} INFO - DAG(s) 'elt_pipeline' retrieved from /opt/airflow/dags/elt_pipeline.py
[2026-05-06T07:55:22.165+0000] {logging_mixin.py:188} INFO - [2026-05-06T07:55:22.164+0000] {dag.py:3096} INFO - Sync 1 DAGs
[2026-05-06T07:55:22.185+0000] {logging_mixin.py:188} INFO - [2026-05-06T07:55:22.185+0000] {dag.py:3954} INFO - Setting next_dagrun for elt_pipeline to 2026-05-05 00:00:00+00:00, run_after=2026-05-06 00:00:00+00:00
[2026-05-06T07:55:22.211+0000] {processor.py:183} INFO - Processing /opt/airflow/dags/elt_pipeline.py took 0.113 seconds
[2026-05-06T07:55:52.389+0000] {processor.py:161} INFO - Started process (PID=212) to work on /opt/airflow/dags/elt_pipeline.py
[2026-05-06T07:55:52.390+0000] {processor.py:830} INFO - Processing file /opt/airflow/dags/elt_pipeline.py for tasks to queue
[2026-05-06T07:55:52.391+0000] {logging_mixin.py:188} INFO - [2026-05-06T07:55:52.391+0000] {dagbag.py:545} INFO - Filling up the DagBag from /opt/airflow/dags/elt_pipeline.py
[2026-05-06T07:55:52.412+0000] {processor.py:840} INFO - DAG(s) 'elt_pipeline' retrieved from /opt/airflow/dags/elt_pipeline.py
[2026-05-06T07:55:52.441+0000] {logging_mixin.py:188} INFO - [2026-05-06T07:55:52.440+0000] {dag.py:3096} INFO - Sync 1 DAGs
[2026-05-06T07:55:52.591+0000] {logging_mixin.py:188} INFO - [2026-05-06T07:55:52.591+0000] {dag.py:3954} INFO - Setting next_dagrun for elt_pipeline to 2026-05-05 00:00:00+00:00, run_after=2026-05-06 00:00:00+00:00
[2026-05-06T07:55:52.618+0000] {processor.py:183} INFO - Processing /opt/airflow/dags/elt_pipeline.py took 0.235 seconds
[2026-05-06T07:56:22.810+0000] {processor.py:161} INFO - Started process (PID=224) to work on /opt/airflow/dags/elt_pipeline.py
[2026-05-06T07:56:22.811+0000] {processor.py:830} INFO - Processing file /opt/airflow/dags/elt_pipeline.py for tasks to queue
[2026-05-06T07:56:22.813+0000] {logging_mixin.py:188} INFO - [2026-05-06T07:56:22.812+0000] {dagbag.py:545} INFO - Filling up the DagBag from /opt/airflow/dags/elt_pipeline.py
[2026-05-06T07:56:22.832+0000] {processor.py:840} INFO - DAG(s) 'elt_pipeline' retrieved from /opt/airflow/dags/elt_pipeline.py
[2026-05-06T07:56:22.974+0000] {logging_mixin.py:188} INFO - [2026-05-06T07:56:22.974+0000] {dag.py:3096} INFO - Sync 1 DAGs
[2026-05-06T07:56:22.990+0000] {logging_mixin.py:188} INFO - [2026-05-06T07:56:22.990+0000] {dag.py:3954} INFO - Setting next_dagrun for elt_pipeline to 2026-05-05 00:00:00+00:00, run_after=2026-05-06 00:00:00+00:00
[2026-05-06T07:56:23.017+0000] {processor.py:183} INFO - Processing /opt/airflow/dags/elt_pipeline.py took 0.211 seconds
[2026-05-06T07:56:53.207+0000] {processor.py:161} INFO - Started process (PID=236) to work on /opt/airflow/dags/elt_pipeline.py
[2026-05-06T07:56:53.208+0000] {processor.py:830} INFO - Processing file /opt/airflow/dags/elt_pipeline.py for tasks to queue
[2026-05-06T07:56:53.210+0000] {logging_mixin.py:188} INFO - [2026-05-06T07:56:53.210+0000] {dagbag.py:545} INFO - Filling up the DagBag from /opt/airflow/dags/elt_pipeline.py
[2026-05-06T07:56:53.362+0000] {processor.py:840} INFO - DAG(s) 'elt_pipeline' retrieved from /opt/airflow/dags/elt_pipeline.py
[2026-05-06T07:56:53.388+0000] {logging_mixin.py:188} INFO - [2026-05-06T07:56:53.387+0000] {dag.py:3096} INFO - Sync 1 DAGs
[2026-05-06T07:56:53.402+0000] {logging_mixin.py:188} INFO - [2026-05-06T07:56:53.402+0000] {dag.py:3954} INFO - Setting next_dagrun for elt_pipeline to 2026-05-05 00:00:00+00:00, run_after=2026-05-06 00:00:00+00:00
[2026-05-06T07:56:53.417+0000] {processor.py:183} INFO - Processing /opt/airflow/dags/elt_pipeline.py took 0.218 seconds
[2026-05-06T07:57:23.732+0000] {processor.py:161} INFO - Started process (PID=248) to work on /opt/airflow/dags/elt_pipeline.py
[2026-05-06T07:57:23.733+0000] {processor.py:830} INFO - Processing file /opt/airflow/dags/elt_pipeline.py for tasks to queue
[2026-05-06T07:57:23.735+0000] {logging_mixin.py:188} INFO - [2026-05-06T07:57:23.735+0000] {dagbag.py:545} INFO - Filling up the DagBag from /opt/airflow/dags/elt_pipeline.py
[2026-05-06T07:57:23.759+0000] {processor.py:840} INFO - DAG(s) 'elt_pipeline' retrieved from /opt/airflow/dags/elt_pipeline.py
[2026-05-06T07:57:23.790+0000] {logging_mixin.py:188} INFO - [2026-05-06T07:57:23.789+0000] {dag.py:3096} INFO - Sync 1 DAGs
[2026-05-06T07:57:23.809+0000] {logging_mixin.py:188} INFO - [2026-05-06T07:57:23.808+0000] {dag.py:3954} INFO - Setting next_dagrun for elt_pipeline to 2026-05-05 00:00:00+00:00, run_after=2026-05-06 00:00:00+00:00
[2026-05-06T07:57:23.837+0000] {processor.py:183} INFO - Processing /opt/airflow/dags/elt_pipeline.py took 0.112 seconds
[2026-05-06T07:57:53.916+0000] {processor.py:161} INFO - Started process (PID=261) to work on /opt/airflow/dags/elt_pipeline.py
[2026-05-06T07:57:53.917+0000] {processor.py:830} INFO - Processing file /opt/airflow/dags/elt_pipeline.py for tasks to queue
[2026-05-06T07:57:53.919+0000] {logging_mixin.py:188} INFO - [2026-05-06T07:57:53.919+0000] {dagbag.py:545} INFO - Filling up the DagBag from /opt/airflow/dags/elt_pipeline.py
[2026-05-06T07:57:53.943+0000] {processor.py:840} INFO - DAG(s) 'elt_pipeline' retrieved from /opt/airflow/dags/elt_pipeline.py
[2026-05-06T07:57:53.970+0000] {logging_mixin.py:188} INFO - [2026-05-06T07:57:53.970+0000] {dag.py:3096} INFO - Sync 1 DAGs
[2026-05-06T07:57:53.995+0000] {logging_mixin.py:188} INFO - [2026-05-06T07:57:53.995+0000] {dag.py:3954} INFO - Setting next_dagrun for elt_pipeline to 2026-05-05 00:00:00+00:00, run_after=2026-05-06 00:00:00+00:00
[2026-05-06T07:57:54.016+0000] {processor.py:183} INFO - Processing /opt/airflow/dags/elt_pipeline.py took 0.105 seconds
[2026-05-06T07:59:43.378+0000] {processor.py:161} INFO - Started process (PID=175) to work on /opt/airflow/dags/elt_pipeline.py
[2026-05-06T07:59:43.379+0000] {processor.py:830} INFO - Processing file /opt/airflow/dags/elt_pipeline.py for tasks to queue
[2026-05-06T07:59:43.382+0000] {logging_mixin.py:188} INFO - [2026-05-06T07:59:43.381+0000] {dagbag.py:545} INFO - Filling up the DagBag from /opt/airflow/dags/elt_pipeline.py
[2026-05-06T07:59:43.403+0000] {processor.py:840} INFO - DAG(s) 'elt_pipeline' retrieved from /opt/airflow/dags/elt_pipeline.py
[2026-05-06T07:59:43.431+0000] {logging_mixin.py:188} INFO - [2026-05-06T07:59:43.430+0000] {dag.py:3096} INFO - Sync 1 DAGs
[2026-05-06T07:59:43.453+0000] {logging_mixin.py:188} INFO - [2026-05-06T07:59:43.453+0000] {dag.py:3954} INFO - Setting next_dagrun for elt_pipeline to 2026-05-05 00:00:00+00:00, run_after=2026-05-06 00:00:00+00:00
[2026-05-06T07:59:43.482+0000] {processor.py:183} INFO - Processing /opt/airflow/dags/elt_pipeline.py took 0.110 seconds
[2026-05-06T08:00:13.593+0000] {processor.py:161} INFO - Started process (PID=180) to work on /opt/airflow/dags/elt_pipeline.py
[2026-05-06T08:00:13.594+0000] {processor.py:830} INFO - Processing file /opt/airflow/dags/elt_pipeline.py for tasks to queue
[2026-05-06T08:00:13.596+0000] {logging_mixin.py:188} INFO - [2026-05-06T08:00:13.596+0000] {dagbag.py:545} INFO - Filling up the DagBag from /opt/airflow/dags/elt_pipeline.py
[2026-05-06T08:00:13.616+0000] {processor.py:840} INFO - DAG(s) 'elt_pipeline' retrieved from /opt/airflow/dags/elt_pipeline.py
[2026-05-06T08:00:13.831+0000] {logging_mixin.py:188} INFO - [2026-05-06T08:00:13.831+0000] {dag.py:3096} INFO - Sync 1 DAGs
[2026-05-06T08:00:13.844+0000] {logging_mixin.py:188} INFO - [2026-05-06T08:00:13.844+0000] {dag.py:3954} INFO - Setting next_dagrun for elt_pipeline to 2026-05-05 00:00:00+00:00, run_after=2026-05-06 00:00:00+00:00
[2026-05-06T08:00:13.868+0000] {processor.py:183} INFO - Processing /opt/airflow/dags/elt_pipeline.py took 0.280 seconds
[2026-05-06T08:00:44.054+0000] {processor.py:161} INFO - Started process (PID=193) to work on /opt/airflow/dags/elt_pipeline.py
[2026-05-06T08:00:44.056+0000] {processor.py:830} INFO - Processing file /opt/airflow/dags/elt_pipeline.py for tasks to queue
[2026-05-06T08:00:44.058+0000] {logging_mixin.py:188} INFO - [2026-05-06T08:00:44.058+0000] {dagbag.py:545} INFO - Filling up the DagBag from /opt/airflow/dags/elt_pipeline.py
[2026-05-06T08:00:44.080+0000] {processor.py:840} INFO - DAG(s) 'elt_pipeline' retrieved from /opt/airflow/dags/elt_pipeline.py
[2026-05-06T08:00:44.112+0000] {logging_mixin.py:188} INFO - [2026-05-06T08:00:44.112+0000] {dag.py:3096} INFO - Sync 1 DAGs
[2026-05-06T08:00:44.131+0000] {logging_mixin.py:188} INFO - [2026-05-06T08:00:44.131+0000] {dag.py:3954} INFO - Setting next_dagrun for elt_pipeline to 2026-05-05 00:00:00+00:00, run_after=2026-05-06 00:00:00+00:00
[2026-05-06T08:00:44.156+0000] {processor.py:183} INFO - Processing /opt/airflow/dags/elt_pipeline.py took 0.107 seconds
[2026-05-06T08:01:14.246+0000] {processor.py:161} INFO - Started process (PID=205) to work on /opt/airflow/dags/elt_pipeline.py
[2026-05-06T08:01:14.247+0000] {processor.py:830} INFO - Processing file /opt/airflow/dags/elt_pipeline.py for tasks to queue
[2026-05-06T08:01:14.249+0000] {logging_mixin.py:188} INFO - [2026-05-06T08:01:14.249+0000] {dagbag.py:545} INFO - Filling up the DagBag from /opt/airflow/dags/elt_pipeline.py
[2026-05-06T08:01:14.269+0000] {processor.py:840} INFO - DAG(s) 'elt_pipeline' retrieved from /opt/airflow/dags/elt_pipeline.py
[2026-05-06T08:01:14.298+0000] {logging_mixin.py:188} INFO - [2026-05-06T08:01:14.298+0000] {dag.py:3096} INFO - Sync 1 DAGs
[2026-05-06T08:01:14.318+0000] {logging_mixin.py:188} INFO - [2026-05-06T08:01:14.318+0000] {dag.py:3954} INFO - Setting next_dagrun for elt_pipeline to 2026-05-05 00:00:00+00:00, run_after=2026-05-06 00:00:00+00:00
[2026-05-06T08:01:14.345+0000] {processor.py:183} INFO - Processing /opt/airflow/dags/elt_pipeline.py took 0.106 seconds
[2026-05-06T08:01:44.543+0000] {processor.py:161} INFO - Started process (PID=217) to work on /opt/airflow/dags/elt_pipeline.py
[2026-05-06T08:01:44.544+0000] {processor.py:830} INFO - Processing file /opt/airflow/dags/elt_pipeline.py for tasks to queue
[2026-05-06T08:01:44.547+0000] {logging_mixin.py:188} INFO - [2026-05-06T08:01:44.546+0000] {dagbag.py:545} INFO - Filling up the DagBag from /opt/airflow/dags/elt_pipeline.py
[2026-05-06T08:01:44.583+0000] {processor.py:840} INFO - DAG(s) 'elt_pipeline' retrieved from /opt/airflow/dags/elt_pipeline.py
[2026-05-06T08:01:44.613+0000] {logging_mixin.py:188} INFO - [2026-05-06T08:01:44.613+0000] {dag.py:3096} INFO - Sync 1 DAGs
[2026-05-06T08:01:44.632+0000] {logging_mixin.py:188} INFO - [2026-05-06T08:01:44.632+0000] {dag.py:3954} INFO - Setting next_dagrun for elt_pipeline to 2026-05-05 00:00:00+00:00, run_after=2026-05-06 00:00:00+00:00
[2026-05-06T08:01:44.796+0000] {processor.py:183} INFO - Processing /opt/airflow/dags/elt_pipeline.py took 0.261 seconds
[2026-05-06T08:02:14.988+0000] {processor.py:161} INFO - Started process (PID=229) to work on /opt/airflow/dags/elt_pipeline.py
[2026-05-06T08:02:14.989+0000] {processor.py:830} INFO - Processing file /opt/airflow/dags/elt_pipeline.py for tasks to queue
[2026-05-06T08:02:14.990+0000] {logging_mixin.py:188} INFO - [2026-05-06T08:02:14.990+0000] {dagbag.py:545} INFO - Filling up the DagBag from /opt/airflow/dags/elt_pipeline.py
[2026-05-06T08:02:15.013+0000] {processor.py:840} INFO - DAG(s) 'elt_pipeline' retrieved from /opt/airflow/dags/elt_pipeline.py
[2026-05-06T08:02:15.038+0000] {logging_mixin.py:188} INFO - [2026-05-06T08:02:15.038+0000] {dag.py:3096} INFO - Sync 1 DAGs
[2026-05-06T08:02:15.155+0000] {logging_mixin.py:188} INFO - [2026-05-06T08:02:15.155+0000] {dag.py:3954} INFO - Setting next_dagrun for elt_pipeline to 2026-05-05 00:00:00+00:00, run_after=2026-05-06 00:00:00+00:00
[2026-05-06T08:02:15.181+0000] {processor.py:183} INFO - Processing /opt/airflow/dags/elt_pipeline.py took 0.199 seconds
[2026-05-06T08:02:45.372+0000] {processor.py:161} INFO - Started process (PID=241) to work on /opt/airflow/dags/elt_pipeline.py
[2026-05-06T08:02:45.373+0000] {processor.py:830} INFO - Processing file /opt/airflow/dags/elt_pipeline.py for tasks to queue
[2026-05-06T08:02:45.375+0000] {logging_mixin.py:188} INFO - [2026-05-06T08:02:45.375+0000] {dagbag.py:545} INFO - Filling up the DagBag from /opt/airflow/dags/elt_pipeline.py
[2026-05-06T08:02:45.399+0000] {processor.py:840} INFO - DAG(s) 'elt_pipeline' retrieved from /opt/airflow/dags/elt_pipeline.py
[2026-05-06T08:02:45.564+0000] {logging_mixin.py:188} INFO - [2026-05-06T08:02:45.564+0000] {dag.py:3096} INFO - Sync 1 DAGs
[2026-05-06T08:02:45.580+0000] {logging_mixin.py:188} INFO - [2026-05-06T08:02:45.580+0000] {dag.py:3954} INFO - Setting next_dagrun for elt_pipeline to 2026-05-05 00:00:00+00:00, run_after=2026-05-06 00:00:00+00:00
[2026-05-06T08:02:45.604+0000] {processor.py:183} INFO - Processing /opt/airflow/dags/elt_pipeline.py took 0.239 seconds
[2026-05-06T08:03:15.919+0000] {processor.py:161} INFO - Started process (PID=253) to work on /opt/airflow/dags/elt_pipeline.py
[2026-05-06T08:03:15.920+0000] {processor.py:830} INFO - Processing file /opt/airflow/dags/elt_pipeline.py for tasks to queue
[2026-05-06T08:03:15.922+0000] {logging_mixin.py:188} INFO - [2026-05-06T08:03:15.921+0000] {dagbag.py:545} INFO - Filling up the DagBag from /opt/airflow/dags/elt_pipeline.py
[2026-05-06T08:03:15.942+0000] {processor.py:840} INFO - DAG(s) 'elt_pipeline' retrieved from /opt/airflow/dags/elt_pipeline.py
[2026-05-06T08:03:15.970+0000] {logging_mixin.py:188} INFO - [2026-05-06T08:03:15.970+0000] {dag.py:3096} INFO - Sync 1 DAGs
[2026-05-06T08:03:15.988+0000] {logging_mixin.py:188} INFO - [2026-05-06T08:03:15.988+0000] {dag.py:3954} INFO - Setting next_dagrun for elt_pipeline to 2026-05-05 00:00:00+00:00, run_after=2026-05-06 00:00:00+00:00
[2026-05-06T08:03:16.016+0000] {processor.py:183} INFO - Processing /opt/airflow/dags/elt_pipeline.py took 0.103 seconds
[2026-05-06T08:03:46.105+0000] {processor.py:161} INFO - Started process (PID=265) to work on /opt/airflow/dags/elt_pipeline.py
[2026-05-06T08:03:46.107+0000] {processor.py:830} INFO - Processing file /opt/airflow/dags/elt_pipeline.py for tasks to queue
[2026-05-06T08:03:46.109+0000] {logging_mixin.py:188} INFO - [2026-05-06T08:03:46.109+0000] {dagbag.py:545} INFO - Filling up the DagBag from /opt/airflow/dags/elt_pipeline.py
[2026-05-06T08:03:46.138+0000] {processor.py:840} INFO - DAG(s) 'elt_pipeline' retrieved from /opt/airflow/dags/elt_pipeline.py
[2026-05-06T08:03:46.175+0000] {logging_mixin.py:188} INFO - [2026-05-06T08:03:46.175+0000] {dag.py:3096} INFO - Sync 1 DAGs
[2026-05-06T08:03:46.197+0000] {logging_mixin.py:188} INFO - [2026-05-06T08:03:46.197+0000] {dag.py:3954} INFO - Setting next_dagrun for elt_pipeline to 2026-05-05 00:00:00+00:00, run_after=2026-05-06 00:00:00+00:00
[2026-05-06T08:03:46.226+0000] {processor.py:183} INFO - Processing /opt/airflow/dags/elt_pipeline.py took 0.128 seconds
[2026-05-06T08:04:16.382+0000] {processor.py:161} INFO - Started process (PID=277) to work on /opt/airflow/dags/elt_pipeline.py
[2026-05-06T08:04:16.383+0000] {processor.py:830} INFO - Processing file /opt/airflow/dags/elt_pipeline.py for tasks to queue
[2026-05-06T08:04:16.384+0000] {logging_mixin.py:188} INFO - [2026-05-06T08:04:16.384+0000] {dagbag.py:545} INFO - Filling up the DagBag from /opt/airflow/dags/elt_pipeline.py
[2026-05-06T08:04:16.404+0000] {processor.py:840} INFO - DAG(s) 'elt_pipeline' retrieved from /opt/airflow/dags/elt_pipeline.py
[2026-05-06T08:04:16.430+0000] {logging_mixin.py:188} INFO - [2026-05-06T08:04:16.430+0000] {dag.py:3096} INFO - Sync 1 DAGs
[2026-05-06T08:04:16.450+0000] {logging_mixin.py:188} INFO - [2026-05-06T08:04:16.449+0000] {dag.py:3954} INFO - Setting next_dagrun for elt_pipeline to 2026-05-05 00:00:00+00:00, run_after=2026-05-06 00:00:00+00:00
[2026-05-06T08:04:16.473+0000] {processor.py:183} INFO - Processing /opt/airflow/dags/elt_pipeline.py took 0.096 seconds
[2026-05-06T08:04:46.609+0000] {processor.py:161} INFO - Started process (PID=289) to work on /opt/airflow/dags/elt_pipeline.py
[2026-05-06T08:04:46.610+0000] {processor.py:830} INFO - Processing file /opt/airflow/dags/elt_pipeline.py for tasks to queue
[2026-05-06T08:04:46.612+0000] {logging_mixin.py:188} INFO - [2026-05-06T08:04:46.612+0000] {dagbag.py:545} INFO - Filling up the DagBag from /opt/airflow/dags/elt_pipeline.py
[2026-05-06T08:04:46.635+0000] {processor.py:840} INFO - DAG(s) 'elt_pipeline' retrieved from /opt/airflow/dags/elt_pipeline.py
[2026-05-06T08:04:46.659+0000] {logging_mixin.py:188} INFO - [2026-05-06T08:04:46.658+0000] {dag.py:3096} INFO - Sync 1 DAGs
[2026-05-06T08:04:46.675+0000] {logging_mixin.py:188} INFO - [2026-05-06T08:04:46.675+0000] {dag.py:3954} INFO - Setting next_dagrun for elt_pipeline to 2026-05-05 00:00:00+00:00, run_after=2026-05-06 00:00:00+00:00
[2026-05-06T08:04:46.691+0000] {processor.py:183} INFO - Processing /opt/airflow/dags/elt_pipeline.py took 0.091 seconds
[2026-05-06T08:05:16.828+0000] {processor.py:161} INFO - Started process (PID=301) to work on /opt/airflow/dags/elt_pipeline.py
[2026-05-06T08:05:16.829+0000] {processor.py:830} INFO - Processing file /opt/airflow/dags/elt_pipeline.py for tasks to queue
[2026-05-06T08:05:16.831+0000] {logging_mixin.py:188} INFO - [2026-05-06T08:05:16.831+0000] {dagbag.py:545} INFO - Filling up the DagBag from /opt/airflow/dags/elt_pipeline.py
[2026-05-06T08:05:16.851+0000] {processor.py:840} INFO - DAG(s) 'elt_pipeline' retrieved from /opt/airflow/dags/elt_pipeline.py
[2026-05-06T08:05:16.880+0000] {logging_mixin.py:188} INFO - [2026-05-06T08:05:16.880+0000] {dag.py:3096} INFO - Sync 1 DAGs
[2026-05-06T08:05:16.901+0000] {logging_mixin.py:188} INFO - [2026-05-06T08:05:16.901+0000] {dag.py:3954} INFO - Setting next_dagrun for elt_pipeline to 2026-05-05 00:00:00+00:00, run_after=2026-05-06 00:00:00+00:00
[2026-05-06T08:05:16.927+0000] {processor.py:183} INFO - Processing /opt/airflow/dags/elt_pipeline.py took 0.105 seconds
[2026-05-06T08:05:47.054+0000] {processor.py:161} INFO - Started process (PID=313) to work on /opt/airflow/dags/elt_pipeline.py
[2026-05-06T08:05:47.055+0000] {processor.py:830} INFO - Processing file /opt/airflow/dags/elt_pipeline.py for tasks to queue
[2026-05-06T08:05:47.057+0000] {logging_mixin.py:188} INFO - [2026-05-06T08:05:47.057+0000] {dagbag.py:545} INFO - Filling up the DagBag from /opt/airflow/dags/elt_pipeline.py
[2026-05-06T08:05:47.082+0000] {processor.py:840} INFO - DAG(s) 'elt_pipeline' retrieved from /opt/airflow/dags/elt_pipeline.py
[2026-05-06T08:05:47.115+0000] {logging_mixin.py:188} INFO - [2026-05-06T08:05:47.115+0000] {dag.py:3096} INFO - Sync 1 DAGs
[2026-05-06T08:05:47.136+0000] {logging_mixin.py:188} INFO - [2026-05-06T08:05:47.136+0000] {dag.py:3954} INFO - Setting next_dagrun for elt_pipeline to 2026-05-05 00:00:00+00:00, run_after=2026-05-06 00:00:00+00:00
[2026-05-06T08:05:47.166+0000] {processor.py:183} INFO - Processing /opt/airflow/dags/elt_pipeline.py took 0.118 seconds
[2026-05-06T08:06:17.329+0000] {processor.py:161} INFO - Started process (PID=325) to work on /opt/airflow/dags/elt_pipeline.py
[2026-05-06T08:06:17.330+0000] {processor.py:830} INFO - Processing file /opt/airflow/dags/elt_pipeline.py for tasks to queue
[2026-05-06T08:06:17.331+0000] {logging_mixin.py:188} INFO - [2026-05-06T08:06:17.331+0000] {dagbag.py:545} INFO - Filling up the DagBag from /opt/airflow/dags/elt_pipeline.py
[2026-05-06T08:06:17.349+0000] {processor.py:840} INFO - DAG(s) 'elt_pipeline' retrieved from /opt/airflow/dags/elt_pipeline.py
[2026-05-06T08:06:17.373+0000] {logging_mixin.py:188} INFO - [2026-05-06T08:06:17.373+0000] {dag.py:3096} INFO - Sync 1 DAGs
[2026-05-06T08:06:17.393+0000] {logging_mixin.py:188} INFO - [2026-05-06T08:06:17.392+0000] {dag.py:3954} INFO - Setting next_dagrun for elt_pipeline to 2026-05-05 00:00:00+00:00, run_after=2026-05-06 00:00:00+00:00
[2026-05-06T08:06:17.411+0000] {processor.py:183} INFO - Processing /opt/airflow/dags/elt_pipeline.py took 0.087 seconds
[2026-05-06T08:06:47.533+0000] {processor.py:161} INFO - Started process (PID=337) to work on /opt/airflow/dags/elt_pipeline.py
[2026-05-06T08:06:47.534+0000] {processor.py:830} INFO - Processing file /opt/airflow/dags/elt_pipeline.py for tasks to queue
[2026-05-06T08:06:47.536+0000] {logging_mixin.py:188} INFO - [2026-05-06T08:06:47.536+0000] {dagbag.py:545} INFO - Filling up the DagBag from /opt/airflow/dags/elt_pipeline.py
[2026-05-06T08:06:47.563+0000] {processor.py:840} INFO - DAG(s) 'elt_pipeline' retrieved from /opt/airflow/dags/elt_pipeline.py
[2026-05-06T08:06:47.601+0000] {logging_mixin.py:188} INFO - [2026-05-06T08:06:47.601+0000] {dag.py:3096} INFO - Sync 1 DAGs
[2026-05-06T08:06:47.624+0000] {logging_mixin.py:188} INFO - [2026-05-06T08:06:47.623+0000] {dag.py:3954} INFO - Setting next_dagrun for elt_pipeline to 2026-05-05 00:00:00+00:00, run_after=2026-05-06 00:00:00+00:00
[2026-05-06T08:06:47.655+0000] {processor.py:183} INFO - Processing /opt/airflow/dags/elt_pipeline.py took 0.129 seconds
[2026-05-06T08:07:17.776+0000] {processor.py:161} INFO - Started process (PID=349) to work on /opt/airflow/dags/elt_pipeline.py
[2026-05-06T08:07:17.777+0000] {processor.py:830} INFO - Processing file /opt/airflow/dags/elt_pipeline.py for tasks to queue
[2026-05-06T08:07:17.779+0000] {logging_mixin.py:188} INFO - [2026-05-06T08:07:17.779+0000] {dagbag.py:545} INFO - Filling up the DagBag from /opt/airflow/dags/elt_pipeline.py
[2026-05-06T08:07:17.799+0000] {processor.py:840} INFO - DAG(s) 'elt_pipeline' retrieved from /opt/airflow/dags/elt_pipeline.py
[2026-05-06T08:07:17.827+0000] {logging_mixin.py:188} INFO - [2026-05-06T08:07:17.827+0000] {dag.py:3096} INFO - Sync 1 DAGs
[2026-05-06T08:07:17.846+0000] {logging_mixin.py:188} INFO - [2026-05-06T08:07:17.846+0000] {dag.py:3954} INFO - Setting next_dagrun for elt_pipeline to 2026-05-05 00:00:00+00:00, run_after=2026-05-06 00:00:00+00:00
[2026-05-06T08:07:17.869+0000] {processor.py:183} INFO - Processing /opt/airflow/dags/elt_pipeline.py took 0.098 seconds
[2026-05-06T08:07:48.004+0000] {processor.py:161} INFO - Started process (PID=361) to work on /opt/airflow/dags/elt_pipeline.py
[2026-05-06T08:07:48.005+0000] {processor.py:830} INFO - Processing file /opt/airflow/dags/elt_pipeline.py for tasks to queue
[2026-05-06T08:07:48.007+0000] {logging_mixin.py:188} INFO - [2026-05-06T08:07:48.006+0000] {dagbag.py:545} INFO - Filling up the DagBag from /opt/airflow/dags/elt_pipeline.py
[2026-05-06T08:07:48.027+0000] {processor.py:840} INFO - DAG(s) 'elt_pipeline' retrieved from /opt/airflow/dags/elt_pipeline.py
[2026-05-06T08:07:48.052+0000] {logging_mixin.py:188} INFO - [2026-05-06T08:07:48.052+0000] {dag.py:3096} INFO - Sync 1 DAGs
[2026-05-06T08:07:48.069+0000] {logging_mixin.py:188} INFO - [2026-05-06T08:07:48.069+0000] {dag.py:3954} INFO - Setting next_dagrun for elt_pipeline to 2026-05-05 00:00:00+00:00, run_after=2026-05-06 00:00:00+00:00
[2026-05-06T08:07:48.088+0000] {processor.py:183} INFO - Processing /opt/airflow/dags/elt_pipeline.py took 0.091 seconds
[2026-05-06T08:08:18.234+0000] {processor.py:161} INFO - Started process (PID=373) to work on /opt/airflow/dags/elt_pipeline.py
[2026-05-06T08:08:18.235+0000] {processor.py:830} INFO - Processing file /opt/airflow/dags/elt_pipeline.py for tasks to queue
[2026-05-06T08:08:18.236+0000] {logging_mixin.py:188} INFO - [2026-05-06T08:08:18.236+0000] {dagbag.py:545} INFO - Filling up the DagBag from /opt/airflow/dags/elt_pipeline.py
[2026-05-06T08:08:18.259+0000] {processor.py:840} INFO - DAG(s) 'elt_pipeline' retrieved from /opt/airflow/dags/elt_pipeline.py
[2026-05-06T08:08:18.291+0000] {logging_mixin.py:188} INFO - [2026-05-06T08:08:18.290+0000] {dag.py:3096} INFO - Sync 1 DAGs
[2026-05-06T08:08:18.313+0000] {logging_mixin.py:188} INFO - [2026-05-06T08:08:18.313+0000] {dag.py:3954} INFO - Setting next_dagrun for elt_pipeline to 2026-05-05 00:00:00+00:00, run_after=2026-05-06 00:00:00+00:00
[2026-05-06T08:08:18.337+0000] {processor.py:183} INFO - Processing /opt/airflow/dags/elt_pipeline.py took 0.112 seconds
[2026-05-06T08:08:48.446+0000] {processor.py:161} INFO - Started process (PID=378) to work on /opt/airflow/dags/elt_pipeline.py
[2026-05-06T08:08:48.447+0000] {processor.py:830} INFO - Processing file /opt/airflow/dags/elt_pipeline.py for tasks to queue
[2026-05-06T08:08:48.450+0000] {logging_mixin.py:188} INFO - [2026-05-06T08:08:48.450+0000] {dagbag.py:545} INFO - Filling up the DagBag from /opt/airflow/dags/elt_pipeline.py
[2026-05-06T08:08:48.478+0000] {processor.py:840} INFO - DAG(s) 'elt_pipeline' retrieved from /opt/airflow/dags/elt_pipeline.py
[2026-05-06T08:08:48.520+0000] {logging_mixin.py:188} INFO - [2026-05-06T08:08:48.520+0000] {dag.py:3096} INFO - Sync 1 DAGs
[2026-05-06T08:08:48.546+0000] {logging_mixin.py:188} INFO - [2026-05-06T08:08:48.546+0000] {dag.py:3954} INFO - Setting next_dagrun for elt_pipeline to 2026-05-05 00:00:00+00:00, run_after=2026-05-06 00:00:00+00:00
[2026-05-06T08:08:48.572+0000] {processor.py:183} INFO - Processing /opt/airflow/dags/elt_pipeline.py took 0.133 seconds
[2026-05-06T08:09:18.695+0000] {processor.py:161} INFO - Started process (PID=390) to work on /opt/airflow/dags/elt_pipeline.py
[2026-05-06T08:09:18.697+0000] {processor.py:830} INFO - Processing file /opt/airflow/dags/elt_pipeline.py for tasks to queue
[2026-05-06T08:09:18.699+0000] {logging_mixin.py:188} INFO - [2026-05-06T08:09:18.698+0000] {dagbag.py:545} INFO - Filling up the DagBag from /opt/airflow/dags/elt_pipeline.py
[2026-05-06T08:09:18.721+0000] {processor.py:840} INFO - DAG(s) 'elt_pipeline' retrieved from /opt/airflow/dags/elt_pipeline.py
[2026-05-06T08:09:18.751+0000] {logging_mixin.py:188} INFO - [2026-05-06T08:09:18.751+0000] {dag.py:3096} INFO - Sync 1 DAGs
[2026-05-06T08:09:18.772+0000] {logging_mixin.py:188} INFO - [2026-05-06T08:09:18.772+0000] {dag.py:3954} INFO - Setting next_dagrun for elt_pipeline to 2026-05-05 00:00:00+00:00, run_after=2026-05-06 00:00:00+00:00
[2026-05-06T08:09:18.801+0000] {processor.py:183} INFO - Processing /opt/airflow/dags/elt_pipeline.py took 0.113 seconds
[2026-05-06T08:09:48.969+0000] {processor.py:161} INFO - Started process (PID=402) to work on /opt/airflow/dags/elt_pipeline.py
[2026-05-06T08:09:48.970+0000] {processor.py:830} INFO - Processing file /opt/airflow/dags/elt_pipeline.py for tasks to queue
[2026-05-06T08:09:48.971+0000] {logging_mixin.py:188} INFO - [2026-05-06T08:09:48.971+0000] {dagbag.py:545} INFO - Filling up the DagBag from /opt/airflow/dags/elt_pipeline.py
[2026-05-06T08:09:48.988+0000] {processor.py:840} INFO - DAG(s) 'elt_pipeline' retrieved from /opt/airflow/dags/elt_pipeline.py
[2026-05-06T08:09:49.018+0000] {logging_mixin.py:188} INFO - [2026-05-06T08:09:49.018+0000] {dag.py:3096} INFO - Sync 1 DAGs
[2026-05-06T08:09:49.037+0000] {logging_mixin.py:188} INFO - [2026-05-06T08:09:49.037+0000] {dag.py:3954} INFO - Setting next_dagrun for elt_pipeline to 2026-05-05 00:00:00+00:00, run_after=2026-05-06 00:00:00+00:00
[2026-05-06T08:09:49.067+0000] {processor.py:183} INFO - Processing /opt/airflow/dags/elt_pipeline.py took 0.103 seconds
[2026-05-06T08:10:19.165+0000] {processor.py:161} INFO - Started process (PID=414) to work on /opt/airflow/dags/elt_pipeline.py
[2026-05-06T08:10:19.166+0000] {processor.py:830} INFO - Processing file /opt/airflow/dags/elt_pipeline.py for tasks to queue
[2026-05-06T08:10:19.168+0000] {logging_mixin.py:188} INFO - [2026-05-06T08:10:19.167+0000] {dagbag.py:545} INFO - Filling up the DagBag from /opt/airflow/dags/elt_pipeline.py
[2026-05-06T08:10:19.185+0000] {processor.py:840} INFO - DAG(s) 'elt_pipeline' retrieved from /opt/airflow/dags/elt_pipeline.py
[2026-05-06T08:10:19.210+0000] {logging_mixin.py:188} INFO - [2026-05-06T08:10:19.210+0000] {dag.py:3096} INFO - Sync 1 DAGs
[2026-05-06T08:10:19.229+0000] {logging_mixin.py:188} INFO - [2026-05-06T08:10:19.229+0000] {dag.py:3954} INFO - Setting next_dagrun for elt_pipeline to 2026-05-05 00:00:00+00:00, run_after=2026-05-06 00:00:00+00:00
[2026-05-06T08:10:19.256+0000] {processor.py:183} INFO - Processing /opt/airflow/dags/elt_pipeline.py took 0.095 seconds
[2026-05-06T08:10:49.434+0000] {processor.py:161} INFO - Started process (PID=426) to work on /opt/airflow/dags/elt_pipeline.py
[2026-05-06T08:10:49.435+0000] {processor.py:830} INFO - Processing file /opt/airflow/dags/elt_pipeline.py for tasks to queue
[2026-05-06T08:10:49.437+0000] {logging_mixin.py:188} INFO - [2026-05-06T08:10:49.437+0000] {dagbag.py:545} INFO - Filling up the DagBag from /opt/airflow/dags/elt_pipeline.py
[2026-05-06T08:10:49.458+0000] {processor.py:840} INFO - DAG(s) 'elt_pipeline' retrieved from /opt/airflow/dags/elt_pipeline.py
[2026-05-06T08:10:49.487+0000] {logging_mixin.py:188} INFO - [2026-05-06T08:10:49.487+0000] {dag.py:3096} INFO - Sync 1 DAGs
[2026-05-06T08:10:49.506+0000] {logging_mixin.py:188} INFO - [2026-05-06T08:10:49.506+0000] {dag.py:3954} INFO - Setting next_dagrun for elt_pipeline to 2026-05-05 00:00:00+00:00, run_after=2026-05-06 00:00:00+00:00
[2026-05-06T08:10:49.528+0000] {processor.py:183} INFO - Processing /opt/airflow/dags/elt_pipeline.py took 0.099 seconds
[2026-05-06T08:11:19.628+0000] {processor.py:161} INFO - Started process (PID=438) to work on /opt/airflow/dags/elt_pipeline.py
[2026-05-06T08:11:19.629+0000] {processor.py:830} INFO - Processing file /opt/airflow/dags/elt_pipeline.py for tasks to queue
[2026-05-06T08:11:19.631+0000] {logging_mixin.py:188} INFO - [2026-05-06T08:11:19.630+0000] {dagbag.py:545} INFO - Filling up the DagBag from /opt/airflow/dags/elt_pipeline.py
[2026-05-06T08:11:19.655+0000] {processor.py:840} INFO - DAG(s) 'elt_pipeline' retrieved from /opt/airflow/dags/elt_pipeline.py
[2026-05-06T08:11:19.686+0000] {logging_mixin.py:188} INFO - [2026-05-06T08:11:19.686+0000] {dag.py:3096} INFO - Sync 1 DAGs
[2026-05-06T08:11:19.704+0000] {logging_mixin.py:188} INFO - [2026-05-06T08:11:19.704+0000] {dag.py:3954} INFO - Setting next_dagrun for elt_pipeline to 2026-05-05 00:00:00+00:00, run_after=2026-05-06 00:00:00+00:00
[2026-05-06T08:11:19.726+0000] {processor.py:183} INFO - Processing /opt/airflow/dags/elt_pipeline.py took 0.105 seconds
[2026-05-06T08:12:14.273+0000] {processor.py:161} INFO - Started process (PID=175) to work on /opt/airflow/dags/elt_pipeline.py
[2026-05-06T08:12:14.274+0000] {processor.py:830} INFO - Processing file /opt/airflow/dags/elt_pipeline.py for tasks to queue
[2026-05-06T08:12:14.277+0000] {logging_mixin.py:188} INFO - [2026-05-06T08:12:14.277+0000] {dagbag.py:545} INFO - Filling up the DagBag from /opt/airflow/dags/elt_pipeline.py
[2026-05-06T08:12:14.307+0000] {processor.py:840} INFO - DAG(s) 'elt_pipeline' retrieved from /opt/airflow/dags/elt_pipeline.py
[2026-05-06T08:12:14.344+0000] {logging_mixin.py:188} INFO - [2026-05-06T08:12:14.343+0000] {dag.py:3096} INFO - Sync 1 DAGs
[2026-05-06T08:12:14.373+0000] {logging_mixin.py:188} INFO - [2026-05-06T08:12:14.373+0000] {dag.py:3954} INFO - Setting next_dagrun for elt_pipeline to 2026-05-05 00:00:00+00:00, run_after=2026-05-06 00:00:00+00:00
[2026-05-06T08:12:14.399+0000] {processor.py:183} INFO - Processing /opt/airflow/dags/elt_pipeline.py took 0.133 seconds
[2026-05-06T08:12:44.497+0000] {processor.py:161} INFO - Started process (PID=180) to work on /opt/airflow/dags/elt_pipeline.py
[2026-05-06T08:12:44.499+0000] {processor.py:830} INFO - Processing file /opt/airflow/dags/elt_pipeline.py for tasks to queue
[2026-05-06T08:12:44.503+0000] {logging_mixin.py:188} INFO - [2026-05-06T08:12:44.502+0000] {dagbag.py:545} INFO - Filling up the DagBag from /opt/airflow/dags/elt_pipeline.py
[2026-05-06T08:12:44.530+0000] {processor.py:840} INFO - DAG(s) 'elt_pipeline' retrieved from /opt/airflow/dags/elt_pipeline.py
[2026-05-06T08:12:44.850+0000] {logging_mixin.py:188} INFO - [2026-05-06T08:12:44.849+0000] {dag.py:3096} INFO - Sync 1 DAGs
[2026-05-06T08:12:44.868+0000] {logging_mixin.py:188} INFO - [2026-05-06T08:12:44.868+0000] {dag.py:3954} INFO - Setting next_dagrun for elt_pipeline to 2026-05-05 00:00:00+00:00, run_after=2026-05-06 00:00:00+00:00
[2026-05-06T08:12:44.895+0000] {processor.py:183} INFO - Processing /opt/airflow/dags/elt_pipeline.py took 0.405 seconds
[2026-05-06T08:13:15.089+0000] {processor.py:161} INFO - Started process (PID=192) to work on /opt/airflow/dags/elt_pipeline.py
[2026-05-06T08:13:15.090+0000] {processor.py:830} INFO - Processing file /opt/airflow/dags/elt_pipeline.py for tasks to queue
[2026-05-06T08:13:15.092+0000] {logging_mixin.py:188} INFO - [2026-05-06T08:13:15.091+0000] {dagbag.py:545} INFO - Filling up the DagBag from /opt/airflow/dags/elt_pipeline.py
[2026-05-06T08:13:15.111+0000] {processor.py:840} INFO - DAG(s) 'elt_pipeline' retrieved from /opt/airflow/dags/elt_pipeline.py
[2026-05-06T08:13:15.138+0000] {logging_mixin.py:188} INFO - [2026-05-06T08:13:15.138+0000] {dag.py:3096} INFO - Sync 1 DAGs
[2026-05-06T08:13:15.156+0000] {logging_mixin.py:188} INFO - [2026-05-06T08:13:15.156+0000] {dag.py:3954} INFO - Setting next_dagrun for elt_pipeline to 2026-05-05 00:00:00+00:00, run_after=2026-05-06 00:00:00+00:00
[2026-05-06T08:13:15.181+0000] {processor.py:183} INFO - Processing /opt/airflow/dags/elt_pipeline.py took 0.097 seconds
[2026-05-06T08:13:45.269+0000] {processor.py:161} INFO - Started process (PID=204) to work on /opt/airflow/dags/elt_pipeline.py
[2026-05-06T08:13:45.270+0000] {processor.py:830} INFO - Processing file /opt/airflow/dags/elt_pipeline.py for tasks to queue
[2026-05-06T08:13:45.272+0000] {logging_mixin.py:188} INFO - [2026-05-06T08:13:45.272+0000] {dagbag.py:545} INFO - Filling up the DagBag from /opt/airflow/dags/elt_pipeline.py
[2026-05-06T08:13:45.292+0000] {processor.py:840} INFO - DAG(s) 'elt_pipeline' retrieved from /opt/airflow/dags/elt_pipeline.py
[2026-05-06T08:13:45.319+0000] {logging_mixin.py:188} INFO - [2026-05-06T08:13:45.319+0000] {dag.py:3096} INFO - Sync 1 DAGs
[2026-05-06T08:13:45.338+0000] {logging_mixin.py:188} INFO - [2026-05-06T08:13:45.338+0000] {dag.py:3954} INFO - Setting next_dagrun for elt_pipeline to 2026-05-05 00:00:00+00:00, run_after=2026-05-06 00:00:00+00:00
[2026-05-06T08:13:45.362+0000] {processor.py:183} INFO - Processing /opt/airflow/dags/elt_pipeline.py took 0.098 seconds
[2026-05-06T08:16:40.987+0000] {processor.py:161} INFO - Started process (PID=175) to work on /opt/airflow/dags/elt_pipeline.py
[2026-05-06T08:16:40.988+0000] {processor.py:830} INFO - Processing file /opt/airflow/dags/elt_pipeline.py for tasks to queue
[2026-05-06T08:16:40.990+0000] {logging_mixin.py:188} INFO - [2026-05-06T08:16:40.990+0000] {dagbag.py:545} INFO - Filling up the DagBag from /opt/airflow/dags/elt_pipeline.py
[2026-05-06T08:16:41.024+0000] {processor.py:840} INFO - DAG(s) 'elt_pipeline' retrieved from /opt/airflow/dags/elt_pipeline.py
[2026-05-06T08:16:41.371+0000] {logging_mixin.py:188} INFO - [2026-05-06T08:16:41.371+0000] {dag.py:3096} INFO - Sync 1 DAGs
[2026-05-06T08:16:41.387+0000] {logging_mixin.py:188} INFO - [2026-05-06T08:16:41.387+0000] {dag.py:3954} INFO - Setting next_dagrun for elt_pipeline to 2026-05-05 00:00:00+00:00, run_after=2026-05-06 00:00:00+00:00
[2026-05-06T08:16:41.414+0000] {processor.py:183} INFO - Processing /opt/airflow/dags/elt_pipeline.py took 0.435 seconds
[2026-05-06T08:17:11.608+0000] {processor.py:161} INFO - Started process (PID=187) to work on /opt/airflow/dags/elt_pipeline.py
[2026-05-06T08:17:11.609+0000] {processor.py:830} INFO - Processing file /opt/airflow/dags/elt_pipeline.py for tasks to queue
[2026-05-06T08:17:11.611+0000] {logging_mixin.py:188} INFO - [2026-05-06T08:17:11.611+0000] {dagbag.py:545} INFO - Filling up the DagBag from /opt/airflow/dags/elt_pipeline.py
[2026-05-06T08:17:11.628+0000] {processor.py:840} INFO - DAG(s) 'elt_pipeline' retrieved from /opt/airflow/dags/elt_pipeline.py
[2026-05-06T08:17:11.653+0000] {logging_mixin.py:188} INFO - [2026-05-06T08:17:11.653+0000] {dag.py:3096} INFO - Sync 1 DAGs
[2026-05-06T08:17:11.670+0000] {logging_mixin.py:188} INFO - [2026-05-06T08:17:11.670+0000] {dag.py:3954} INFO - Setting next_dagrun for elt_pipeline to 2026-05-05 00:00:00+00:00, run_after=2026-05-06 00:00:00+00:00
[2026-05-06T08:17:11.690+0000] {processor.py:183} INFO - Processing /opt/airflow/dags/elt_pipeline.py took 0.087 seconds
[2026-05-06T08:17:41.790+0000] {processor.py:161} INFO - Started process (PID=199) to work on /opt/airflow/dags/elt_pipeline.py
[2026-05-06T08:17:41.791+0000] {processor.py:830} INFO - Processing file /opt/airflow/dags/elt_pipeline.py for tasks to queue
[2026-05-06T08:17:41.793+0000] {logging_mixin.py:188} INFO - [2026-05-06T08:17:41.792+0000] {dagbag.py:545} INFO - Filling up the DagBag from /opt/airflow/dags/elt_pipeline.py
[2026-05-06T08:17:41.815+0000] {processor.py:840} INFO - DAG(s) 'elt_pipeline' retrieved from /opt/airflow/dags/elt_pipeline.py
[2026-05-06T08:17:41.844+0000] {logging_mixin.py:188} INFO - [2026-05-06T08:17:41.844+0000] {dag.py:3096} INFO - Sync 1 DAGs
[2026-05-06T08:17:41.863+0000] {logging_mixin.py:188} INFO - [2026-05-06T08:17:41.863+0000] {dag.py:3954} INFO - Setting next_dagrun for elt_pipeline to 2026-05-05 00:00:00+00:00, run_after=2026-05-06 00:00:00+00:00
[2026-05-06T08:17:41.901+0000] {processor.py:183} INFO - Processing /opt/airflow/dags/elt_pipeline.py took 0.119 seconds
[2026-05-06T08:18:12.066+0000] {processor.py:161} INFO - Started process (PID=211) to work on /opt/airflow/dags/elt_pipeline.py
[2026-05-06T08:18:12.067+0000] {processor.py:830} INFO - Processing file /opt/airflow/dags/elt_pipeline.py for tasks to queue
[2026-05-06T08:18:12.069+0000] {logging_mixin.py:188} INFO - [2026-05-06T08:18:12.069+0000] {dagbag.py:545} INFO - Filling up the DagBag from /opt/airflow/dags/elt_pipeline.py
[2026-05-06T08:18:12.095+0000] {processor.py:840} INFO - DAG(s) 'elt_pipeline' retrieved from /opt/airflow/dags/elt_pipeline.py
[2026-05-06T08:18:12.127+0000] {logging_mixin.py:188} INFO - [2026-05-06T08:18:12.127+0000] {dag.py:3096} INFO - Sync 1 DAGs
[2026-05-06T08:18:12.272+0000] {logging_mixin.py:188} INFO - [2026-05-06T08:18:12.272+0000] {dag.py:3954} INFO - Setting next_dagrun for elt_pipeline to 2026-05-05 00:00:00+00:00, run_after=2026-05-06 00:00:00+00:00
[2026-05-06T08:18:12.302+0000] {processor.py:183} INFO - Processing /opt/airflow/dags/elt_pipeline.py took 0.242 seconds
[2026-05-06T08:18:42.512+0000] {processor.py:161} INFO - Started process (PID=223) to work on /opt/airflow/dags/elt_pipeline.py
[2026-05-06T08:18:42.514+0000] {processor.py:830} INFO - Processing file /opt/airflow/dags/elt_pipeline.py for tasks to queue
[2026-05-06T08:18:42.516+0000] {logging_mixin.py:188} INFO - [2026-05-06T08:18:42.516+0000] {dagbag.py:545} INFO - Filling up the DagBag from /opt/airflow/dags/elt_pipeline.py
[2026-05-06T08:18:42.538+0000] {processor.py:840} INFO - DAG(s) 'elt_pipeline' retrieved from /opt/airflow/dags/elt_pipeline.py
[2026-05-06T08:18:42.672+0000] {logging_mixin.py:188} INFO - [2026-05-06T08:18:42.672+0000] {dag.py:3096} INFO - Sync 1 DAGs
[2026-05-06T08:18:42.686+0000] {logging_mixin.py:188} INFO - [2026-05-06T08:18:42.686+0000] {dag.py:3954} INFO - Setting next_dagrun for elt_pipeline to 2026-05-05 00:00:00+00:00, run_after=2026-05-06 00:00:00+00:00
[2026-05-06T08:18:42.705+0000] {processor.py:183} INFO - Processing /opt/airflow/dags/elt_pipeline.py took 0.203 seconds
[2026-05-06T08:19:12.900+0000] {processor.py:161} INFO - Started process (PID=235) to work on /opt/airflow/dags/elt_pipeline.py
[2026-05-06T08:19:12.902+0000] {processor.py:830} INFO - Processing file /opt/airflow/dags/elt_pipeline.py for tasks to queue
[2026-05-06T08:19:12.904+0000] {logging_mixin.py:188} INFO - [2026-05-06T08:19:12.904+0000] {dagbag.py:545} INFO - Filling up the DagBag from /opt/airflow/dags/elt_pipeline.py
[2026-05-06T08:19:13.018+0000] {processor.py:840} INFO - DAG(s) 'elt_pipeline' retrieved from /opt/airflow/dags/elt_pipeline.py
[2026-05-06T08:19:13.039+0000] {logging_mixin.py:188} INFO - [2026-05-06T08:19:13.039+0000] {dag.py:3096} INFO - Sync 1 DAGs
[2026-05-06T08:19:13.054+0000] {logging_mixin.py:188} INFO - [2026-05-06T08:19:13.054+0000] {dag.py:3954} INFO - Setting next_dagrun for elt_pipeline to 2026-05-05 00:00:00+00:00, run_after=2026-05-06 00:00:00+00:00
[2026-05-06T08:19:13.068+0000] {processor.py:183} INFO - Processing /opt/airflow/dags/elt_pipeline.py took 0.175 seconds
[2026-05-06T08:19:43.370+0000] {processor.py:161} INFO - Started process (PID=247) to work on /opt/airflow/dags/elt_pipeline.py
[2026-05-06T08:19:43.371+0000] {processor.py:830} INFO - Processing file /opt/airflow/dags/elt_pipeline.py for tasks to queue
[2026-05-06T08:19:43.373+0000] {logging_mixin.py:188} INFO - [2026-05-06T08:19:43.373+0000] {dagbag.py:545} INFO - Filling up the DagBag from /opt/airflow/dags/elt_pipeline.py
[2026-05-06T08:19:43.394+0000] {processor.py:840} INFO - DAG(s) 'elt_pipeline' retrieved from /opt/airflow/dags/elt_pipeline.py
[2026-05-06T08:19:43.425+0000] {logging_mixin.py:188} INFO - [2026-05-06T08:19:43.425+0000] {dag.py:3096} INFO - Sync 1 DAGs
[2026-05-06T08:19:43.443+0000] {logging_mixin.py:188} INFO - [2026-05-06T08:19:43.443+0000] {dag.py:3954} INFO - Setting next_dagrun for elt_pipeline to 2026-05-05 00:00:00+00:00, run_after=2026-05-06 00:00:00+00:00
[2026-05-06T08:19:43.469+0000] {processor.py:183} INFO - Processing /opt/airflow/dags/elt_pipeline.py took 0.106 seconds
[2026-05-06T08:20:13.547+0000] {processor.py:161} INFO - Started process (PID=259) to work on /opt/airflow/dags/elt_pipeline.py
[2026-05-06T08:20:13.548+0000] {processor.py:830} INFO - Processing file /opt/airflow/dags/elt_pipeline.py for tasks to queue
[2026-05-06T08:20:13.550+0000] {logging_mixin.py:188} INFO - [2026-05-06T08:20:13.550+0000] {dagbag.py:545} INFO - Filling up the DagBag from /opt/airflow/dags/elt_pipeline.py
[2026-05-06T08:20:13.572+0000] {processor.py:840} INFO - DAG(s) 'elt_pipeline' retrieved from /opt/airflow/dags/elt_pipeline.py
[2026-05-06T08:20:13.601+0000] {logging_mixin.py:188} INFO - [2026-05-06T08:20:13.601+0000] {dag.py:3096} INFO - Sync 1 DAGs
[2026-05-06T08:20:13.621+0000] {logging_mixin.py:188} INFO - [2026-05-06T08:20:13.620+0000] {dag.py:3954} INFO - Setting next_dagrun for elt_pipeline to 2026-05-05 00:00:00+00:00, run_after=2026-05-06 00:00:00+00:00
[2026-05-06T08:20:13.643+0000] {processor.py:183} INFO - Processing /opt/airflow/dags/elt_pipeline.py took 0.104 seconds
[2026-05-06T08:20:43.852+0000] {processor.py:161} INFO - Started process (PID=271) to work on /opt/airflow/dags/elt_pipeline.py
[2026-05-06T08:20:43.853+0000] {processor.py:830} INFO - Processing file /opt/airflow/dags/elt_pipeline.py for tasks to queue
[2026-05-06T08:20:43.856+0000] {logging_mixin.py:188} INFO - [2026-05-06T08:20:43.855+0000] {dagbag.py:545} INFO - Filling up the DagBag from /opt/airflow/dags/elt_pipeline.py
[2026-05-06T08:20:43.886+0000] {processor.py:840} INFO - DAG(s) 'elt_pipeline' retrieved from /opt/airflow/dags/elt_pipeline.py
[2026-05-06T08:20:43.922+0000] {logging_mixin.py:188} INFO - [2026-05-06T08:20:43.921+0000] {dag.py:3096} INFO - Sync 1 DAGs
[2026-05-06T08:20:43.951+0000] {logging_mixin.py:188} INFO - [2026-05-06T08:20:43.951+0000] {dag.py:3954} INFO - Setting next_dagrun for elt_pipeline to 2026-05-05 00:00:00+00:00, run_after=2026-05-06 00:00:00+00:00
[2026-05-06T08:20:43.981+0000] {processor.py:183} INFO - Processing /opt/airflow/dags/elt_pipeline.py took 0.135 seconds
[2026-05-06T08:21:14.067+0000] {processor.py:161} INFO - Started process (PID=283) to work on /opt/airflow/dags/elt_pipeline.py
[2026-05-06T08:21:14.068+0000] {processor.py:830} INFO - Processing file /opt/airflow/dags/elt_pipeline.py for tasks to queue
[2026-05-06T08:21:14.071+0000] {logging_mixin.py:188} INFO - [2026-05-06T08:21:14.070+0000] {dagbag.py:545} INFO - Filling up the DagBag from /opt/airflow/dags/elt_pipeline.py
[2026-05-06T08:21:14.092+0000] {processor.py:840} INFO - DAG(s) 'elt_pipeline' retrieved from /opt/airflow/dags/elt_pipeline.py
[2026-05-06T08:21:14.122+0000] {logging_mixin.py:188} INFO - [2026-05-06T08:21:14.121+0000] {dag.py:3096} INFO - Sync 1 DAGs
[2026-05-06T08:21:14.140+0000] {logging_mixin.py:188} INFO - [2026-05-06T08:21:14.140+0000] {dag.py:3954} INFO - Setting next_dagrun for elt_pipeline to 2026-05-05 00:00:00+00:00, run_after=2026-05-06 00:00:00+00:00
[2026-05-06T08:21:14.162+0000] {processor.py:183} INFO - Processing /opt/airflow/dags/elt_pipeline.py took 0.099 seconds
[2026-05-06T08:21:44.403+0000] {processor.py:161} INFO - Started process (PID=295) to work on /opt/airflow/dags/elt_pipeline.py
[2026-05-06T08:21:44.404+0000] {processor.py:830} INFO - Processing file /opt/airflow/dags/elt_pipeline.py for tasks to queue
[2026-05-06T08:21:44.407+0000] {logging_mixin.py:188} INFO - [2026-05-06T08:21:44.406+0000] {dagbag.py:545} INFO - Filling up the DagBag from /opt/airflow/dags/elt_pipeline.py
[2026-05-06T08:21:44.428+0000] {processor.py:840} INFO - DAG(s) 'elt_pipeline' retrieved from /opt/airflow/dags/elt_pipeline.py
[2026-05-06T08:21:44.454+0000] {logging_mixin.py:188} INFO - [2026-05-06T08:21:44.454+0000] {dag.py:3096} INFO - Sync 1 DAGs
[2026-05-06T08:21:44.475+0000] {logging_mixin.py:188} INFO - [2026-05-06T08:21:44.475+0000] {dag.py:3954} INFO - Setting next_dagrun for elt_pipeline to 2026-05-05 00:00:00+00:00, run_after=2026-05-06 00:00:00+00:00
[2026-05-06T08:21:44.497+0000] {processor.py:183} INFO - Processing /opt/airflow/dags/elt_pipeline.py took 0.100 seconds
[2026-05-06T08:22:14.599+0000] {processor.py:161} INFO - Started process (PID=307) to work on /opt/airflow/dags/elt_pipeline.py
[2026-05-06T08:22:14.599+0000] {processor.py:830} INFO - Processing file /opt/airflow/dags/elt_pipeline.py for tasks to queue
[2026-05-06T08:22:14.601+0000] {logging_mixin.py:188} INFO - [2026-05-06T08:22:14.601+0000] {dagbag.py:545} INFO - Filling up the DagBag from /opt/airflow/dags/elt_pipeline.py
[2026-05-06T08:22:14.624+0000] {processor.py:840} INFO - DAG(s) 'elt_pipeline' retrieved from /opt/airflow/dags/elt_pipeline.py
[2026-05-06T08:22:14.653+0000] {logging_mixin.py:188} INFO - [2026-05-06T08:22:14.653+0000] {dag.py:3096} INFO - Sync 1 DAGs
[2026-05-06T08:22:14.673+0000] {logging_mixin.py:188} INFO - [2026-05-06T08:22:14.673+0000] {dag.py:3954} INFO - Setting next_dagrun for elt_pipeline to 2026-05-05 00:00:00+00:00, run_after=2026-05-06 00:00:00+00:00
[2026-05-06T08:22:14.690+0000] {processor.py:183} INFO - Processing /opt/airflow/dags/elt_pipeline.py took 0.099 seconds
[2026-05-06T08:22:44.910+0000] {processor.py:161} INFO - Started process (PID=319) to work on /opt/airflow/dags/elt_pipeline.py
[2026-05-06T08:22:44.911+0000] {processor.py:830} INFO - Processing file /opt/airflow/dags/elt_pipeline.py for tasks to queue
[2026-05-06T08:22:44.915+0000] {logging_mixin.py:188} INFO - [2026-05-06T08:22:44.915+0000] {dagbag.py:545} INFO - Filling up the DagBag from /opt/airflow/dags/elt_pipeline.py
[2026-05-06T08:22:44.940+0000] {processor.py:840} INFO - DAG(s) 'elt_pipeline' retrieved from /opt/airflow/dags/elt_pipeline.py
[2026-05-06T08:22:44.988+0000] {logging_mixin.py:188} INFO - [2026-05-06T08:22:44.988+0000] {dag.py:3096} INFO - Sync 1 DAGs
[2026-05-06T08:22:45.012+0000] {logging_mixin.py:188} INFO - [2026-05-06T08:22:45.011+0000] {dag.py:3954} INFO - Setting next_dagrun for elt_pipeline to 2026-05-05 00:00:00+00:00, run_after=2026-05-06 00:00:00+00:00
[2026-05-06T08:22:45.043+0000] {processor.py:183} INFO - Processing /opt/airflow/dags/elt_pipeline.py took 0.142 seconds
[2026-05-06T08:23:15.089+0000] {processor.py:161} INFO - Started process (PID=331) to work on /opt/airflow/dags/elt_pipeline.py
[2026-05-06T08:23:15.090+0000] {processor.py:830} INFO - Processing file /opt/airflow/dags/elt_pipeline.py for tasks to queue
[2026-05-06T08:23:15.092+0000] {logging_mixin.py:188} INFO - [2026-05-06T08:23:15.091+0000] {dagbag.py:545} INFO - Filling up the DagBag from /opt/airflow/dags/elt_pipeline.py
[2026-05-06T08:23:15.114+0000] {processor.py:840} INFO - DAG(s) 'elt_pipeline' retrieved from /opt/airflow/dags/elt_pipeline.py
[2026-05-06T08:23:15.141+0000] {logging_mixin.py:188} INFO - [2026-05-06T08:23:15.141+0000] {dag.py:3096} INFO - Sync 1 DAGs
[2026-05-06T08:23:15.159+0000] {logging_mixin.py:188} INFO - [2026-05-06T08:23:15.159+0000] {dag.py:3954} INFO - Setting next_dagrun for elt_pipeline to 2026-05-05 00:00:00+00:00, run_after=2026-05-06 00:00:00+00:00
[2026-05-06T08:23:15.182+0000] {processor.py:183} INFO - Processing /opt/airflow/dags/elt_pipeline.py took 0.098 seconds
[2026-05-06T08:23:45.293+0000] {processor.py:161} INFO - Started process (PID=343) to work on /opt/airflow/dags/elt_pipeline.py
[2026-05-06T08:23:45.294+0000] {processor.py:830} INFO - Processing file /opt/airflow/dags/elt_pipeline.py for tasks to queue
[2026-05-06T08:23:45.296+0000] {logging_mixin.py:188} INFO - [2026-05-06T08:23:45.296+0000] {dagbag.py:545} INFO - Filling up the DagBag from /opt/airflow/dags/elt_pipeline.py
[2026-05-06T08:23:45.322+0000] {processor.py:840} INFO - DAG(s) 'elt_pipeline' retrieved from /opt/airflow/dags/elt_pipeline.py
[2026-05-06T08:23:45.363+0000] {logging_mixin.py:188} INFO - [2026-05-06T08:23:45.363+0000] {dag.py:3096} INFO - Sync 1 DAGs
[2026-05-06T08:23:45.392+0000] {logging_mixin.py:188} INFO - [2026-05-06T08:23:45.392+0000] {dag.py:3954} INFO - Setting next_dagrun for elt_pipeline to 2026-05-05 00:00:00+00:00, run_after=2026-05-06 00:00:00+00:00
[2026-05-06T08:23:45.417+0000] {processor.py:183} INFO - Processing /opt/airflow/dags/elt_pipeline.py took 0.130 seconds
[2026-05-06T08:24:15.562+0000] {processor.py:161} INFO - Started process (PID=355) to work on /opt/airflow/dags/elt_pipeline.py
[2026-05-06T08:24:15.563+0000] {processor.py:830} INFO - Processing file /opt/airflow/dags/elt_pipeline.py for tasks to queue
[2026-05-06T08:24:15.566+0000] {logging_mixin.py:188} INFO - [2026-05-06T08:24:15.565+0000] {dagbag.py:545} INFO - Filling up the DagBag from /opt/airflow/dags/elt_pipeline.py
[2026-05-06T08:24:15.584+0000] {processor.py:840} INFO - DAG(s) 'elt_pipeline' retrieved from /opt/airflow/dags/elt_pipeline.py
[2026-05-06T08:24:15.607+0000] {logging_mixin.py:188} INFO - [2026-05-06T08:24:15.607+0000] {dag.py:3096} INFO - Sync 1 DAGs
[2026-05-06T08:24:15.624+0000] {logging_mixin.py:188} INFO - [2026-05-06T08:24:15.624+0000] {dag.py:3954} INFO - Setting next_dagrun for elt_pipeline to 2026-05-05 00:00:00+00:00, run_after=2026-05-06 00:00:00+00:00
[2026-05-06T08:24:15.648+0000] {processor.py:183} INFO - Processing /opt/airflow/dags/elt_pipeline.py took 0.091 seconds
[2026-05-06T08:24:45.794+0000] {processor.py:161} INFO - Started process (PID=367) to work on /opt/airflow/dags/elt_pipeline.py
[2026-05-06T08:24:45.795+0000] {processor.py:830} INFO - Processing file /opt/airflow/dags/elt_pipeline.py for tasks to queue
[2026-05-06T08:24:45.797+0000] {logging_mixin.py:188} INFO - [2026-05-06T08:24:45.797+0000] {dagbag.py:545} INFO - Filling up the DagBag from /opt/airflow/dags/elt_pipeline.py
[2026-05-06T08:24:45.820+0000] {processor.py:840} INFO - DAG(s) 'elt_pipeline' retrieved from /opt/airflow/dags/elt_pipeline.py
[2026-05-06T08:24:45.851+0000] {logging_mixin.py:188} INFO - [2026-05-06T08:24:45.851+0000] {dag.py:3096} INFO - Sync 1 DAGs
[2026-05-06T08:24:45.871+0000] {logging_mixin.py:188} INFO - [2026-05-06T08:24:45.871+0000] {dag.py:3954} INFO - Setting next_dagrun for elt_pipeline to 2026-05-05 00:00:00+00:00, run_after=2026-05-06 00:00:00+00:00
[2026-05-06T08:24:45.892+0000] {processor.py:183} INFO - Processing /opt/airflow/dags/elt_pipeline.py took 0.106 seconds
[2026-05-06T08:25:16.024+0000] {processor.py:161} INFO - Started process (PID=372) to work on /opt/airflow/dags/elt_pipeline.py
[2026-05-06T08:25:16.025+0000] {processor.py:830} INFO - Processing file /opt/airflow/dags/elt_pipeline.py for tasks to queue
[2026-05-06T08:25:16.027+0000] {logging_mixin.py:188} INFO - [2026-05-06T08:25:16.027+0000] {dagbag.py:545} INFO - Filling up the DagBag from /opt/airflow/dags/elt_pipeline.py
[2026-05-06T08:25:16.051+0000] {processor.py:840} INFO - DAG(s) 'elt_pipeline' retrieved from /opt/airflow/dags/elt_pipeline.py
[2026-05-06T08:25:16.084+0000] {logging_mixin.py:188} INFO - [2026-05-06T08:25:16.084+0000] {dag.py:3096} INFO - Sync 1 DAGs
[2026-05-06T08:25:16.105+0000] {logging_mixin.py:188} INFO - [2026-05-06T08:25:16.105+0000] {dag.py:3954} INFO - Setting next_dagrun for elt_pipeline to 2026-05-05 00:00:00+00:00, run_after=2026-05-06 00:00:00+00:00
[2026-05-06T08:25:16.124+0000] {processor.py:183} INFO - Processing /opt/airflow/dags/elt_pipeline.py took 0.108 seconds
[2026-05-06T08:25:46.254+0000] {processor.py:161} INFO - Started process (PID=384) to work on /opt/airflow/dags/elt_pipeline.py
[2026-05-06T08:25:46.255+0000] {processor.py:830} INFO - Processing file /opt/airflow/dags/elt_pipeline.py for tasks to queue
[2026-05-06T08:25:46.256+0000] {logging_mixin.py:188} INFO - [2026-05-06T08:25:46.256+0000] {dagbag.py:545} INFO - Filling up the DagBag from /opt/airflow/dags/elt_pipeline.py
[2026-05-06T08:25:46.273+0000] {processor.py:840} INFO - DAG(s) 'elt_pipeline' retrieved from /opt/airflow/dags/elt_pipeline.py
[2026-05-06T08:25:46.299+0000] {logging_mixin.py:188} INFO - [2026-05-06T08:25:46.299+0000] {dag.py:3096} INFO - Sync 1 DAGs
[2026-05-06T08:25:46.316+0000] {logging_mixin.py:188} INFO - [2026-05-06T08:25:46.315+0000] {dag.py:3954} INFO - Setting next_dagrun for elt_pipeline to 2026-05-05 00:00:00+00:00, run_after=2026-05-06 00:00:00+00:00
[2026-05-06T08:25:46.339+0000] {processor.py:183} INFO - Processing /opt/airflow/dags/elt_pipeline.py took 0.090 seconds
[2026-05-06T08:26:16.508+0000] {processor.py:161} INFO - Started process (PID=396) to work on /opt/airflow/dags/elt_pipeline.py
[2026-05-06T08:26:16.509+0000] {processor.py:830} INFO - Processing file /opt/airflow/dags/elt_pipeline.py for tasks to queue
[2026-05-06T08:26:16.511+0000] {logging_mixin.py:188} INFO - [2026-05-06T08:26:16.510+0000] {dagbag.py:545} INFO - Filling up the DagBag from /opt/airflow/dags/elt_pipeline.py
[2026-05-06T08:26:16.533+0000] {processor.py:840} INFO - DAG(s) 'elt_pipeline' retrieved from /opt/airflow/dags/elt_pipeline.py
[2026-05-06T08:26:16.563+0000] {logging_mixin.py:188} INFO - [2026-05-06T08:26:16.563+0000] {dag.py:3096} INFO - Sync 1 DAGs
[2026-05-06T08:26:16.582+0000] {logging_mixin.py:188} INFO - [2026-05-06T08:26:16.582+0000] {dag.py:3954} INFO - Setting next_dagrun for elt_pipeline to 2026-05-05 00:00:00+00:00, run_after=2026-05-06 00:00:00+00:00
[2026-05-06T08:26:16.600+0000] {processor.py:183} INFO - Processing /opt/airflow/dags/elt_pipeline.py took 0.098 seconds
[2026-05-06T08:26:46.734+0000] {processor.py:161} INFO - Started process (PID=408) to work on /opt/airflow/dags/elt_pipeline.py
[2026-05-06T08:26:46.735+0000] {processor.py:830} INFO - Processing file /opt/airflow/dags/elt_pipeline.py for tasks to queue
[2026-05-06T08:26:46.737+0000] {logging_mixin.py:188} INFO - [2026-05-06T08:26:46.737+0000] {dagbag.py:545} INFO - Filling up the DagBag from /opt/airflow/dags/elt_pipeline.py
[2026-05-06T08:26:46.760+0000] {processor.py:840} INFO - DAG(s) 'elt_pipeline' retrieved from /opt/airflow/dags/elt_pipeline.py
[2026-05-06T08:26:46.792+0000] {logging_mixin.py:188} INFO - [2026-05-06T08:26:46.791+0000] {dag.py:3096} INFO - Sync 1 DAGs
[2026-05-06T08:26:46.815+0000] {logging_mixin.py:188} INFO - [2026-05-06T08:26:46.815+0000] {dag.py:3954} INFO - Setting next_dagrun for elt_pipeline to 2026-05-05 00:00:00+00:00, run_after=2026-05-06 00:00:00+00:00
[2026-05-06T08:26:46.841+0000] {processor.py:183} INFO - Processing /opt/airflow/dags/elt_pipeline.py took 0.114 seconds
[2026-05-06T08:27:16.980+0000] {processor.py:161} INFO - Started process (PID=420) to work on /opt/airflow/dags/elt_pipeline.py
[2026-05-06T08:27:16.981+0000] {processor.py:830} INFO - Processing file /opt/airflow/dags/elt_pipeline.py for tasks to queue
[2026-05-06T08:27:16.984+0000] {logging_mixin.py:188} INFO - [2026-05-06T08:27:16.983+0000] {dagbag.py:545} INFO - Filling up the DagBag from /opt/airflow/dags/elt_pipeline.py
[2026-05-06T08:27:17.008+0000] {processor.py:840} INFO - DAG(s) 'elt_pipeline' retrieved from /opt/airflow/dags/elt_pipeline.py
[2026-05-06T08:27:17.038+0000] {logging_mixin.py:188} INFO - [2026-05-06T08:27:17.038+0000] {dag.py:3096} INFO - Sync 1 DAGs
[2026-05-06T08:27:17.058+0000] {logging_mixin.py:188} INFO - [2026-05-06T08:27:17.057+0000] {dag.py:3954} INFO - Setting next_dagrun for elt_pipeline to 2026-05-05 00:00:00+00:00, run_after=2026-05-06 00:00:00+00:00
[2026-05-06T08:27:17.084+0000] {processor.py:183} INFO - Processing /opt/airflow/dags/elt_pipeline.py took 0.111 seconds
[2026-05-06T08:30:17.897+0000] {processor.py:161} INFO - Started process (PID=175) to work on /opt/airflow/dags/elt_pipeline.py
[2026-05-06T08:30:17.899+0000] {processor.py:830} INFO - Processing file /opt/airflow/dags/elt_pipeline.py for tasks to queue
[2026-05-06T08:30:17.901+0000] {logging_mixin.py:188} INFO - [2026-05-06T08:30:17.901+0000] {dagbag.py:545} INFO - Filling up the DagBag from /opt/airflow/dags/elt_pipeline.py
[2026-05-06T08:30:17.932+0000] {processor.py:840} INFO - DAG(s) 'elt_pipeline' retrieved from /opt/airflow/dags/elt_pipeline.py
[2026-05-06T08:30:18.264+0000] {logging_mixin.py:188} INFO - [2026-05-06T08:30:18.131+0000] {override.py:1829} INFO - Created Permission View: can read on DAG:elt_pipeline
[2026-05-06T08:30:18.275+0000] {logging_mixin.py:188} INFO - [2026-05-06T08:30:18.274+0000] {override.py:1829} INFO - Created Permission View: can delete on DAG:elt_pipeline
[2026-05-06T08:30:18.283+0000] {logging_mixin.py:188} INFO - [2026-05-06T08:30:18.283+0000] {override.py:1829} INFO - Created Permission View: can edit on DAG:elt_pipeline
[2026-05-06T08:30:18.284+0000] {logging_mixin.py:188} INFO - [2026-05-06T08:30:18.284+0000] {dag.py:3096} INFO - Sync 1 DAGs
[2026-05-06T08:30:18.293+0000] {logging_mixin.py:188} INFO - [2026-05-06T08:30:18.293+0000] {dag.py:3118} INFO - Creating ORM DAG for elt_pipeline
[2026-05-06T08:30:18.302+0000] {logging_mixin.py:188} INFO - [2026-05-06T08:30:18.302+0000] {dag.py:3954} INFO - Setting next_dagrun for elt_pipeline to 2026-05-05 00:00:00+00:00, run_after=2026-05-06 00:00:00+00:00
[2026-05-06T08:30:18.326+0000] {processor.py:183} INFO - Processing /opt/airflow/dags/elt_pipeline.py took 0.435 seconds
[2026-05-06T08:30:48.568+0000] {processor.py:161} INFO - Started process (PID=187) to work on /opt/airflow/dags/elt_pipeline.py
[2026-05-06T08:30:48.570+0000] {processor.py:830} INFO - Processing file /opt/airflow/dags/elt_pipeline.py for tasks to queue
[2026-05-06T08:30:48.572+0000] {logging_mixin.py:188} INFO - [2026-05-06T08:30:48.572+0000] {dagbag.py:545} INFO - Filling up the DagBag from /opt/airflow/dags/elt_pipeline.py
[2026-05-06T08:30:48.593+0000] {processor.py:840} INFO - DAG(s) 'elt_pipeline' retrieved from /opt/airflow/dags/elt_pipeline.py
[2026-05-06T08:30:48.622+0000] {logging_mixin.py:188} INFO - [2026-05-06T08:30:48.622+0000] {dag.py:3096} INFO - Sync 1 DAGs
[2026-05-06T08:30:48.644+0000] {logging_mixin.py:188} INFO - [2026-05-06T08:30:48.644+0000] {dag.py:3954} INFO - Setting next_dagrun for elt_pipeline to 2026-05-05 00:00:00+00:00, run_after=2026-05-06 00:00:00+00:00
[2026-05-06T08:30:48.667+0000] {processor.py:183} INFO - Processing /opt/airflow/dags/elt_pipeline.py took 0.105 seconds
[2026-05-06T08:31:18.849+0000] {processor.py:161} INFO - Started process (PID=199) to work on /opt/airflow/dags/elt_pipeline.py
[2026-05-06T08:31:18.849+0000] {processor.py:830} INFO - Processing file /opt/airflow/dags/elt_pipeline.py for tasks to queue
[2026-05-06T08:31:18.851+0000] {logging_mixin.py:188} INFO - [2026-05-06T08:31:18.851+0000] {dagbag.py:545} INFO - Filling up the DagBag from /opt/airflow/dags/elt_pipeline.py
[2026-05-06T08:31:18.874+0000] {processor.py:840} INFO - DAG(s) 'elt_pipeline' retrieved from /opt/airflow/dags/elt_pipeline.py
[2026-05-06T08:31:18.914+0000] {logging_mixin.py:188} INFO - [2026-05-06T08:31:18.913+0000] {dag.py:3096} INFO - Sync 1 DAGs
[2026-05-06T08:31:18.936+0000] {logging_mixin.py:188} INFO - [2026-05-06T08:31:18.935+0000] {dag.py:3954} INFO - Setting next_dagrun for elt_pipeline to 2026-05-05 00:00:00+00:00, run_after=2026-05-06 00:00:00+00:00
[2026-05-06T08:31:18.960+0000] {processor.py:183} INFO - Processing /opt/airflow/dags/elt_pipeline.py took 0.116 seconds
[2026-05-06T08:31:49.216+0000] {processor.py:161} INFO - Started process (PID=211) to work on /opt/airflow/dags/elt_pipeline.py
[2026-05-06T08:31:49.217+0000] {processor.py:830} INFO - Processing file /opt/airflow/dags/elt_pipeline.py for tasks to queue
[2026-05-06T08:31:49.219+0000] {logging_mixin.py:188} INFO - [2026-05-06T08:31:49.218+0000] {dagbag.py:545} INFO - Filling up the DagBag from /opt/airflow/dags/elt_pipeline.py
[2026-05-06T08:31:49.241+0000] {processor.py:840} INFO - DAG(s) 'elt_pipeline' retrieved from /opt/airflow/dags/elt_pipeline.py
[2026-05-06T08:31:49.271+0000] {logging_mixin.py:188} INFO - [2026-05-06T08:31:49.271+0000] {dag.py:3096} INFO - Sync 1 DAGs
[2026-05-06T08:31:49.400+0000] {logging_mixin.py:188} INFO - [2026-05-06T08:31:49.400+0000] {dag.py:3954} INFO - Setting next_dagrun for elt_pipeline to 2026-05-05 00:00:00+00:00, run_after=2026-05-06 00:00:00+00:00
[2026-05-06T08:31:49.439+0000] {processor.py:183} INFO - Processing /opt/airflow/dags/elt_pipeline.py took 0.228 seconds
[2026-05-06T08:32:19.523+0000] {processor.py:161} INFO - Started process (PID=223) to work on /opt/airflow/dags/elt_pipeline.py
[2026-05-06T08:32:19.524+0000] {processor.py:830} INFO - Processing file /opt/airflow/dags/elt_pipeline.py for tasks to queue
[2026-05-06T08:32:19.526+0000] {logging_mixin.py:188} INFO - [2026-05-06T08:32:19.526+0000] {dagbag.py:545} INFO - Filling up the DagBag from /opt/airflow/dags/elt_pipeline.py
[2026-05-06T08:32:19.549+0000] {processor.py:840} INFO - DAG(s) 'elt_pipeline' retrieved from /opt/airflow/dags/elt_pipeline.py
[2026-05-06T08:32:19.686+0000] {logging_mixin.py:188} INFO - [2026-05-06T08:32:19.686+0000] {dag.py:3096} INFO - Sync 1 DAGs
[2026-05-06T08:32:19.705+0000] {logging_mixin.py:188} INFO - [2026-05-06T08:32:19.705+0000] {dag.py:3954} INFO - Setting next_dagrun for elt_pipeline to 2026-05-05 00:00:00+00:00, run_after=2026-05-06 00:00:00+00:00
[2026-05-06T08:32:19.739+0000] {processor.py:183} INFO - Processing /opt/airflow/dags/elt_pipeline.py took 0.220 seconds
[2026-05-06T08:32:50.026+0000] {processor.py:161} INFO - Started process (PID=235) to work on /opt/airflow/dags/elt_pipeline.py
[2026-05-06T08:32:50.027+0000] {processor.py:830} INFO - Processing file /opt/airflow/dags/elt_pipeline.py for tasks to queue
[2026-05-06T08:32:50.029+0000] {logging_mixin.py:188} INFO - [2026-05-06T08:32:50.029+0000] {dagbag.py:545} INFO - Filling up the DagBag from /opt/airflow/dags/elt_pipeline.py
[2026-05-06T08:32:50.159+0000] {processor.py:840} INFO - DAG(s) 'elt_pipeline' retrieved from /opt/airflow/dags/elt_pipeline.py
[2026-05-06T08:32:50.189+0000] {logging_mixin.py:188} INFO - [2026-05-06T08:32:50.188+0000] {dag.py:3096} INFO - Sync 1 DAGs
[2026-05-06T08:32:50.207+0000] {logging_mixin.py:188} INFO - [2026-05-06T08:32:50.206+0000] {dag.py:3954} INFO - Setting next_dagrun for elt_pipeline to 2026-05-05 00:00:00+00:00, run_after=2026-05-06 00:00:00+00:00
[2026-05-06T08:32:50.234+0000] {processor.py:183} INFO - Processing /opt/airflow/dags/elt_pipeline.py took 0.213 seconds
[2026-05-06T08:33:20.558+0000] {processor.py:161} INFO - Started process (PID=247) to work on /opt/airflow/dags/elt_pipeline.py
[2026-05-06T08:33:20.559+0000] {processor.py:830} INFO - Processing file /opt/airflow/dags/elt_pipeline.py for tasks to queue
[2026-05-06T08:33:20.560+0000] {logging_mixin.py:188} INFO - [2026-05-06T08:33:20.560+0000] {dagbag.py:545} INFO - Filling up the DagBag from /opt/airflow/dags/elt_pipeline.py
[2026-05-06T08:33:20.582+0000] {processor.py:840} INFO - DAG(s) 'elt_pipeline' retrieved from /opt/airflow/dags/elt_pipeline.py
[2026-05-06T08:33:20.616+0000] {logging_mixin.py:188} INFO - [2026-05-06T08:33:20.616+0000] {dag.py:3096} INFO - Sync 1 DAGs
[2026-05-06T08:33:20.638+0000] {logging_mixin.py:188} INFO - [2026-05-06T08:33:20.638+0000] {dag.py:3954} INFO - Setting next_dagrun for elt_pipeline to 2026-05-05 00:00:00+00:00, run_after=2026-05-06 00:00:00+00:00
[2026-05-06T08:33:20.662+0000] {processor.py:183} INFO - Processing /opt/airflow/dags/elt_pipeline.py took 0.108 seconds
[2026-05-06T08:33:50.784+0000] {processor.py:161} INFO - Started process (PID=260) to work on /opt/airflow/dags/elt_pipeline.py
[2026-05-06T08:33:50.785+0000] {processor.py:830} INFO - Processing file /opt/airflow/dags/elt_pipeline.py for tasks to queue
[2026-05-06T08:33:50.787+0000] {logging_mixin.py:188} INFO - [2026-05-06T08:33:50.786+0000] {dagbag.py:545} INFO - Filling up the DagBag from /opt/airflow/dags/elt_pipeline.py
[2026-05-06T08:33:50.803+0000] {processor.py:840} INFO - DAG(s) 'elt_pipeline' retrieved from /opt/airflow/dags/elt_pipeline.py
[2026-05-06T08:33:50.833+0000] {logging_mixin.py:188} INFO - [2026-05-06T08:33:50.833+0000] {dag.py:3096} INFO - Sync 1 DAGs
[2026-05-06T08:33:50.856+0000] {logging_mixin.py:188} INFO - [2026-05-06T08:33:50.856+0000] {dag.py:3954} INFO - Setting next_dagrun for elt_pipeline to 2026-05-05 00:00:00+00:00, run_after=2026-05-06 00:00:00+00:00
[2026-05-06T08:33:50.875+0000] {processor.py:183} INFO - Processing /opt/airflow/dags/elt_pipeline.py took 0.097 seconds
[2026-05-06T08:34:28.910+0000] {processor.py:161} INFO - Started process (PID=175) to work on /opt/airflow/dags/elt_pipeline.py
[2026-05-06T08:34:28.912+0000] {processor.py:830} INFO - Processing file /opt/airflow/dags/elt_pipeline.py for tasks to queue
[2026-05-06T08:34:28.916+0000] {logging_mixin.py:188} INFO - [2026-05-06T08:34:28.915+0000] {dagbag.py:545} INFO - Filling up the DagBag from /opt/airflow/dags/elt_pipeline.py
[2026-05-06T08:34:28.959+0000] {processor.py:840} INFO - DAG(s) 'elt_pipeline' retrieved from /opt/airflow/dags/elt_pipeline.py
[2026-05-06T08:34:29.013+0000] {logging_mixin.py:188} INFO - [2026-05-06T08:34:29.012+0000] {dag.py:3096} INFO - Sync 1 DAGs
[2026-05-06T08:34:29.089+0000] {logging_mixin.py:188} INFO - [2026-05-06T08:34:29.088+0000] {dag.py:3954} INFO - Setting next_dagrun for elt_pipeline to 2026-05-05 00:00:00+00:00, run_after=2026-05-06 00:00:00+00:00
[2026-05-06T08:34:29.171+0000] {processor.py:183} INFO - Processing /opt/airflow/dags/elt_pipeline.py took 0.273 seconds
[2026-05-06T08:34:59.438+0000] {processor.py:161} INFO - Started process (PID=180) to work on /opt/airflow/dags/elt_pipeline.py
[2026-05-06T08:34:59.439+0000] {processor.py:830} INFO - Processing file /opt/airflow/dags/elt_pipeline.py for tasks to queue
[2026-05-06T08:34:59.441+0000] {logging_mixin.py:188} INFO - [2026-05-06T08:34:59.441+0000] {dagbag.py:545} INFO - Filling up the DagBag from /opt/airflow/dags/elt_pipeline.py
[2026-05-06T08:34:59.466+0000] {processor.py:840} INFO - DAG(s) 'elt_pipeline' retrieved from /opt/airflow/dags/elt_pipeline.py
[2026-05-06T08:34:59.663+0000] {logging_mixin.py:188} INFO - [2026-05-06T08:34:59.663+0000] {dag.py:3096} INFO - Sync 1 DAGs
[2026-05-06T08:34:59.677+0000] {logging_mixin.py:188} INFO - [2026-05-06T08:34:59.677+0000] {dag.py:3954} INFO - Setting next_dagrun for elt_pipeline to 2026-05-05 00:00:00+00:00, run_after=2026-05-06 00:00:00+00:00
[2026-05-06T08:34:59.702+0000] {processor.py:183} INFO - Processing /opt/airflow/dags/elt_pipeline.py took 0.269 seconds
[2026-05-06T08:35:29.970+0000] {processor.py:161} INFO - Started process (PID=192) to work on /opt/airflow/dags/elt_pipeline.py
[2026-05-06T08:35:29.971+0000] {processor.py:830} INFO - Processing file /opt/airflow/dags/elt_pipeline.py for tasks to queue
[2026-05-06T08:35:29.973+0000] {logging_mixin.py:188} INFO - [2026-05-06T08:35:29.972+0000] {dagbag.py:545} INFO - Filling up the DagBag from /opt/airflow/dags/elt_pipeline.py
[2026-05-06T08:35:29.996+0000] {processor.py:840} INFO - DAG(s) 'elt_pipeline' retrieved from /opt/airflow/dags/elt_pipeline.py
[2026-05-06T08:35:30.028+0000] {logging_mixin.py:188} INFO - [2026-05-06T08:35:30.028+0000] {dag.py:3096} INFO - Sync 1 DAGs
[2026-05-06T08:35:30.050+0000] {logging_mixin.py:188} INFO - [2026-05-06T08:35:30.050+0000] {dag.py:3954} INFO - Setting next_dagrun for elt_pipeline to 2026-05-05 00:00:00+00:00, run_after=2026-05-06 00:00:00+00:00
[2026-05-06T08:35:30.076+0000] {processor.py:183} INFO - Processing /opt/airflow/dags/elt_pipeline.py took 0.111 seconds
[2026-05-06T08:36:00.244+0000] {processor.py:161} INFO - Started process (PID=204) to work on /opt/airflow/dags/elt_pipeline.py
[2026-05-06T08:36:00.245+0000] {processor.py:830} INFO - Processing file /opt/airflow/dags/elt_pipeline.py for tasks to queue
[2026-05-06T08:36:00.246+0000] {logging_mixin.py:188} INFO - [2026-05-06T08:36:00.246+0000] {dagbag.py:545} INFO - Filling up the DagBag from /opt/airflow/dags/elt_pipeline.py
[2026-05-06T08:36:00.271+0000] {processor.py:840} INFO - DAG(s) 'elt_pipeline' retrieved from /opt/airflow/dags/elt_pipeline.py
[2026-05-06T08:36:00.306+0000] {logging_mixin.py:188} INFO - [2026-05-06T08:36:00.306+0000] {dag.py:3096} INFO - Sync 1 DAGs
[2026-05-06T08:36:00.326+0000] {logging_mixin.py:188} INFO - [2026-05-06T08:36:00.325+0000] {dag.py:3954} INFO - Setting next_dagrun for elt_pipeline to 2026-05-05 00:00:00+00:00, run_after=2026-05-06 00:00:00+00:00
[2026-05-06T08:36:00.348+0000] {processor.py:183} INFO - Processing /opt/airflow/dags/elt_pipeline.py took 0.109 seconds
[2026-05-06T08:36:30.547+0000] {processor.py:161} INFO - Started process (PID=216) to work on /opt/airflow/dags/elt_pipeline.py
[2026-05-06T08:36:30.547+0000] {processor.py:830} INFO - Processing file /opt/airflow/dags/elt_pipeline.py for tasks to queue
[2026-05-06T08:36:30.549+0000] {logging_mixin.py:188} INFO - [2026-05-06T08:36:30.549+0000] {dagbag.py:545} INFO - Filling up the DagBag from /opt/airflow/dags/elt_pipeline.py
[2026-05-06T08:36:30.569+0000] {processor.py:840} INFO - DAG(s) 'elt_pipeline' retrieved from /opt/airflow/dags/elt_pipeline.py
[2026-05-06T08:36:30.597+0000] {logging_mixin.py:188} INFO - [2026-05-06T08:36:30.597+0000] {dag.py:3096} INFO - Sync 1 DAGs
[2026-05-06T08:36:30.621+0000] {logging_mixin.py:188} INFO - [2026-05-06T08:36:30.621+0000] {dag.py:3954} INFO - Setting next_dagrun for elt_pipeline to 2026-05-05 00:00:00+00:00, run_after=2026-05-06 00:00:00+00:00
[2026-05-06T08:36:30.765+0000] {processor.py:183} INFO - Processing /opt/airflow/dags/elt_pipeline.py took 0.224 seconds
